,,,,,,,,,,,,,,,,,,,,,,,,,,BlackRock Short Maturity Bond ETF
BLK CSH FND TREASURY SL AGENCY,Cash and/or Derivatives,Money Market,"178,270,000.00",3.7,"178,270,000.00","178,270,000.00",066922477,US0669224778,6922477,1.0,United States,-,USD,0.07,0.07,1.0,-,0.1,0.1,-,0.07,0.1,0.07,USD,-,"Feb 04, 2009"
TRI-PARTY GOLDMAN SACHS & CO. LLC,Cash and/or Derivatives,Cash,"125,000,000.00",2.59,"125,000,000.00","125,000,000.00",-,-,-,100.0,United States,-,USD,0.01,0.59,1.0,-,0.57,0.01,-,0.59,0.01,0.59,USD,"Apr 15, 2021","Apr 15, 2021"
CHARTER COMMUNICATIONS OPERATING L,Industrial,Fixed Income,"76,717,203.56",1.59,"76,717,203.56","74,155,000.00",161175BB9,US161175BB96,BDFF420,101.5,United States,-,USD,0.38,1.77,1.0,"Jul 23, 2022",4.46,0.55,-,0.66,0.38,0.66,USD,"Jul 23, 2016","Dec 01, 2016"
BANK OF AMERICA CORP,Financial Institutions,Fixed Income,"60,260,721.03",1.25,"60,260,721.03","58,985,000.00",06051GHC6,US06051GHC69,BG37Y96,102.07,United States,-,USD,0.98,0.93,1.0,"Dec 20, 2023",3.0,0.95,-,0.85,0.96,0.85,USD,"Dec 20, 2017","May 22, 2018"
FORDF_19-3 A2,ABS,Fixed Income,"59,486,935.34",1.23,"59,486,935.34","59,321,000.00",34528QHB3,US34528QHB32,-,100.25,United States,-,USD,0.05,0.36,1.0,"Sep 15, 2024",0.71,0.05,-,0.36,0.05,0.36,USD,"Sep 20, 2019","Sep 20, 2019"
ABBVIE INC,Industrial,Fixed Income,"51,149,527.78",1.06,"51,149,527.78","50,000,000.00",00287YAL3,US00287YAL39,BD035B5,101.86,United States,-,USD,0.84,0.70,1.0,"Nov 06, 2022",2.9,0.84,-,0.70,0.84,0.70,USD,"May 06, 2013","Aug 05, 2013"
VOLKSWAGEN GROUP OF AMERICA FINANC 144A,Industrial,Fixed Income,"44,373,100.39",0.92,"44,373,100.39","44,345,000.00",928668BG6,US928668BG63,-,99.98,Germany,-,USD,0.89,0.77,1.0,"Nov 23, 2022",0.75,0.89,-,0.77,0.89,0.77,USD,"Nov 24, 2020","Nov 24, 2020"
WILLIAMS COMPANIES INC,Industrial,Fixed Income,"44,179,308.18",0.92,"44,179,308.18","43,674,000.00",96949LAA3,US96949LAA35,BW3SWT7,100.1,United States,-,USD,0.08,3.09,1.0,"Mar 15, 2022",3.6,0.2,-,2.29,0.08,2.29,USD,"Mar 03, 2015","Mar 03, 2015"
HUMANA INC,Financial Institutions,Fixed Income,"43,012,171.78",0.89,"43,012,171.78","43,100,000.00",444859BP6,US444859BP69,-,99.53,United States,-,USD,1.34,0.95,1.0,"Aug 03, 2023",0.65,1.57,-,0.95,1.57,0.95,USD,"Aug 03, 2021","Aug 03, 2021"
BARCLAYS PLC 6NC5 FRN,Financial Institutions,Fixed Income,"41,616,588.75",0.86,"41,616,588.75","41,000,000.00",06738EBC8,US06738EBC84,BDTMRZ1,101.31,United Kingdom,-,USD,0.14,1.05,1.0,"May 16, 2024",1.53,0.12,-,0.64,0.13,0.64,USD,"May 16, 2018","May 16, 2018"
CCCIT_17-A5 A5,ABS,Fixed Income,"40,954,924.48",0.85,"40,954,924.48","40,505,000.00",17305EGD1,US17305EGD13,-,101.09,United States,-,USD,0.08,0.26,1.0,"Apr 22, 2026",0.72,0.06,-,0.26,0.06,0.26,USD,"May 02, 2017","May 02, 2017"
PFSFC_19-A A1 144A,ABS,Fixed Income,"40,051,276.89",0.83,"40,051,276.89","40,000,000.00",69335PDD4,US69335PDD42,-,100.1,United States,-,USD,0.08,0.24,1.0,"Apr 15, 2024",0.66,0.05,-,0.24,0.05,0.24,USD,"Apr 17, 2019","Apr 17, 2019"
VOLKSWAGEN GROUP OF AMERICA FINANC 144A,Industrial,Fixed Income,"35,895,127.31",0.74,"35,895,127.31","35,500,000.00",928668BC5,US928668BC59,-,100.73,Germany,-,USD,0.36,0.91,1.0,"May 13, 2022",2.9,0.37,-,0.91,0.37,0.91,USD,"May 13, 2020","May 13, 2020"
AERCAP IRELAND CAPITAL DAC,Financial Institutions,Fixed Income,"34,925,819.44",0.72,"34,925,819.44","35,000,000.00",00774MAT2,US00774MAT27,-,99.59,Ireland,-,USD,1.81,1.38,1.0,"Oct 29, 2023",1.15,1.8,-,1.38,1.8,1.38,USD,"Oct 29, 2021","Oct 29, 2021"
ABBVIE INC,Industrial,Fixed Income,"34,889,792.50",0.72,"34,889,792.50","34,500,000.00",00287YCS6,US00287YCS63,-,100.11,United States,-,USD,0.04,2.86,1.0,"Mar 15, 2022",3.45,0.2,-,0.48,0.04,0.48,USD,"Sep 15, 2020","Nov 19, 2020"
CHARLES SCHWAB CORPORATION (THE),Financial Institutions,Fixed Income,"34,546,498.34",0.72,"34,546,498.34","34,500,000.00",808513BM6,US808513BM66,-,100.12,United States,-,USD,0.03,0.53,1.0,"Mar 18, 2024",0.05,0.21,-,0.53,0.21,0.53,USD,"Mar 18, 2021","Mar 18, 2021"
CITIGROUP INC,Financial Institutions,Fixed Income,"34,495,266.00",0.72,"34,495,266.00","33,800,000.00",172967LQ2,US172967LQ21,BYWG519,101.58,United States,-,USD,0.73,0.77,1.0,"Oct 27, 2022",2.7,0.81,-,0.56,0.73,0.56,USD,"Oct 27, 2017","Oct 27, 2017"
CVS HEALTH CORP,Industrial,Fixed Income,"34,286,280.35",0.71,"34,286,280.35","33,390,000.00",126650CK4,US126650CK42,BYPFCL2,101.12,United States,-,USD,0.38,1.46,1.0,"Jul 20, 2022",3.5,0.54,-,0.60,0.38,0.60,USD,"Jul 20, 2015","Jul 20, 2015"
7-ELEVEN INC 144A,Industrial,Fixed Income,"33,946,889.17",0.7,"33,946,889.17","34,000,000.00",817826AA8,US817826AA80,-,99.6,Japan,-,USD,1.02,0.99,1.0,"Feb 10, 2023",0.63,1.1,-,0.99,1.1,0.99,USD,"Feb 10, 2021","Feb 10, 2021"
VMWARE INC,Industrial,Fixed Income,"33,862,073.33",0.7,"33,862,073.33","34,000,000.00",928563AG0,US928563AG03,-,99.35,United States,-,USD,1.61,1.01,1.0,"Aug 15, 2023",0.6,1.6,-,1.01,1.6,1.01,USD,"Aug 02, 2021","Aug 02, 2021"
BAYER US FINANCE II LLC 144A,Industrial,Fixed Income,"32,709,264.25",0.68,"32,709,264.25","32,500,000.00",07274NAG8,US07274NAG88,BZ97W99,100.59,Germany,-,USD,0.21,0.93,1.0,"Dec 15, 2023",1.21,0.2,-,0.92,0.2,0.92,USD,"Jun 25, 2018","Jun 25, 2018"
FIDELITY NATIONAL INFORMATION SERV,Industrial,Fixed Income,"32,522,718.06",0.67,"32,522,718.06","32,634,000.00",31620MBP0,US31620MBP05,-,99.53,United States,-,USD,1.16,0.78,1.0,"Mar 01, 2023",0.38,1.16,-,0.78,1.16,0.78,USD,"Mar 02, 2021","Mar 02, 2021"
LLOYDS BANKING GROUP PLC,Financial Institutions,Fixed Income,"32,387,086.22",0.67,"32,387,086.22","32,000,000.00",53944YAK9,US53944YAK91,BJ7WLW0,100.38,United Kingdom,-,USD,0.23,1.38,1.0,"Mar 17, 2023",2.86,0.2,-,1.03,0.21,1.03,USD,"Sep 17, 2019","Sep 17, 2019"
BANK OF AMERICA CORP MTN,Financial Institutions,Fixed Income,"31,241,066.67",0.65,"31,241,066.67","30,000,000.00",06051GHF9,US06051GHF90,BFN8M10,102.99,United States,-,USD,1.16,0.99,1.0,"Mar 05, 2024",3.55,2.09,-,0.99,1.15,0.99,USD,"Mar 05, 2018","Mar 05, 2018"
JPMORGAN CHASE & CO 6NC5 FXD-TO-FR,Financial Institutions,Fixed Income,"30,796,803.64",0.64,"30,796,803.64","29,600,000.00",46647PAP1,US46647PAP18,BFZP532,103.37,United States,-,USD,1.3,0.95,1.0,"Apr 23, 2024",3.56,1.27,-,0.95,1.28,0.95,USD,"Apr 23, 2018","Apr 23, 2018"
SUMITOMO MITSUI BANKING CORP (NEW,Cash and/or Derivatives,Cash,"30,140,096.07",0.63,"30,140,096.07","30,000,000.00",86565CLC1,US86565CLC19,-,100.14,United States,-,USD,0.53,0.43,1.0,"Jul 15, 2022",0.7,0.54,-,0.43,0.54,0.43,USD,"Jul 16, 2020","Jul 16, 2020"
CITIZENS BANK NA MTN,Financial Institutions,Fixed Income,"30,040,910.00",0.62,"30,040,910.00","30,000,000.00",17401QAT8,US17401QAT85,BJ5CNP9,100.02,United States,-,USD,0.09,0.70,1.0,"Feb 14, 2022",0.88,0.12,-,0.61,0.08,0.61,USD,"Feb 14, 2019","Feb 14, 2019"
GOLDMAN SACHS GROUP INC/THE FXD,Financial Institutions,Fixed Income,"28,956,254.99",0.6,"28,956,254.99","28,860,000.00",38141GZE7,US38141GZE78,-,100.25,United States,-,USD,1.46,1.09,1.0,"Dec 06, 2023",1.22,1.9,-,0.95,0.92,0.95,USD,"Dec 06, 2021","Dec 06, 2021"
AIR LEASE CORPORATION MTN,Financial Institutions,Fixed Income,"28,602,450.07",0.59,"28,602,450.07","28,600,000.00",00914AAN2,US00914AAN28,-,99.98,United States,-,USD,0.2,0.58,1.0,"Dec 15, 2022",0.55,0.2,-,0.58,0.2,0.58,USD,"Jun 04, 2021","Jun 04, 2021"
ANTHEM INC,Financial Institutions,Fixed Income,"27,991,109.66",0.58,"27,991,109.66","27,616,000.00",94973VAX5,US94973VAX55,B87XCR8,100.96,United States,-,USD,0.37,0.54,1.0,"May 15, 2022",3.13,0.37,-,0.54,0.37,0.54,USD,"May 07, 2012","May 07, 2012"
CANADIAN IMPERIAL BANK OF COMMERCE,Financial Institutions,Fixed Income,"27,296,227.50",0.57,"27,296,227.50","27,480,000.00",13607HVC3,US13607HVC32,-,99.32,Canada,-,USD,1.47,0.92,1.0,"Jun 22, 2023",0.45,1.46,-,0.92,1.46,0.92,USD,"Jun 22, 2021","Jun 22, 2021"
NEXTERA ENERGY CAPITAL HOLDINGS IN,Utility,Fixed Income,"26,915,332.67",0.56,"26,915,332.67","26,954,000.00",65339KBT6,US65339KBT60,-,99.81,United States,-,USD,0.15,0.65,1.0,"Feb 22, 2023",0.43,0.14,-,0.65,0.08,0.65,USD,"Feb 22, 2021","Feb 22, 2021"
FORDF_19-1 A,ABS,Fixed Income,"26,718,574.50",0.55,"26,718,574.50","26,550,000.00",34528QGS7,US34528QGS75,-,100.51,United States,-,USD,0.3,-0.08,1.0,"Mar 15, 2024",2.84,0.31,-,-0.08,0.31,-0.08,USD,"Apr 09, 2019","Apr 09, 2019"
GOLDMAN SACHS GROUP INC/THE,Financial Institutions,Fixed Income,"26,381,720.93",0.55,"26,381,720.93","26,400,000.00",38141GXP4,US38141GXP44,-,99.72,United States,-,USD,0.96,0.74,1.0,"Jan 27, 2023",0.48,1.06,-,0.74,1.06,0.74,USD,"Jan 27, 2021","Jan 27, 2021"
FISERV INC,Industrial,Fixed Income,"26,262,444.00",0.54,"26,262,444.00","25,675,000.00",337738AM0,US337738AM09,B88P0T1,101.41,United States,-,USD,0.49,1.59,1.0,"Oct 01, 2022",3.5,0.74,-,0.66,0.49,0.66,USD,"Sep 25, 2012","Sep 25, 2012"
SOUTHERN CALIFORNIA EDISON COMPANY,Utility,Fixed Income,"26,204,576.00",0.54,"26,204,576.00","26,240,000.00",842400GZ0,US842400GZ04,-,99.69,United States,-,USD,1.25,0.95,1.0,"Apr 03, 2023",0.7,1.24,-,0.95,1.24,0.95,USD,"Apr 01, 2021","Apr 01, 2021"
MORGAN STANLEY,Financial Institutions,Fixed Income,"26,192,375.00",0.54,"26,192,375.00","25,000,000.00",61746BDJ2,US61746BDJ26,B98DXJ3,103.46,United States,-,USD,1.13,0.73,1.0,"Feb 25, 2023",3.75,1.12,-,0.73,1.12,0.73,USD,"Feb 25, 2013","Feb 25, 2013"
ALLY FINANCIAL INC,Financial Institutions,Fixed Income,"25,883,627.40",0.54,"25,883,627.40","25,385,000.00",02005NAY6,US02005NAY67,BVGBM30,100.38,United States,-,USD,0.12,0.83,1.0,"Feb 13, 2022",4.13,0.12,-,0.83,0.12,0.83,USD,"Feb 13, 2015","Feb 13, 2015"
GILEAD SCIENCES INC,Industrial,Fixed Income,"25,363,127.49",0.53,"25,363,127.49","25,438,000.00",375558BW2,US375558BW29,-,99.51,United States,-,USD,1.44,1.03,1.0,"Sep 29, 2023",0.75,1.72,-,1.03,1.72,1.03,USD,"Sep 30, 2020","Sep 30, 2020"
SHIRE ACQUISITIONS INVESTMENTS IRE,Industrial,Fixed Income,"25,280,507.89",0.52,"25,280,507.89","24,400,000.00",82481LAC3,US82481LAC37,BYVWGJ3,102.83,United Kingdom,-,USD,1.54,1.22,1.0,"Sep 23, 2023",2.88,1.68,-,1.05,1.52,1.05,USD,"Sep 23, 2016","Sep 23, 2016"
MIZUHO FINANCIAL GROUP INC,Financial Institutions,Fixed Income,"25,100,133.50",0.52,"25,100,133.50","25,000,000.00",60687YBB4,US60687YBB48,BKV8HT0,100.35,Japan,-,USD,0.2,0.87,1.0,"Sep 13, 2023",1.05,0.19,-,0.58,0.2,0.58,USD,"Sep 13, 2019","Sep 13, 2019"
CIGNA CORP,Cash and/or Derivatives,Cash,"24,985,004.18",0.52,"24,985,004.18","25,000,000.00",12553YBU4,-,-,99.94,United States,-,USD,0.16,0.37,1.0,"Feb 28, 2022",0.0,0.16,-,0.37,0.16,0.37,USD,"Nov 30, 2021","Nov 30, 2021"
GOLDMAN SACHS GROUP INC/THE,Financial Institutions,Fixed Income,"24,968,790.97",0.52,"24,968,790.97","25,000,000.00",38141GXY5,US38141GXY50,-,99.71,United States,-,USD,1.08,0.77,1.0,"Mar 08, 2023",0.52,1.18,-,0.77,1.18,0.77,USD,"Mar 08, 2021","Mar 08, 2021"
ENEL FINANCE AMERICA LLC,Cash and/or Derivatives,Cash,"24,966,400.00",0.52,"24,966,400.00","25,000,000.00",29279HDN2,-,-,99.87,United States,-,USD,0.31,0.43,1.0,"Apr 22, 2022",0.0,0.31,-,0.43,0.31,0.43,USD,"Apr 20, 2021","Apr 20, 2021"
CREDIT SUISSE AG (NEW YORK BRANCH),Financial Institutions,Fixed Income,"24,887,277.78",0.52,"24,887,277.78","25,000,000.00",22550L2F7,US22550L2F72,-,99.34,Switzerland,-,USD,1.59,0.93,1.0,"Aug 09, 2023",0.52,1.59,-,0.93,1.59,0.93,USD,"Aug 09, 2021","Aug 09, 2021"
NEXTERA ENERGY CAPITAL HOLDINGS IN,Utility,Fixed Income,"24,677,318.77",0.51,"24,677,318.77","24,670,000.00",65339KBU3,US65339KBU34,-,99.81,United States,-,USD,1.16,0.81,1.0,"Mar 01, 2023",0.65,1.16,-,0.81,1.16,0.81,USD,"Mar 17, 2021","Mar 17, 2021"
DAIMLER FINANCE NORTH AMERICA LLC 144A,Industrial,Fixed Income,"24,674,862.58",0.51,"24,674,862.58","24,623,000.00",233851DQ4,US233851DQ46,BGR8CS0,100.1,Germany,-,USD,0.15,0.37,1.0,"Feb 22, 2022",1.04,0.15,-,0.37,0.15,0.37,USD,"Feb 22, 2019","Feb 22, 2019"
CAPITAL ONE FINANCIAL CORPORATION,Financial Institutions,Fixed Income,"24,669,531.08",0.51,"24,669,531.08","24,635,000.00",14040HBM6,US14040HBM60,BYXBL15,100.07,United States,-,USD,0.11,0.78,1.0,"Mar 09, 2022",1.15,0.19,-,0.52,0.11,0.52,USD,"Mar 09, 2017","Mar 09, 2017"
DANSKE BANK A/S MTN 144A,Financial Institutions,Fixed Income,"24,467,453.68",0.51,"24,467,453.68","23,888,000.00",23636AAS0,US23636AAS06,-,100.09,Denmark,-,USD,0.03,2.18,1.0,"Jan 12, 2022",5.0,0.03,-,2.18,0.03,2.18,USD,"Jan 16, 2019","Jan 16, 2019"
BANK OF AMERICA CORP MTN,Financial Institutions,Fixed Income,"24,375,157.47",0.51,"24,375,157.47","24,300,000.00",06051GGH6,US06051GGH65,BYM40Y1,100.05,United States,-,USD,0.05,1.34,1.0,"Jan 20, 2023",1.29,0.05,-,0.37,0.06,0.37,USD,"Jan 20, 2017","Jan 20, 2017"
NEXTERA ENERGY CAPITAL HOLDINGS IN,Utility,Fixed Income,"24,272,628.89",0.5,"24,272,628.89","24,300,000.00",65339KBX7,US65339KBX72,-,99.88,United States,-,USD,0.0,0.55,1.0,"Nov 03, 2023",0.05,0.09,-,0.55,0.09,0.55,USD,"Nov 03, 2021","Nov 03, 2021"
MORGAN STANLEY MTN,Financial Institutions,Fixed Income,"23,972,694.81",0.5,"23,972,694.81","23,700,000.00",61746BEC6,US61746BEC63,BYQ74P5,100.87,United States,-,USD,0.07,1.14,1.0,"Oct 24, 2023",1.52,0.06,-,0.55,0.06,0.55,USD,"Oct 24, 2016","Oct 24, 2016"
NMOTR_19-A A,ABS,Fixed Income,"23,968,725.71",0.5,"23,968,725.71","23,950,000.00",65474VAQ4,US65474VAQ41,-,100.05,United States,-,USD,0.05,0.27,1.0,"Feb 15, 2024",0.67,0.05,-,0.27,0.05,0.27,USD,"Mar 13, 2019","Mar 13, 2019"
ORACLE CORPORATION,Industrial,Fixed Income,"23,893,124.80",0.5,"23,893,124.80","23,441,000.00",68389XAP0,US68389XAP06,B84CSM5,101.4,United States,-,USD,0.79,0.72,1.0,"Oct 15, 2022",2.5,0.78,-,0.72,0.78,0.72,USD,"Oct 25, 2012","Oct 25, 2012"
AMERICAN EXPRESS COMPANY,Financial Institutions,Fixed Income,"23,291,629.35",0.48,"23,291,629.35","22,382,000.00",025816BS7,US025816BS73,BFXCMK1,102.89,United States,-,USD,1.05,0.88,1.0,"Feb 27, 2023",3.4,1.13,-,0.69,1.04,0.69,USD,"Feb 27, 2018","Feb 27, 2018"
BARCLAYS BANK PLC (NEW YORK BRANCH,Cash and/or Derivatives,Cash,"23,075,227.87",0.48,"23,075,227.87","23,000,000.00",06742TWB8,-,-,100.02,United States,-,USD,0.09,0.12,1.0,"Feb 01, 2022",0.33,0.09,-,0.12,0.09,0.12,USD,"Jan 29, 2021","Jan 29, 2021"
ELM10_21-3A A 144A,ABS,Fixed Income,"23,054,752.27",0.48,"23,054,752.27","23,000,000.00",29002VAA6,US29002VAA61,-,99.85,United States,-,USD,0.06,1.30,1.0,"Oct 20, 2034",1.16,0.04,-,1.30,0.04,1.30,USD,"Sep 02, 2021","Sep 02, 2021"
INTERNATIONAL LEASE FINANCE CORP,Financial Institutions,Fixed Income,"22,982,258.50",0.48,"22,982,258.50","21,825,000.00",459745GN9,US459745GN96,B8NWVB6,103.08,United States,-,USD,0.61,0.89,1.0,"Aug 15, 2022",5.88,0.61,-,0.89,0.61,0.89,USD,"Aug 21, 2012","Aug 21, 2012"
BX_18-BIOA A 144A,CMBS,Fixed Income,"22,439,420.73",0.47,"22,439,420.73","22,445,492.00",056057AA0,US056057AA02,-,99.94,United States,-,USD,0.05,0.95,1.0,"Mar 15, 2037",0.78,3.19,-,0.95,3.19,0.95,USD,"Mar 15, 2018","Mar 15, 2018"
ABBVIE INC,Industrial,Fixed Income,"22,291,787.28",0.46,"22,291,787.28","21,924,000.00",00287YBM0,US00287YBM03,BK76XL2,101.42,United States,-,USD,0.88,0.69,1.0,"Nov 21, 2022",2.3,0.88,-,0.69,0.88,0.69,USD,"May 21, 2020","Nov 19, 2020"
BMW US CAPITAL LLC 144A,Industrial,Fixed Income,"22,255,673.48",0.46,"22,255,673.48","22,230,000.00",05565EBV6,US05565EBV65,-,100.06,Germany,-,USD,0.01,0.44,1.0,"Aug 12, 2024",0.05,0.11,-,0.44,0.11,0.44,USD,"Aug 12, 2021","Aug 12, 2021"
AT&T INC,Industrial,Fixed Income,"22,007,406.67",0.46,"22,007,406.67","22,000,000.00",00206RMH2,US00206RMH20,-,100.03,United States,-,USD,0.01,0.72,1.0,"Mar 25, 2024",0.05,0.23,-,0.61,0.23,0.61,USD,"Mar 23, 2021","Mar 23, 2021"
AERCAP IRELAND CAPITAL LTD / AERCA,Financial Institutions,Fixed Income,"21,364,587.50",0.44,"21,364,587.50","20,500,000.00",00772BAP6,US00772BAP67,BYRY4T9,101.91,Ireland,-,USD,0.49,0.80,1.0,"Jul 01, 2022",4.63,0.49,-,0.80,0.49,0.80,USD,"Jun 25, 2015","Jun 25, 2015"
RNBAI_1 A RegS,ABS,Fixed Income,"21,293,299.17",0.44,"21,293,299.17","18,626,456.00",-,IT0005459729,-,114.32,Italy,-,USD,0.15,-0.18,0.88,"Dec 28, 2031",0.08,0.07,-,-0.18,0.07,-0.18,EUR,"Nov 05, 2021","Nov 05, 2021"
TAKEDA PHARMACEUTICAL CO LTD,Industrial,Fixed Income,"21,252,155.56",0.44,"21,252,155.56","20,000,000.00",874060AT3,US874060AT36,-,105.83,Japan,-,USD,1.76,1.29,1.0,"Nov 26, 2023",4.4,1.83,-,1.15,1.75,1.15,USD,"Nov 26, 2019","Dec 17, 2019"
NATWEST GROUP PLC,Financial Institutions,Fixed Income,"21,090,852.78",0.44,"21,090,852.78","20,000,000.00",780097BD2,US780097BD21,BYYPY40,104.28,United Kingdom,-,USD,1.64,1.32,1.0,"Sep 12, 2023",3.88,1.63,-,1.32,1.63,1.32,USD,"Sep 12, 2016","Sep 12, 2016"
BANCO SANTANDER SA,Financial Institutions,Fixed Income,"21,084,248.00",0.44,"21,084,248.00","21,200,000.00",05971KAK5,US05971KAK51,-,99.45,Spain,-,USD,1.49,0.98,1.0,"Jun 30, 2024",0.7,1.48,-,0.98,1.49,0.98,USD,"Jun 30, 2021","Jun 30, 2021"
AVIATION CAPITAL GROUP LLC 144A,Financial Institutions,Fixed Income,"20,980,143.07",0.44,"20,980,143.07","20,240,000.00",05369AAC5,US05369AAC53,BDRJWJ3,103.01,United States,-,USD,1.22,1.58,1.0,"May 01, 2023",3.88,1.3,-,1.44,1.22,1.44,USD,"May 01, 2018","May 01, 2018"
ENI FINANCE USA INC,Cash and/or Derivatives,Cash,"20,977,588.93",0.44,"20,977,588.93","21,000,000.00",26876BDD0,-,-,99.89,United States,-,USD,0.28,0.37,1.0,"Apr 13, 2022",0.0,0.29,-,0.37,0.29,0.37,USD,"Apr 14, 2021","Apr 14, 2021"
MIZUHO FINANCIAL GROUP INC,Financial Institutions,Fixed Income,"20,844,713.33",0.43,"20,844,713.33","20,000,000.00",60687YAP4,US60687YAP43,BFX05C8,103.08,Japan,-,USD,1.15,0.91,1.0,"Mar 05, 2023",3.55,1.15,-,0.91,1.15,0.91,USD,"Mar 05, 2018","Mar 05, 2018"
CIGNA CORP,Industrial,Fixed Income,"20,372,257.94",0.42,"20,372,257.94","19,937,000.00",125523BT6,US125523BT66,-,101.93,United States,-,USD,0.91,0.93,1.0,"Nov 30, 2022",3.05,0.91,-,0.72,0.82,0.72,USD,"May 30, 2020","Jul 13, 2020"
BANQUE FEDERATIVE DU CREDIT MUTUEL 144A,Financial Institutions,Fixed Income,"20,312,654.87",0.42,"20,312,654.87","20,000,000.00",06675FAS6,US06675FAS65,-,101.33,France,-,USD,0.88,0.62,1.0,"Nov 21, 2022",2.13,0.88,-,0.62,0.88,0.62,USD,"Nov 21, 2019","Nov 21, 2019"
UBS GROUP AG 144A,Financial Institutions,Fixed Income,"20,278,159.44",0.42,"20,278,159.44","20,000,000.00",90352JAA1,US90352JAA16,BF083Y3,101.03,Switzerland,-,USD,0.39,2.75,1.0,"May 23, 2023",3.49,1.35,-,0.88,0.4,0.88,USD,"Mar 23, 2017","Mar 23, 2017"
RYDER SYSTEM INC MTN,Industrial,Fixed Income,"20,200,316.67",0.42,"20,200,316.67","20,000,000.00",78355HKM0,US78355HKM06,BK9TL04,100.76,United States,-,USD,0.33,1.04,1.0,"Jun 01, 2022",2.88,0.41,-,0.58,0.34,0.58,USD,"May 22, 2019","May 22, 2019"
RYDER SYSTEM INC MTN,Industrial,Fixed Income,"20,199,908.06",0.42,"20,199,908.06","19,000,000.00",78355HKL2,US78355HKL23,BJLFNX0,105.27,United States,-,USD,2.05,1.23,1.0,"Mar 18, 2024",3.65,2.12,-,1.14,2.04,1.14,USD,"Feb 27, 2019","Feb 27, 2019"
DAIMLER FINANCE NORTH AMERICA LLC 144A,Industrial,Fixed Income,"20,116,913.25",0.42,"20,116,913.25","19,691,000.00",233851DU5,US233851DU57,BKFV9P5,101.2,Germany,-,USD,0.61,0.61,1.0,"Aug 15, 2022",2.55,0.61,-,0.61,0.61,0.61,USD,"Aug 15, 2019","Aug 15, 2019"
UBS GROUP AG 144A,Financial Institutions,Fixed Income,"20,103,617.78",0.42,"20,103,617.78","20,000,000.00",90352JAB9,US90352JAB98,BDZWFF1,100.37,Switzerland,-,USD,0.15,1.17,1.0,"May 23, 2023",1.38,0.14,-,0.47,0.15,0.47,USD,"Mar 23, 2017","Mar 23, 2017"
BARCLAYS PLC (FRN),Financial Institutions,Fixed Income,"20,066,931.11",0.42,"20,066,931.11","20,000,000.00",06738EBF1,US06738EBF16,BH3ZH87,100.13,United Kingdom,-,USD,0.13,1.55,1.0,"Feb 15, 2023",1.59,0.12,-,0.55,0.13,0.55,USD,"Nov 15, 2018","Nov 15, 2018"
FEDERATION DES CAISSES DESJARDINS MTN 144A,Financial Institutions,Fixed Income,"20,027,994.74",0.42,"20,027,994.74","20,000,000.00",31429KAF0,US31429KAF03,-,100.09,Canada,-,USD,0.03,0.48,1.0,"May 21, 2024",0.05,0.14,-,0.48,0.14,0.48,USD,"May 21, 2021","May 21, 2021"
CREDIT SUISSE GROUP FUNDING GUERNS,Financial Institutions,Fixed Income,"20,014,285.87",0.42,"20,014,285.87","19,380,000.00",225433AH4,US225433AH43,BYVXP44,102.15,Switzerland,-,USD,0.7,0.73,1.0,"Sep 15, 2022",3.8,0.69,-,0.73,0.69,0.73,USD,"Sep 15, 2015","Jan 14, 2016"
ONE GAS INC,Utility,Fixed Income,"20,008,944.44",0.42,"20,008,944.44","20,000,000.00",68235PAJ7,US68235PAJ75,-,99.78,United States,-,USD,0.94,1.03,1.0,"Mar 11, 2023",0.85,1.18,-,1.03,1.18,1.03,USD,"Mar 11, 2021","Mar 11, 2021"
ENEL FINANCE AMERICA LLC,Cash and/or Derivatives,Cash,"19,990,460.00",0.41,"19,990,460.00","20,000,000.00",29279HBN4,-,-,99.95,United States,-,USD,0.15,0.32,1.0,"Feb 22, 2022",0.0,0.14,-,0.32,0.14,0.32,USD,"Feb 19, 2021","Feb 19, 2021"
MORGAN STANLEY,Financial Institutions,Fixed Income,"19,979,046.67",0.41,"19,979,046.67","20,000,000.00",6174468W2,US6174468W28,-,99.67,United States,-,USD,1.04,0.70,1.0,"Jan 25, 2024",0.53,1.06,-,0.70,1.06,0.70,USD,"Jan 25, 2021","Jan 25, 2021"
GENERAL MOTORS FINANCIAL CO INC,Industrial,Fixed Income,"19,963,916.67",0.41,"19,963,916.67","20,000,000.00",37045XDG8,US37045XDG88,-,99.49,United States,-,USD,2.15,1.29,1.0,"Mar 08, 2024",1.05,2.15,-,1.29,2.15,1.29,USD,"Apr 09, 2021","Apr 09, 2021"
ENEL FINANCE AMERICA LLC,Cash and/or Derivatives,Cash,"19,944,875.00",0.41,"19,944,875.00","20,000,000.00",29279HG82,-,-,99.72,United States,-,USD,0.52,0.53,1.0,"Jul 08, 2022",0.0,0.52,-,0.53,0.52,0.53,USD,"Jul 07, 2021","Jul 07, 2021"
SDART_21-1 A3,ABS,Fixed Income,"19,871,878.16",0.41,"19,871,878.16","19,870,000.00",80286NAD8,US80286NAD84,-,100.0,United States,-,USD,0.65,0.34,1.0,"Sep 16, 2024",0.32,0.65,-,0.34,0.65,0.34,USD,"Feb 17, 2021","Feb 17, 2021"
GENERAL MOTORS FINANCIAL CO INC,Industrial,Fixed Income,"19,406,064.00",0.4,"19,406,064.00","19,200,000.00",37045XAW6,US37045XAW65,BYVDTM0,100.3,United States,-,USD,0.11,2.34,1.0,"Apr 10, 2022",3.45,0.27,-,0.68,0.11,0.68,USD,"Apr 10, 2015","Apr 10, 2015"
PHILLIPS 66,Industrial,Fixed Income,"19,342,382.00",0.4,"19,342,382.00","19,400,000.00",718546AY0,US718546AY08,-,99.36,United States,-,USD,1.7,1.20,1.0,"Feb 15, 2024",0.9,2.09,-,1.20,2.09,1.20,USD,"Nov 18, 2020","Nov 18, 2020"
BAMLL_18-DSNY A 144A,CMBS,Fixed Income,"19,201,953.70",0.4,"19,201,953.70","19,220,000.00",054967AA2,US054967AA22,-,99.86,United States,-,USD,0.05,1.10,1.0,"Sep 15, 2034",0.96,2.7,-,1.10,2.7,1.10,USD,"Nov 06, 2018","Nov 06, 2018"
MSC_18-SUN A 144A,CMBS,Fixed Income,"19,017,439.56",0.39,"19,017,439.56","19,045,000.00",61691MAA5,US61691MAA53,-,99.81,United States,-,USD,0.04,1.20,1.0,"Jul 15, 2035",1.01,3.5,-,1.20,3.5,1.20,USD,"Aug 02, 2018","Aug 02, 2018"
USD CASH,Cash and/or Derivatives,Cash,"18,991,766.59",0.39,"18,991,766.59","18,991,767.00",-,-,-,100.0,United States,-,USD,0.0,0.10,1.0,-,0.0,0.0,-,0.10,0.0,0.10,USD,-,"Jan 01, 1989"
CHARTER COMMUNICATIONS OPERATING L,Industrial,Fixed Income,"18,735,528.71",0.39,"18,735,528.71","18,300,000.00",161175BP8,US161175BP82,-,102.08,United States,-,USD,0.11,0.87,1.0,"Feb 01, 2024",1.78,0.08,-,0.83,0.08,0.83,USD,"Jul 03, 2018","Jul 03, 2018"
JPMORGAN CHASE & CO,Financial Institutions,Fixed Income,"18,660,686.70",0.39,"18,660,686.70","18,450,000.00",46647PAE6,US46647PAE60,BYZ0Z63,100.63,United States,-,USD,0.34,1.05,1.0,"Apr 25, 2023",2.78,0.31,-,0.77,0.32,0.77,USD,"Apr 25, 2017","Apr 25, 2017"
BPCE SA MTN 144A,Financial Institutions,Fixed Income,"18,221,973.46",0.38,"18,221,973.46","17,993,000.00",05583JAA0,US05583JAA07,BDS6RL0,100.96,France,-,USD,0.39,0.57,1.0,"May 22, 2022",3.0,0.39,-,0.57,0.39,0.57,USD,"May 22, 2017","May 22, 2017"
GENERAL ELECTRIC CO,Industrial,Fixed Income,"18,031,581.15",0.37,"18,031,581.15","17,655,000.00",369604BD4,US369604BD45,B8321X8,101.52,United States,-,USD,0.77,0.72,1.0,"Oct 09, 2022",2.7,0.76,-,0.72,0.76,0.72,USD,"Oct 09, 2012","Oct 09, 2012"
UNICREDIT SPA MTN 144A,Financial Institutions,Fixed Income,"17,871,952.87",0.37,"17,871,952.87","17,595,000.00",904678AA7,US904678AA77,BDG6ZD0,100.76,Italy,-,USD,0.28,1.05,1.0,"Apr 12, 2022",3.75,0.28,-,1.05,0.28,1.05,USD,"Apr 12, 2017","Apr 12, 2017"
AMXCA_18-9 A,ABS,Fixed Income,"17,724,752.46",0.37,"17,724,752.46","17,650,000.00",02582JJK7,US02582JJK79,-,100.4,United States,-,USD,0.05,0.25,1.0,"Apr 15, 2026",0.49,0.05,-,0.25,0.05,0.25,USD,"Sep 24, 2018","Sep 24, 2018"
HYUNDAI CAPITAL AMERICA MTN 144A,Industrial,Fixed Income,"17,692,742.59",0.37,"17,692,742.59","17,710,000.00",44891ABU0,US44891ABU07,-,99.71,Korea (South),-,USD,1.25,1.04,1.0,"Apr 03, 2023",0.8,1.24,-,1.04,1.24,1.04,USD,"Apr 01, 2021","Apr 01, 2021"
DUKE ENERGY CORP,Utility,Fixed Income,"17,398,210.28",0.36,"17,398,210.28","17,045,000.00",26441CAJ4,US26441CAJ45,B84LGT5,100.92,United States,-,USD,0.37,1.56,1.0,"Aug 15, 2022",3.05,0.61,-,0.57,0.37,0.57,USD,"Aug 16, 2012","Aug 16, 2012"
WFCM_17-SMP A 144A,CMBS,Fixed Income,"17,266,768.13",0.36,"17,266,768.13","17,280,000.00",95001CAA0,US95001CAA09,-,99.88,United States,-,USD,0.04,1.10,1.0,"Dec 15, 2034",0.98,0.96,-,1.10,0.96,1.10,USD,"Dec 21, 2017","Dec 21, 2017"
CIFC_15-2A AR2 144A,ABS,Fixed Income,"17,028,479.51",0.35,"17,028,479.51","17,000,000.00",12550LAS1,US12550LAS16,-,99.93,United States,-,USD,0.05,1.27,1.0,"Apr 15, 2030",1.13,0.04,-,1.27,0.04,1.27,USD,"Mar 05, 2020","Mar 05, 2020"
GOLD9_14-9A AR2 144A,ABS,Fixed Income,"16,712,983.07",0.35,"16,712,983.07","16,680,000.00",38123HAN4,US38123HAN44,-,99.98,United States,-,USD,0.09,1.34,1.0,"Oct 29, 2029",1.24,0.07,-,1.34,0.07,1.34,USD,"Oct 29, 2018","Oct 29, 2018"
BMW FINANCE NV 144A,Industrial,Fixed Income,"16,658,919.03",0.35,"16,658,919.03","16,350,000.00",05600LAA4,US05600LAA44,BJXC0M7,101.03,Germany,-,USD,0.61,0.58,1.0,"Aug 12, 2022",2.25,0.61,-,0.58,0.61,0.58,USD,"Aug 14, 2019","Aug 14, 2019"
CIFC_18-1A A 144A,ABS,Fixed Income,"16,634,402.54",0.35,"16,634,402.54","16,610,000.00",12551RAA6,US12551RAA68,-,99.92,United States,-,USD,0.06,1.26,1.0,"Apr 18, 2031",1.12,0.04,-,1.26,0.04,1.26,USD,"Mar 13, 2018","Mar 13, 2018"
VOYA_12-4AR A1AR3 144A,ABS,Fixed Income,"16,479,834.96",0.34,"16,479,834.96","16,500,000.00",92916GBE3,US92916GBE35,-,99.64,United States,-,USD,0.05,1.37,1.0,"Oct 15, 2030",1.12,0.04,-,1.37,0.04,1.37,USD,"Sep 01, 2021","Sep 01, 2021"
ENEL FINANCE AMERICA LLC,Cash and/or Derivatives,Cash,"15,944,308.00",0.33,"15,944,308.00","16,000,000.00",29279HH99,-,-,99.65,United States,-,USD,0.6,0.57,1.0,"Aug 09, 2022",0.0,0.6,-,0.57,0.6,0.57,USD,"Aug 09, 2021","Aug 09, 2021"
PENSKE TRUCK LEASING CO LP 144A,Industrial,Fixed Income,"15,909,712.50",0.33,"15,909,712.50","15,000,000.00",709599BC7,US709599BC73,BD58QJ0,104.35,United States,-,USD,1.44,1.34,1.0,"Aug 01, 2023",4.13,1.52,-,1.19,1.44,1.19,USD,"Jun 29, 2018","Jun 29, 2018"
DRSLF_13-26A AR 144A,ABS,Fixed Income,"15,886,298.43",0.33,"15,886,298.43","15,853,971.00",26250UAQ8,US26250UAQ85,-,99.98,United States,-,USD,0.05,1.13,1.0,"Apr 15, 2029",1.02,0.04,-,1.13,0.04,1.13,USD,"Apr 16, 2018","Apr 16, 2018"
HUNTINGTON NATIONAL BANK (THE),Financial Institutions,Fixed Income,"15,752,178.40",0.33,"15,752,178.40","15,430,000.00",44644AAB3,US44644AAB35,BD93QH9,101.09,United States,-,USD,0.51,0.68,1.0,"Aug 07, 2022",2.5,0.59,-,0.39,0.51,0.39,USD,"Aug 07, 2017","Aug 07, 2017"
UBS AG (LONDON BRANCH) 144A,Financial Institutions,Fixed Income,"15,734,110.19",0.33,"15,734,110.19","15,725,000.00",902674YL8,US902674YL82,-,100.05,Switzerland,-,USD,0.02,0.52,1.0,"Aug 09, 2024",0.5,0.11,-,0.52,0.11,0.52,USD,"Aug 09, 2021","Aug 09, 2021"
BAYER US FINANCE II LLC 144A,Industrial,Fixed Income,"15,711,333.33",0.33,"15,711,333.33","15,000,000.00",07274NAE3,US07274NAE31,BYZMHM9,104.57,Germany,-,USD,1.82,1.49,1.0,"Dec 15, 2023",3.88,1.89,-,1.39,1.81,1.39,USD,"Jun 25, 2018","Jun 25, 2018"
ELVET_21-1 A RegS,ABS,Fixed Income,"15,700,738.73",0.33,"15,700,738.73","11,586,000.00",-,XS2395577914,-,135.5,United Kingdom,-,USD,0.06,0.54,0.74,"Oct 22, 2063",0.05,0.06,-,0.54,0.06,0.54,GBP,"Oct 15, 2021","Oct 15, 2021"
NSLT_21-BA AFL 144A,ABS,Fixed Income,"15,539,821.01",0.32,"15,539,821.01","15,519,077.00",64034QAA6,US64034QAA67,-,100.11,United States,-,USD,0.05,0.87,1.0,"Apr 20, 2062",0.88,0.04,-,0.87,0.04,0.87,USD,"Jun 30, 2021","Jun 30, 2021"
OCP_16-12A A1R 144A,ABS,Fixed Income,"15,483,420.77",0.32,"15,483,420.77","15,439,671.00",67092RAE8,US67092RAE80,-,100.03,United States,-,USD,0.05,1.32,1.0,"Oct 18, 2028",1.24,0.04,-,1.32,0.04,1.32,USD,"Oct 18, 2018","Oct 18, 2018"
BARCLAYS PLC (FXD-TO-FRN),Financial Institutions,Fixed Income,"15,324,983.33",0.32,"15,324,983.33","15,000,000.00",06738EBE4,US06738EBE41,BGPMCS4,100.43,United Kingdom,-,USD,0.15,1.55,1.0,"Feb 15, 2023",4.61,0.11,-,1.11,0.12,1.11,USD,"Nov 15, 2018","Nov 15, 2018"
AMERICAN EXPRESS CO,Financial Institutions,Fixed Income,"15,303,700.00",0.32,"15,303,700.00","15,000,000.00",025816BM0,US025816BM04,BD9MLW6,100.98,United States,-,USD,0.49,0.81,1.0,"Aug 01, 2022",2.5,0.57,-,0.53,0.49,0.53,USD,"Aug 01, 2017","Aug 01, 2017"
AT&T INC,Industrial,Fixed Income,"15,255,906.60",0.32,"15,255,906.60","15,000,000.00",00206RGD8,US00206RGD89,-,101.64,United States,-,USD,0.22,0.73,1.0,"Jun 12, 2024",1.38,0.19,-,0.73,0.19,0.73,USD,"Aug 22, 2018","Aug 22, 2018"
BPCE SA 144A,Financial Institutions,Fixed Income,"15,245,256.97",0.32,"15,245,256.97","15,000,000.00",05583JAD4,US05583JAD46,BFXZC22,101.56,France,-,USD,0.21,0.55,1.0,"Sep 12, 2023",1.44,0.19,-,0.55,0.19,0.55,USD,"Sep 12, 2018","Sep 12, 2018"
CVS HEALTH CORP,Industrial,Fixed Income,"15,243,475.00",0.32,"15,243,475.00","15,000,000.00",126650BZ2,US126650BZ20,B90QJ25,101.39,United States,-,USD,0.66,1.22,1.0,"Dec 01, 2022",2.75,0.9,-,0.65,0.66,0.65,USD,"Nov 29, 2012","Nov 29, 2012"
DANSKE BANK A/S 144A,Financial Institutions,Fixed Income,"15,183,946.05",0.31,"15,183,946.05","15,000,000.00",23636AAM3,US23636AAM36,BD6P8X8,100.34,Denmark,-,USD,0.17,0.71,1.0,"Mar 02, 2022",2.7,0.17,-,0.71,0.17,0.71,USD,"Mar 02, 2017","Mar 02, 2017"
BARCLAYS BANK PLC,Financial Institutions,Fixed Income,"15,082,709.83",0.31,"15,082,709.83","15,000,000.00",06739GCR8,US06739GCR83,-,100.32,United Kingdom,-,USD,0.28,0.82,1.0,"May 12, 2022",1.7,0.36,-,0.55,0.28,0.55,USD,"May 12, 2020","May 12, 2020"
SKANDINAVISKA ENSKILDA BANKEN AB 144A,Financial Institutions,Fixed Income,"15,074,295.60",0.31,"15,074,295.60","15,000,000.00",83051GAL2,US83051GAL23,-,100.45,Sweden,-,USD,0.2,0.39,1.0,"Dec 12, 2022",0.85,0.2,-,0.39,0.2,0.39,USD,"Dec 12, 2019","Dec 12, 2019"
DAIMLER TRUCKS FINANCE NORTH AMERI 144A,Industrial,Fixed Income,"15,017,568.75",0.31,"15,017,568.75","15,000,000.00",233853AB6,US233853AB69,-,100.06,Germany,-,USD,1.93,1.09,1.0,"Dec 14, 2023",1.13,1.93,-,1.09,1.93,1.09,USD,"Dec 14, 2021","Dec 14, 2021"
VW CREDIT INC,Cash and/or Derivatives,Cash,"14,993,968.34",0.31,"14,993,968.34","15,000,000.00",91842KBG0,-,-,99.96,United States,-,USD,0.13,0.31,1.0,"Feb 16, 2022",0.0,0.13,-,0.31,0.13,0.31,USD,"Feb 18, 2021","Feb 18, 2021"
GENERAL MOTORS FINANCIAL CO INC,Industrial,Fixed Income,"14,981,804.44",0.31,"14,981,804.44","15,000,000.00",37045XDN3,US37045XDN30,-,99.86,United States,-,USD,0.01,0.76,1.0,"Oct 15, 2024",0.05,0.03,-,0.76,0.03,0.76,USD,"Oct 15, 2021","Oct 15, 2021"
AMERICAN HONDA FINANCE CORPORATION,Industrial,Fixed Income,"14,894,150.91",0.31,"14,894,150.91","14,773,000.00",02665WDF5,US02665WDF59,-,100.6,United States,-,USD,0.38,0.40,1.0,"May 20, 2022",1.95,0.39,-,0.40,0.39,0.40,USD,"Nov 21, 2019","Nov 21, 2019"
MSC_17-CLS A 144A,CMBS,Fixed Income,"14,512,648.53",0.3,"14,512,648.53","14,512,000.00",61691LAA7,US61691LAA70,-,99.97,United States,-,USD,0.04,0.84,1.0,"Nov 15, 2034",0.81,0.88,-,0.84,0.88,0.84,USD,"Dec 18, 2017","Dec 18, 2017"
ARCLO_21-FL3 A 144A,CMBS,Fixed Income,"14,387,981.08",0.3,"14,387,981.08","14,450,000.00",03880KAA2,US03880KAA25,-,99.52,Cayman Islands,-,USD,0.04,1.37,1.0,"Aug 15, 2034",1.18,2.52,-,1.37,2.52,1.37,USD,"Sep 29, 2021","Sep 29, 2021"
CAPITAL ONE FINANCIAL CORPORATION,Financial Institutions,Fixed Income,"14,347,635.56",0.3,"14,347,635.56","14,000,000.00",14040HCD5,US14040HCD52,-,102.12,United States,-,USD,1.26,1.03,1.0,"May 11, 2023",2.6,1.34,-,0.93,1.25,0.93,USD,"May 11, 2020","May 11, 2020"
WELLS FARGO & COMPANY,Financial Institutions,Fixed Income,"14,139,126.44",0.29,"14,139,126.44","14,000,000.00",949746SJ1,US949746SJ14,BYX22Y8,100.76,United States,-,USD,0.09,1.04,1.0,"Oct 31, 2023",1.36,0.08,-,0.54,0.08,0.54,USD,"Oct 31, 2016","Oct 31, 2016"
GOLDMAN SACHS GROUP INC/THE MTN,Financial Institutions,Fixed Income,"14,112,277.43",0.29,"14,112,277.43","13,800,000.00",38141EB81,US38141EB818,BGYY076,102.11,United States,-,USD,0.18,0.72,1.0,"Nov 29, 2023",1.78,0.16,-,0.72,0.16,0.72,USD,"Nov 29, 2013","Nov 29, 2013"
SMB_17-A A2B 144A,ABS,Fixed Income,"13,993,308.70",0.29,"13,993,308.70","13,917,774.00",78448WAC9,US78448WAC91,-,100.5,United States,-,USD,0.04,0.69,1.0,"Sep 15, 2034",1.01,0.04,-,0.69,0.04,0.69,USD,"Feb 08, 2017","Feb 08, 2017"
DNFLF_21-2 A2 144A,ABS,Fixed Income,"13,952,875.22",0.29,"13,952,875.22","14,030,000.00",257812AD9,US257812AD90,-,99.42,United States,-,USD,0.84,1.25,1.0,"Dec 11, 2034",0.56,0.84,-,1.25,0.84,1.25,USD,"Apr 27, 2021","Apr 27, 2021"
ULISF_2 A RegS,ABS,Fixed Income,"13,920,558.41",0.29,"13,920,558.41","12,100,000.00",-,PTTGCAOM0015,-,115.05,Portugal,-,USD,0.16,-0.31,0.88,"Sep 20, 2038",0.05,0.06,-,-0.31,0.06,-0.31,EUR,"Sep 28, 2021","Sep 28, 2021"
ANCHC_15-7A AR2 144A,ABS,Fixed Income,"13,867,335.97",0.29,"13,867,335.97","13,840,000.00",03328TBA2,US03328TBA25,BMDCJF4,99.98,United States,-,USD,0.08,1.33,1.0,"Jan 28, 2031",1.23,0.07,-,1.33,0.07,1.33,USD,"Mar 06, 2020","Mar 06, 2020"
DUKE ENERGY CORP,Utility,Fixed Income,"13,848,704.78",0.29,"13,848,704.78","13,865,000.00",26441CBK0,US26441CBK09,-,99.86,United States,-,USD,0.0,0.43,1.0,"Jun 10, 2023",0.05,0.19,-,0.43,0.19,0.43,USD,"Jun 10, 2021","Jun 10, 2021"
VOLKSWAGEN GROUP OF AMERICA FINANC 144A,Industrial,Fixed Income,"13,798,806.67",0.29,"13,798,806.67","13,000,000.00",928668AR3,US928668AR38,BGQS6B2,105.58,Germany,-,USD,1.8,1.22,1.0,"Nov 13, 2023",4.25,1.8,-,1.22,1.8,1.22,USD,"Nov 13, 2018","Nov 13, 2018"
DEUTSCHE BANK AG (NEW YORK BRANCH),Financial Institutions,Fixed Income,"13,779,312.83",0.29,"13,779,312.83","13,790,000.00",251526CL1,US251526CL15,-,99.91,Germany,-,USD,0.0,0.64,1.0,"Nov 08, 2023",0.05,0.1,-,0.64,0.1,0.64,USD,"Nov 08, 2021","Nov 08, 2021"
ENEL FINANCE AMERICA LLC,Cash and/or Derivatives,Cash,"13,765,405.70",0.29,"13,765,405.70","13,800,000.00",29279HFT7,-,-,99.75,United States,-,USD,0.49,0.51,1.0,"Jun 27, 2022",0.0,0.49,-,0.51,0.49,0.51,USD,"Jul 07, 2021","Jul 07, 2021"
CITIGROUP INC,Financial Institutions,Fixed Income,"13,570,153.86",0.28,"13,570,153.86","13,250,000.00",172967LM1,US172967LM17,BF34865,101.16,United States,-,USD,0.58,1.03,1.0,"Jul 24, 2023",2.88,0.55,-,0.81,0.55,0.81,USD,"Jul 24, 2017","Jul 24, 2017"
DWSON_21-2 A RegS,ABS,Fixed Income,"13,439,451.07",0.28,"13,439,451.07","9,910,937.00",-,XS2401060517,-,135.6,United Kingdom,-,USD,0.08,0.71,0.74,"Oct 20, 2028",0.19,0.06,-,0.71,0.06,0.71,GBP,"Oct 21, 2021","Oct 21, 2021"
HSBC HOLDINGS PLC,Financial Institutions,Fixed Income,"13,206,250.72",0.27,"13,206,250.72","13,000,000.00",404280CA5,US404280CA50,BJFDJV0,101.52,United Kingdom,-,USD,0.21,0.98,1.0,"Mar 11, 2025",1.43,0.18,-,0.76,0.19,0.76,USD,"Mar 11, 2019","Mar 11, 2019"
MDPK_17-23AR AR 144A,ABS,Fixed Income,"13,204,545.24",0.27,"13,204,545.24","13,200,000.00",55820TAJ7,US55820TAJ79,-,99.84,United States,-,USD,0.08,1.27,1.0,"Jul 27, 2031",1.1,0.06,-,1.27,0.06,1.27,USD,"Jun 15, 2021","Jun 15, 2021"
THERMO FISHER SCIENTIFIC INC,Industrial,Fixed Income,"12,874,622.08",0.27,"12,874,622.08","12,850,000.00",883556CQ3,US883556CQ39,-,100.08,United States,-,USD,0.01,0.59,1.0,"Oct 18, 2024",0.05,0.04,-,0.52,0.05,0.52,USD,"Oct 22, 2021","Oct 22, 2021"
UBS AG (LONDON BRANCH) 144A,Financial Institutions,Fixed Income,"12,758,168.99",0.26,"12,758,168.99","12,680,000.00",902674YA2,US902674YA28,-,100.28,Switzerland,-,USD,0.22,0.83,1.0,"Apr 21, 2022",1.75,0.31,-,0.50,0.22,0.50,USD,"Apr 21, 2020","Apr 21, 2020"
BANK OF AMERICA CORP MTN,Financial Institutions,Fixed Income,"12,555,020.82",0.26,"12,555,020.82","12,500,000.00",06051GGJ2,US06051GGJ22,BYWMBG4,100.23,United States,-,USD,0.07,1.04,1.0,"Apr 24, 2023",1.12,0.06,-,0.46,0.07,0.46,USD,"Apr 24, 2017","Apr 24, 2017"
AREIT_19-CRE3 A 144A,CMBS,Fixed Income,"12,539,467.30",0.26,"12,539,467.30","12,558,362.00",00217LAA0,US00217LAA08,-,99.78,United States,-,USD,0.1,1.33,1.0,"Sep 14, 2036",1.18,2.09,-,1.33,2.09,1.33,USD,"Aug 29, 2019","Aug 29, 2019"
VERIZON COMMUNICATIONS INC,Industrial,Fixed Income,"12,476,855.62",0.26,"12,476,855.62","12,440,000.00",92343VGD0,US92343VGD01,-,100.3,United States,-,USD,0.01,0.45,1.0,"Mar 22, 2024",0.05,0.22,-,0.45,0.22,0.45,USD,"Mar 22, 2021","Mar 22, 2021"
NISSAN MOTOR ACCEPTANCE CORP 144A,Industrial,Fixed Income,"12,409,196.10",0.26,"12,409,196.10","12,515,000.00",654740BQ1,US654740BQ16,-,98.83,United States,-,USD,2.15,1.60,1.0,"Mar 08, 2024",1.05,2.14,-,1.60,2.14,1.60,USD,"Mar 09, 2021","Mar 09, 2021"
GMCAR_21-2 A2,ABS,Fixed Income,"12,108,470.13",0.25,"12,108,470.13","12,111,292.00",380149AB0,US380149AB05,-,99.97,United States,-,USD,0.57,0.30,1.0,"Jun 17, 2024",0.27,0.57,-,0.30,0.57,0.30,USD,"Apr 14, 2021","Apr 14, 2021"
PRK_17-280P A 144A,CMBS,Fixed Income,"12,091,209.35",0.25,"12,091,209.35","12,100,000.00",90205FAA8,US90205FAA84,-,99.88,United States,-,USD,0.05,1.12,1.0,"Sep 15, 2034",0.98,2.69,-,1.12,2.69,1.12,USD,"Sep 28, 2017","Sep 28, 2017"
SLMA_06-A A5,ABS,Fixed Income,"12,046,911.29",0.25,"12,046,911.29","12,362,586.00",78443CCL6,US78443CCL63,-,97.42,United States,-,USD,0.18,1.25,1.0,"Jun 15, 2039",0.49,0.2,-,1.25,0.2,1.25,USD,"Apr 06, 2006","Apr 06, 2006"
EFF_21-1 A2 144A,ABS,Fixed Income,"11,933,660.92",0.25,"11,933,660.92","11,998,580.00",29374EAB2,US29374EAB20,-,99.45,United States,-,USD,1.08,0.95,1.0,"Dec 21, 2026",0.44,1.08,-,0.95,1.08,0.95,USD,"Feb 24, 2021","Feb 24, 2021"
KEURIG DR PEPPER INC,Industrial,Fixed Income,"11,902,617.18",0.25,"11,902,617.18","11,955,000.00",49271VAL4,US49271VAL45,-,99.34,United States,-,USD,1.76,1.05,1.0,"Mar 15, 2024",0.75,2.18,-,1.05,2.18,1.05,USD,"Mar 15, 2021","Mar 15, 2021"
CARMX_21-2 A2A,ABS,Fixed Income,"11,834,002.90",0.25,"11,834,002.90","11,842,556.00",14314QAB0,US14314QAB05,-,99.92,United States,-,USD,0.55,0.32,1.0,"Jun 17, 2024",0.27,0.55,-,0.32,0.55,0.32,USD,"Apr 21, 2021","Apr 21, 2021"
AUTOF_2 A RegS,ABS,Fixed Income,"11,820,701.11",0.25,"11,820,701.11","10,320,000.00",-,IT0005456949,-,114.54,Italy,-,USD,0.15,-0.15,0.88,"Dec 24, 2044",0.06,0.06,-,-0.15,0.06,-0.15,EUR,"Oct 12, 2021","Oct 12, 2021"
WLAKE_21-1 A2A 144A,ABS,Fixed Income,"11,615,264.30",0.24,"11,615,264.30","11,625,826.00",96043FAB9,US96043FAB94,-,99.89,United States,-,USD,0.66,0.55,1.0,"Oct 15, 2024",0.39,0.66,-,0.55,0.66,0.55,USD,"Mar 17, 2021","Mar 17, 2021"
BBCMS_19-BWAY A 144A,CMBS,Fixed Income,"11,276,779.08",0.23,"11,276,779.08","11,305,000.00",05492NAA1,US05492NAA19,-,99.7,United States,-,USD,0.04,1.16,1.0,"Nov 15, 2034",1.07,2.86,-,1.16,2.86,1.16,USD,"Nov 26, 2019","Nov 26, 2019"
DELL INTERNATIONAL LLC,Industrial,Fixed Income,"11,142,933.31",0.23,"11,142,933.31","10,523,000.00",24703TAA4,US24703TAA43,-,105.65,United States,-,USD,1.25,1.51,1.0,"Jun 15, 2023",5.45,1.41,-,1.03,1.25,1.03,USD,"Jun 15, 2021","Jun 15, 2021"
ORACLE CORPORATION,Industrial,Fixed Income,"11,078,031.07",0.23,"11,078,031.07","10,780,000.00",68389XBR5,US68389XBR52,BD390Y8,101.77,United States,-,USD,1.03,1.03,1.0,"Feb 15, 2023",2.63,1.1,-,0.91,1.02,0.91,USD,"Nov 09, 2017","Nov 09, 2017"
HSBC HOLDINGS PLC,Financial Institutions,Fixed Income,"11,050,885.49",0.23,"11,050,885.49","11,120,000.00",404280CU1,US404280CU15,-,99.11,United Kingdom,-,USD,1.62,1.03,1.0,"Aug 17, 2024",0.73,1.6,-,1.03,1.61,1.03,USD,"Aug 17, 2021","Aug 17, 2021"
DOMINION ENERGY INC,Utility,Fixed Income,"10,978,793.69",0.23,"10,978,793.69","10,975,000.00",25746UDH9,US25746UDH95,-,100.0,United States,-,USD,0.11,0.75,1.0,"Sep 15, 2023",0.73,0.2,-,0.70,0.06,0.70,USD,"Sep 17, 2020","Sep 17, 2020"
DRSLF_17-49A AR 144A,ABS,Fixed Income,"10,762,694.49",0.22,"10,762,694.49","10,750,000.00",26244QAN3,US26244QAN34,-,99.9,United States,-,USD,0.05,1.22,1.0,"Jul 18, 2030",1.07,0.04,-,1.22,0.04,1.22,USD,"Apr 19, 2021","Apr 19, 2021"
BRISTOL-MYERS SQUIBB CO,Industrial,Fixed Income,"10,520,846.96",0.22,"10,520,846.96","10,400,000.00",110122CL0,US110122CL03,BMX6FF8,100.84,United States,-,USD,0.37,0.36,1.0,"May 16, 2022",2.6,0.37,-,0.36,0.37,0.36,USD,"May 16, 2020","Jul 17, 2020"
HSBC HOLDINGS PLC,Financial Institutions,Fixed Income,"10,408,500.00",0.22,"10,408,500.00","10,000,000.00",404280BA6,US404280BA69,BD0QRR4,103.72,United Kingdom,-,USD,1.37,0.92,1.0,"May 25, 2023",3.6,1.37,-,0.92,1.37,0.92,USD,"May 25, 2016","May 25, 2016"
NISSAN MOTOR ACCEPTANCE COMPANY LL MTN 144A,Industrial,Fixed Income,"10,387,671.55",0.22,"10,387,671.55","10,520,000.00",65480CAB1,US65480CAB19,BMHT0G9,98.41,United States,-,USD,2.66,1.73,1.0,"Sep 16, 2024",1.13,2.64,-,1.73,2.64,1.73,USD,"Sep 16, 2021","Sep 16, 2021"
CAPITAL ONE FINANCIAL CORPORATION,Financial Institutions,Fixed Income,"10,380,333.33",0.22,"10,380,333.33","10,000,000.00",14040HBU8,US14040HBU86,BFXCN20,102.47,United States,-,USD,0.98,0.90,1.0,"Jan 30, 2023",3.2,1.06,-,0.72,0.97,0.72,USD,"Jan 30, 2018","Jan 30, 2018"
GSMS_21-IP A,CMBS,Fixed Income,"10,358,310.40",0.21,"10,358,310.40","10,360,000.00",36262MAA6,US36262MAA62,-,99.94,United States,-,USD,0.04,1.07,1.0,"Oct 15, 2036",1.06,4.71,-,1.07,4.71,1.07,USD,"Oct 01, 2021","Oct 01, 2021"
ENERGY TRANSFER LP,Industrial,Fixed Income,"10,335,683.33",0.21,"10,335,683.33","10,000,000.00",86765BAL3,US86765BAL36,B83F3M0,101.77,United States,-,USD,0.77,1.73,1.0,"Jan 15, 2023",3.45,1.01,-,1.20,0.77,1.20,USD,"Jan 10, 2013","Jan 10, 2013"
AVERY DENNISON CORPORATION,Industrial,Fixed Income,"10,322,552.90",0.21,"10,322,552.90","10,440,000.00",053611AL3,US053611AL39,-,98.56,United States,-,USD,2.33,1.41,1.0,"Aug 15, 2024",0.85,2.57,-,1.41,2.57,1.41,USD,"Aug 18, 2021","Aug 18, 2021"
PENSKE TRUCK LEASING CO LP / PTL F 144A,Industrial,Fixed Income,"10,262,750.00",0.21,"10,262,750.00","10,000,000.00",709599AY0,US709599AY03,BYWJVP4,101.83,United States,-,USD,1.11,1.17,1.0,"Mar 14, 2023",2.7,1.18,-,1.06,1.1,1.06,USD,"Sep 14, 2017","Sep 14, 2017"
VERIZON COMMUNICATIONS INC,Industrial,Fixed Income,"10,202,248.89",0.21,"10,202,248.89","10,000,000.00",92343VEP5,US92343VEP58,BG0KD91,101.86,United States,-,USD,0.16,0.77,1.0,"May 15, 2025",1.26,0.12,-,0.74,0.12,0.74,USD,"May 15, 2018","May 15, 2018"
CREDIT SUISSE GROUP AG 144A,Financial Institutions,Fixed Income,"10,173,864.00",0.21,"10,173,864.00","10,000,000.00",225401AB4,US225401AB47,BDDXT87,100.04,Switzerland,-,USD,0.3,3.53,1.0,"Jan 09, 2023",3.57,0.98,-,3.08,0.08,3.08,USD,"Jan 09, 2017","Jan 09, 2017"
BANCO SANTANDER SA,Financial Institutions,Fixed Income,"10,126,780.67",0.21,"10,126,780.67","10,000,000.00",05964HAH8,US05964HAH84,BD85LX7,100.99,Spain,-,USD,0.04,0.57,1.0,"Apr 12, 2023",1.24,0.03,-,0.57,0.03,0.57,USD,"Apr 12, 2018","Apr 12, 2018"
FORD MOTOR CREDIT COMPANY LLC,Industrial,Fixed Income,"10,113,956.50",0.21,"10,113,956.50","10,000,000.00",345397YL1,US345397YL15,BD1QZM4,100.28,United States,-,USD,0.24,2.17,1.0,"Mar 28, 2022",3.34,0.24,-,1.54,0.16,1.54,USD,"Mar 31, 2017","Mar 31, 2017"
CAPITAL ONE BANK USA NA,Financial Institutions,Fixed Income,"10,094,854.44",0.21,"10,094,854.44","10,000,000.00",14042TCS4,US14042TCS42,-,100.09,United States,-,USD,0.08,0.71,1.0,"Jan 27, 2023",2.01,0.07,-,0.71,0.07,0.71,USD,"Jan 28, 2020","Jan 28, 2020"
COOPERATIEVE RABOBANK UA 144A,Financial Institutions,Fixed Income,"10,063,857.36",0.21,"10,063,857.36","10,000,000.00",74977RDD3,US74977RDD35,-,100.63,Netherlands,-,USD,0.25,0.72,1.0,"Sep 26, 2023",1.08,0.23,-,0.72,0.23,0.72,USD,"Sep 26, 2018","Sep 26, 2018"
CITIGROUP INC,Financial Institutions,Fixed Income,"10,047,686.81",0.21,"10,047,686.81","10,000,000.00",172967LR0,US172967LR04,BYWG520,100.33,United States,-,USD,0.08,0.50,1.0,"Oct 27, 2022",0.82,0.07,-,0.46,0.07,0.46,USD,"Oct 27, 2017","Oct 27, 2017"
MIZUHO FINANCIAL GROUP INC,Financial Institutions,Fixed Income,"10,040,777.43",0.21,"10,040,777.43","10,000,000.00",60687YBC2,US60687YBC21,BKMGC10,100.33,Japan,-,USD,0.16,0.71,1.0,"May 25, 2024",0.81,0.15,-,0.61,0.15,0.61,USD,"Feb 25, 2020","Feb 25, 2020"
BAT CAPITAL CORP,Industrial,Fixed Income,"10,037,437.78",0.21,"10,037,437.78","10,000,000.00",05526DAX3,US05526DAX30,BG5QTV8,100.24,United Kingdom,-,USD,0.13,0.70,1.0,"Aug 15, 2022",1.04,0.13,-,0.63,0.13,0.63,USD,"Nov 15, 2018","Nov 20, 2018"
FIAT CHRYSLER AUTOMOBILES NV,Industrial,Fixed Income,"9,981,515.33",0.21,"9,981,515.33","9,400,000.00",31562QAF4,US31562QAF46,BYX8KZ3,105.08,United Kingdom,-,USD,1.25,1.26,1.0,"Apr 15, 2023",5.25,1.24,-,1.26,1.24,1.26,USD,"Apr 14, 2015","Jul 23, 2015"
ROYAL BANK OF SCOTLAND GROUP PLC,Financial Institutions,Fixed Income,"9,956,424.86",0.21,"9,956,424.86","9,895,000.00",780097BF7,US780097BF78,BDT74Z5,100.41,United Kingdom,-,USD,0.13,1.39,1.0,"May 15, 2023",1.63,0.12,-,0.56,0.13,0.56,USD,"May 15, 2017","May 15, 2017"
BX_21-XL2 A 144A,CMBS,Fixed Income,"9,722,797.65",0.2,"9,722,797.65","9,780,000.00",05609KAA7,US05609KAA79,-,99.38,United States,-,USD,0.02,0.92,1.0,"Oct 15, 2038",0.8,4.74,-,0.92,4.74,0.92,USD,"Oct 26, 2021","Oct 26, 2021"
BANCO SANTANDER SA,Financial Institutions,Fixed Income,"9,695,848.10",0.2,"9,695,848.10","9,291,000.00",05964HAG0,US05964HAG02,BD85LN7,103.51,Spain,-,USD,1.25,1.08,1.0,"Apr 12, 2023",3.85,1.25,-,1.08,1.25,1.08,USD,"Apr 12, 2018","Apr 12, 2018"
CATERPILLAR FINANCIAL SERVICES COR,Industrial,Fixed Income,"9,646,569.31",0.2,"9,646,569.31","9,600,000.00",14913Q2M0,US14913Q2M07,BDC5597,100.4,United States,-,USD,0.13,0.43,1.0,"May 15, 2023",0.67,0.13,-,0.43,0.13,0.43,USD,"May 16, 2018","May 16, 2018"
TAURS_21-UK4_A A RegS,CMBS,Fixed Income,"9,595,903.11",0.2,"9,595,903.11","7,083,087.00",-,XS2368096413,-,135.46,United Kingdom,-,USD,0.14,1.29,0.74,"Aug 17, 2031",1.14,4.47,-,1.29,4.47,1.29,GBP,"Aug 19, 2021","Aug 19, 2021"
BOEING CO,Industrial,Fixed Income,"9,477,299.33",0.2,"9,477,299.33","9,400,000.00",097023BT1,US097023BT13,BZBZBC7,100.11,United States,-,USD,0.09,1.43,1.0,"Mar 01, 2022",2.13,0.17,-,0.73,0.09,0.73,USD,"Feb 16, 2017","Feb 16, 2017"
NAVSL_21-D A 144A,ABS,Fixed Income,"9,453,767.98",0.2,"9,453,767.98","9,462,215.00",63942CAA0,US63942CAA09,-,99.85,United States,-,USD,0.04,1.32,1.0,"Apr 15, 2060",1.26,0.04,-,1.32,0.04,1.32,USD,"May 20, 2021","May 20, 2021"
GENERAL MILLS INC,Industrial,Fixed Income,"9,314,096.75",0.19,"9,314,096.75","9,135,000.00",370334CA0,US370334CA00,BF22YJ5,101.39,United States,-,USD,0.69,0.81,1.0,"Oct 12, 2022",2.6,0.77,-,0.60,0.69,0.60,USD,"Oct 12, 2017","Oct 12, 2017"
VZOT_20-A A1B,ABS,Fixed Income,"9,298,952.23",0.19,"9,298,952.23","9,290,000.00",92348TAB0,US92348TAB08,-,100.08,United States,-,USD,0.06,0.24,1.0,"Jul 22, 2024",0.37,0.05,-,0.24,0.05,0.24,USD,"Jan 29, 2020","Jan 29, 2020"
CIGNA CORP,Industrial,Fixed Income,"9,285,821.48",0.19,"9,285,821.48","9,360,000.00",125523CN8,US125523CN87,-,99.03,United States,-,USD,1.91,1.06,1.0,"Mar 15, 2024",0.61,2.18,-,1.06,2.18,1.06,USD,"Mar 03, 2021","Mar 03, 2021"
INTERNATIONAL FLAVORS & FRAGRANCES,Industrial,Fixed Income,"9,255,990.00",0.19,"9,255,990.00","9,000,000.00",459506AC5,US459506AC52,B97RCK0,102.31,United States,-,USD,1.08,1.44,1.0,"May 01, 2023",3.2,1.3,-,1.05,1.06,1.05,USD,"Apr 04, 2013","Apr 04, 2013"
NSLT_21-A A1 144A,ABS,Fixed Income,"9,081,475.04",0.19,"9,081,475.04","9,063,408.00",64035DAA4,US64035DAA46,-,100.17,United States,-,USD,0.06,0.86,1.0,"Apr 20, 2062",0.9,0.04,-,0.86,0.04,0.86,USD,"May 20, 2021","May 20, 2021"
DRIVE_21-1 A3,ABS,Fixed Income,"9,061,676.06",0.19,"9,061,676.06","9,070,000.00",262108AC7,US262108AC78,-,99.89,United States,-,USD,0.8,0.41,1.0,"Nov 15, 2024",0.44,0.8,-,0.41,0.8,0.41,USD,"Apr 21, 2021","Apr 21, 2021"
CARLISLE COMPANIES INCORPORATED,Industrial,Fixed Income,"9,058,038.85",0.19,"9,058,038.85","9,115,000.00",142339AK6,US142339AK65,-,99.23,United States,-,USD,1.54,1.02,1.0,"Sep 01, 2023",0.55,1.65,-,1.02,1.65,1.02,USD,"Sep 28, 2021","Sep 28, 2021"
DAIMLER FINANCE NORTH AMERICA LLC 144A,Industrial,Fixed Income,"8,941,604.80",0.19,"8,941,604.80","9,005,000.00",233851EB6,US233851EB67,-,99.05,Germany,-,USD,2.14,1.20,1.0,"Mar 01, 2024",0.75,2.14,-,1.20,2.14,1.20,USD,"Mar 02, 2021","Mar 02, 2021"
JPMORGAN CHASE & CO,Financial Institutions,Fixed Income,"8,933,424.43",0.19,"8,933,424.43","8,900,000.00",46647PAD8,US46647PAD87,BF1ZB72,100.19,United States,-,USD,0.07,0.98,1.0,"Apr 25, 2023",1.02,0.06,-,0.51,0.07,0.51,USD,"Apr 25, 2017","Apr 25, 2017"
CREDIT SUISSE GROUP FUNDING GUERNS,Financial Institutions,Fixed Income,"8,829,516.67",0.18,"8,829,516.67","8,500,000.00",225433AT8,US225433AT80,BYVGMD1,103.66,Switzerland,-,USD,1.41,1.23,1.0,"Jun 09, 2023",3.8,1.4,-,1.23,1.4,1.23,USD,"Jun 10, 2016","Nov 16, 2016"
MARTIN MARIETTA MATERIALS INC,Industrial,Fixed Income,"8,797,905.11",0.18,"8,797,905.11","8,800,000.00",573284AY2,US573284AY29,-,99.65,United States,-,USD,1.3,0.88,1.0,"Jul 15, 2023",0.65,1.52,-,0.88,1.52,0.88,USD,"Jul 02, 2021","Jul 02, 2021"
STHWK_19-4A A1R 144A,ABS,Fixed Income,"8,754,055.46",0.18,"8,754,055.46","8,760,000.00",846031AN2,US846031AN28,-,99.8,Cayman Islands,-,USD,0.06,1.34,1.0,"Jul 20, 2032",1.22,0.04,-,1.34,0.04,1.34,USD,"Nov 23, 2021","Nov 23, 2021"
BDS_21-FL9 A 144A,CMBS,Fixed Income,"8,713,163.36",0.18,"8,713,163.36","8,750,000.00",05493NAA0,US05493NAA00,-,99.52,United States,-,USD,0.05,1.37,1.0,"Nov 16, 2038",1.17,2.51,-,1.37,2.51,1.37,USD,"Oct 13, 2021","Oct 13, 2021"
NATIONAL BANK OF CANADA,Financial Institutions,Fixed Income,"8,692,174.12",0.18,"8,692,174.12","8,695,000.00",63307A2Q7,US63307A2Q77,-,99.96,Canada,-,USD,0.01,0.60,1.0,"Aug 06, 2024",0.05,0.1,-,0.60,0.1,0.60,USD,"Aug 06, 2021","Aug 06, 2021"
SLMA_06-B A5,ABS,Fixed Income,"8,629,773.28",0.18,"8,629,773.28","8,875,983.00",78443CCU6,US78443CCU62,BF6DYP0,97.21,United States,-,USD,0.17,1.38,1.0,"Dec 15, 2039",0.47,0.2,-,1.38,0.2,1.38,USD,"Jun 08, 2006","Jun 08, 2006"
ROYAL BANK OF SCOTLAND GROUP PLC,Financial Institutions,Fixed Income,"8,614,917.17",0.18,"8,614,917.17","8,500,000.00",780097BE0,US780097BE04,BDT74T9,100.91,United Kingdom,-,USD,0.39,1.51,1.0,"May 15, 2023",3.5,0.36,-,1.05,0.37,1.05,USD,"May 15, 2017","May 15, 2017"
GCT_21-GCT A 144A,CMBS,Fixed Income,"8,593,152.11",0.18,"8,593,152.11","8,600,000.00",36167RAA1,US36167RAA14,-,99.88,United States,-,USD,0.04,0.93,1.0,"Feb 15, 2023",0.91,4.09,-,0.93,4.09,0.93,USD,"Feb 05, 2021","Feb 05, 2021"
BBCMS_18-TALL A 144A,CMBS,Fixed Income,"8,536,094.19",0.18,"8,536,094.19","8,630,000.00",05548WAA5,US05548WAA53,BFYCQJ7,98.87,United States,-,USD,0.03,1.27,1.0,"Mar 15, 2037",0.83,3.18,-,1.27,3.18,1.27,USD,"Mar 28, 2018","Mar 28, 2018"
KNDL_19-KNSQ A 144A,CMBS,Fixed Income,"8,528,648.45",0.18,"8,528,648.45","8,533,000.00",482598AA7,US482598AA71,-,99.91,United States,-,USD,0.05,1.00,1.0,"May 15, 2036",0.91,2.37,-,1.00,2.37,1.00,USD,"May 30, 2019","May 30, 2019"
BX_21-ARIA A 144A,CMBS,Fixed Income,"8,507,801.73",0.18,"8,507,801.73","8,520,000.00",05608RAA3,US05608RAA32,-,99.81,United States,-,USD,0.03,1.04,1.0,"Oct 15, 2036",1.01,4.72,-,1.04,4.72,1.04,USD,"Oct 28, 2021","Oct 28, 2021"
CFII_20-1 A2 144A,ABS,Fixed Income,"8,423,530.54",0.17,"8,423,530.54","8,389,150.00",165183CK8,US165183CK87,-,100.38,United States,-,USD,0.05,0.19,1.0,"Aug 15, 2032",0.76,0.05,-,0.19,0.05,0.19,USD,"Jul 22, 2020","Jul 22, 2020"
ENERGY TRANSFER OPERATING LP,Industrial,Fixed Income,"8,330,351.11",0.17,"8,330,351.11","8,000,000.00",29278NAL7,US29278NAL73,BJXMVG8,102.88,United States,-,USD,0.93,1.82,1.0,"Mar 15, 2023",4.25,1.16,-,1.21,0.93,1.21,USD,"Mar 15, 2019","Mar 22, 2019"
ORACLE CORPORATION,Industrial,Fixed Income,"8,216,133.33",0.17,"8,216,133.33","8,000,000.00",68389XBL8,US68389XBL82,BZ5YJR1,102.0,United States,-,USD,1.54,1.21,1.0,"Sep 15, 2023",2.4,1.66,-,1.09,1.5,1.09,USD,"Jul 07, 2016","Jul 07, 2016"
TYSON FOODS INC,Industrial,Fixed Income,"8,008,586.30",0.17,"8,008,586.30","7,930,000.00",902494AT0,US902494AT07,B8L2L07,100.79,United States,-,USD,0.2,2.74,1.0,"Jun 15, 2022",4.5,0.45,-,0.64,0.21,0.64,USD,"Jun 13, 2012","Jun 13, 2012"
HYUNDAI CAPITAL AMERICA 144A,Industrial,Fixed Income,"8,001,165.94",0.17,"8,001,165.94","8,105,000.00",44891ABY2,US44891ABY29,-,98.43,United States,-,USD,2.66,1.59,1.0,"Sep 17, 2024",1.0,2.65,-,1.59,2.65,1.59,USD,"Sep 17, 2021","Sep 17, 2021"
SLMA_05-A A4,ABS,Fixed Income,"7,939,586.39",0.16,"7,939,586.39","8,120,330.00",78443CBV5,US78443CBV54,BFTD6J5,97.75,United States,-,USD,0.18,1.53,1.0,"Dec 15, 2038",0.51,0.2,-,1.53,0.2,1.53,USD,"Apr 28, 2005","Apr 28, 2005"
ATMOS ENERGY CORPORATION,Utility,Fixed Income,"7,869,837.50",0.16,"7,869,837.50","7,875,000.00",049560AU9,US049560AU94,-,99.74,United States,-,USD,1.02,0.85,1.0,"Mar 09, 2023",0.63,1.18,-,0.85,1.18,0.85,USD,"Mar 09, 2021","Mar 09, 2021"
GOLDMAN SACHS GROUP INC/THE,Financial Institutions,Fixed Income,"7,862,416.70",0.16,"7,862,416.70","7,583,000.00",38141GWT7,US38141GWT74,BD1DDT8,102.55,United States,-,USD,1.04,0.96,1.0,"Feb 23, 2023",3.2,1.12,-,0.78,1.04,0.78,USD,"Jan 23, 2018","Jan 23, 2018"
INTERNATIONAL BUSINESS MACHINES CO,Industrial,Fixed Income,"7,595,250.75",0.16,"7,595,250.75","7,500,000.00",459200JX0,US459200JX08,BK59283,100.89,United States,-,USD,0.36,0.42,1.0,"May 13, 2022",2.85,0.37,-,0.42,0.37,0.42,USD,"May 15, 2019","May 15, 2019"
SLVER_14-1A AR 144A,ABS,Fixed Income,"7,508,041.61",0.16,"7,508,041.61","7,488,955.00",827551AL6,US827551AL61,-,99.98,United States,-,USD,0.06,1.48,1.0,"Jul 20, 2030",1.37,0.05,-,1.48,0.05,1.48,USD,"Jul 20, 2017","Jul 20, 2017"
NAVSL_20-I A1B 144A,ABS,Fixed Income,"7,435,399.13",0.15,"7,435,399.13","7,390,565.00",63942AAB2,US63942AAB26,-,100.56,United States,-,USD,0.06,0.98,1.0,"Apr 15, 2069",1.11,0.04,-,0.98,0.04,0.98,USD,"Dec 10, 2020","Dec 10, 2020"
DPF_21-2 A RegS,ABS,Fixed Income,"7,398,648.22",0.15,"7,398,648.22","6,477,000.00",-,XS2384171638,-,114.02,Netherlands,-,USD,0.16,0.13,0.88,"Apr 28, 2059",0.16,0.06,-,0.13,0.06,0.13,EUR,"Sep 28, 2021","Sep 28, 2021"
NAVSL_21-B A 144A,ABS,Fixed Income,"7,329,115.52",0.15,"7,329,115.52","7,402,976.00",63942LAA0,US63942LAA08,-,98.96,United States,-,USD,2.38,1.38,1.0,"Jul 15, 2069",0.94,2.39,-,1.38,2.39,1.38,USD,"Mar 25, 2021","Mar 25, 2021"
BX_20-BXLP A 144A,CMBS,Fixed Income,"7,225,854.98",0.15,"7,225,854.98","7,227,280.00",05607QAA6,US05607QAA67,-,99.94,United States,-,USD,0.04,0.92,1.0,"Dec 15, 2036",0.91,3.03,-,0.92,3.03,0.92,USD,"Feb 06, 2020","Feb 06, 2020"
NSLT_21-C AFL 144A,ABS,Fixed Income,"7,160,369.45",0.15,"7,160,369.45","7,141,636.00",64035GAA7,US64035GAA76,-,100.24,United States,-,USD,0.06,0.80,1.0,"Apr 20, 2062",0.84,0.04,-,0.80,0.04,0.80,USD,"Aug 18, 2021","Aug 18, 2021"
ATCLO_13-1A AR 144A,ABS,Fixed Income,"7,062,403.51",0.15,"7,062,403.51","7,054,638.00",04941GAL2,US04941GAL23,-,99.99,United States,-,USD,0.13,1.05,1.0,"Nov 17, 2027",0.99,0.13,-,1.05,0.13,1.05,USD,"Nov 17, 2017","Nov 17, 2017"
AMCAR_21-1 A2,ABS,Fixed Income,"6,931,277.76",0.14,"6,931,277.76","6,932,594.00",03063FAB0,US03063FAB04,-,99.97,United States,-,USD,0.46,0.33,1.0,"Jun 18, 2024",0.28,0.46,-,0.33,0.46,0.33,USD,"Mar 10, 2021","Mar 10, 2021"
BX_19-CALM A 144A,CMBS,Fixed Income,"6,792,787.37",0.14,"6,792,787.37","6,798,000.00",05608FAA9,US05608FAA93,-,99.88,United States,-,USD,0.04,1.02,1.0,"Nov 15, 2032",0.99,2.86,-,1.02,2.86,1.02,USD,"Dec 12, 2019","Dec 12, 2019"
ENERGY TRANSFER LP,Industrial,Fixed Income,"6,628,032.00",0.14,"6,628,032.00","6,400,000.00",29273RAS8,US29273RAS85,B8HDKR4,102.06,United States,-,USD,0.82,1.67,1.0,"Feb 01, 2023",3.6,1.05,-,1.11,0.81,1.11,USD,"Jan 22, 2013","Jan 22, 2013"
MSC_18-BOP A 144A,CMBS,Fixed Income,"6,586,250.14",0.14,"6,586,250.14","6,609,152.00",61768FAA8,US61768FAA84,-,99.61,United States,-,USD,0.04,1.19,1.0,"Aug 15, 2033",0.96,1.62,-,1.19,1.62,1.19,USD,"Aug 30, 2018","Aug 30, 2018"
HSBC HOLDINGS PLC FRN,Financial Institutions,Fixed Income,"6,573,492.76",0.14,"6,573,492.76","6,570,000.00",404280CZ0,US404280CZ02,-,99.98,United Kingdom,-,USD,0.02,0.67,1.0,"Nov 22, 2024",0.05,0.14,-,0.67,0.14,0.67,USD,"Nov 22, 2021","Nov 22, 2021"
KINDER MORGAN INC,Industrial,Fixed Income,"6,542,969.26",0.14,"6,542,969.26","6,309,000.00",49456BAM3,US49456BAM37,BZ5ZRP8,102.26,United States,-,USD,0.94,0.96,1.0,"Jan 15, 2023",3.15,1.01,-,0.78,0.93,0.78,USD,"Aug 10, 2017","Aug 10, 2017"
COMM_13-GAM A2 144A,CMBS,Fixed Income,"6,528,969.82",0.14,"6,528,969.82","6,553,778.00",12624UAC8,US12624UAC80,BD0D6N4,99.34,United States,-,USD,0.11,8.67,1.0,"Feb 10, 2028",3.37,0.11,-,8.67,0.11,8.67,USD,"Mar 01, 2013","Mar 01, 2013"
NCMS_18-RIVA A 144A,CMBS,Fixed Income,"6,484,117.17",0.13,"6,484,117.17","6,486,050.00",63874JAA7,US63874JAA79,-,99.93,United States,-,USD,0.04,1.20,1.0,"Feb 15, 2033",0.86,0.22,-,1.20,0.22,1.20,USD,"Mar 05, 2018","Mar 05, 2018"
AIR LEASE CORPORATION,Financial Institutions,Fixed Income,"6,478,902.82",0.13,"6,478,902.82","6,138,000.00",00912XBC7,US00912XBC74,BFYT9G6,103.64,United States,-,USD,1.37,1.42,1.0,"Jul 03, 2023",3.88,1.44,-,1.29,1.36,1.29,USD,"Jun 18, 2018","Jun 18, 2018"
BAXTER INTERNATIONAL INC 144A,Industrial,Fixed Income,"6,421,371.30",0.13,"6,421,371.30","6,430,000.00",071813CZ0,US071813CZ05,-,99.83,United States,-,USD,0.01,0.59,1.0,"Nov 29, 2024",0.05,0.16,-,0.59,0.16,0.59,USD,"Dec 01, 2021","Dec 01, 2021"
ENBRIDGE INC,Industrial,Fixed Income,"6,326,580.00",0.13,"6,326,580.00","6,000,000.00",29250NAF2,US29250NAF24,BF6DWS9,104.44,Canada,-,USD,1.45,1.42,1.0,"Oct 01, 2023",4.0,1.68,-,1.00,1.45,1.00,USD,"Oct 02, 2013","Oct 02, 2013"
TPGI_21-DGWD A 144A,CMBS,Fixed Income,"6,294,366.71",0.13,"6,294,366.71","6,320,000.00",87267HAA5,US87267HAA59,-,99.56,United States,-,USD,0.03,0.90,1.0,"Jun 15, 2026",0.81,4.42,-,0.90,4.42,0.90,USD,"Jun 15, 2021","Jun 15, 2021"
ESA_21-ESH A 144A,CMBS,Fixed Income,"6,209,192.77",0.13,"6,209,192.77","6,197,757.00",30227FAA8,US30227FAA84,-,100.13,United States,-,USD,0.04,1.15,1.0,"Jul 15, 2038",1.19,4.45,-,1.15,4.45,1.15,USD,"Jul 08, 2021","Jul 08, 2021"
AMERICAN HONDA FINANCE CORPORATION MTN,Industrial,Fixed Income,"6,188,612.79",0.13,"6,188,612.79","6,136,000.00",02665WCY5,US02665WCY57,BJ7PMS2,100.83,Japan,-,USD,0.49,0.49,1.0,"Jun 27, 2022",2.2,0.49,-,0.49,0.49,0.49,USD,"Jun 27, 2019","Jun 27, 2019"
MDPK_12-10ARRR AR3 144A,ABS,Fixed Income,"6,131,354.15",0.13,"6,131,354.15","6,120,763.00",55818HBQ0,US55818HBQ02,-,99.94,United States,-,USD,0.06,1.27,1.0,"Jan 20, 2029",1.14,0.05,-,1.27,0.05,1.27,USD,"Jan 27, 2021","Jan 27, 2021"
JPMORGAN CHASE & CO,Financial Institutions,Fixed Income,"6,083,805.00",0.13,"6,083,805.00","6,000,000.00",46647PBB1,US46647PBB13,BJX69F5,100.6,United States,-,USD,0.65,1.65,1.0,"Apr 01, 2023",3.21,0.24,-,0.82,0.25,0.82,USD,"Mar 22, 2019","Mar 22, 2019"
CANYC_19-1A A1R 144A,ABS,Fixed Income,"5,811,066.24",0.12,"5,811,066.24","5,800,000.00",13887TAJ6,US13887TAJ60,-,99.93,United States,-,USD,0.06,1.34,1.0,"Apr 15, 2032",1.22,0.03,-,1.34,0.03,1.34,USD,"Jun 24, 2021","Jun 24, 2021"
KKR-21 A 144A,ABS,Fixed Income,"5,603,457.23",0.12,"5,603,457.23","5,590,000.00",48252KAA7,US48252KAA79,-,100.0,United States,-,USD,0.06,1.22,1.0,"Apr 15, 2031",1.12,0.04,-,1.22,0.04,1.22,USD,"Apr 11, 2018","Apr 11, 2018"
NEXTERA ENERGY CAPITAL HOLDINGS IN,Utility,Fixed Income,"5,587,834.38",0.12,"5,587,834.38","5,580,000.00",65339KBV1,US65339KBV17,BN7QGB4,100.09,United States,-,USD,0.01,0.55,1.0,"Mar 01, 2023",0.05,0.16,-,0.55,0.16,0.55,USD,"Mar 17, 2021","Mar 17, 2021"
SLMA_05-B A4,ABS,Fixed Income,"5,500,111.75",0.11,"5,500,111.75","5,625,254.00",78443CCB8,US78443CCB81,B0NWDJ2,97.75,United States,-,USD,0.22,1.36,1.0,"Jun 15, 2039",0.53,0.2,-,1.36,0.2,1.36,USD,"Oct 27, 2005","Oct 27, 2005"
MORGAN STANLEY MTN,Financial Institutions,Fixed Income,"5,497,158.33",0.11,"5,497,158.33","5,500,000.00",6174468T9,US6174468T98,-,99.87,United States,-,USD,0.84,0.62,1.0,"Nov 10, 2023",0.56,0.85,-,0.62,0.85,0.62,USD,"Nov 13, 2020","Nov 13, 2020"
HGI_21-FL2 A 144A,CMBS,Fixed Income,"5,347,577.30",0.11,"5,347,577.30","5,380,000.00",40390JAA0,US40390JAA07,-,99.36,Cayman Islands,-,USD,0.05,1.35,1.0,"Sep 19, 2026",1.1,2.56,-,1.35,2.56,1.35,USD,"Sep 27, 2021","Sep 27, 2021"
VOYA_17-2A A1R 144A,ABS,Fixed Income,"5,323,276.20",0.11,"5,323,276.20","5,330,000.00",92915UAG9,US92915UAG94,-,99.64,United States,-,USD,0.05,1.37,1.0,"Jun 07, 2030",1.1,0.04,-,1.37,0.04,1.37,USD,"Apr 15, 2021","Apr 15, 2021"
INTERNATIONAL FLAVORS & FRAGRANCES 144A,Industrial,Fixed Income,"5,309,134.22",0.11,"5,309,134.22","5,300,000.00",459506AM3,US459506AM35,BNNFQ93,99.97,United States,-,USD,0.7,0.74,1.0,"Sep 15, 2022",0.7,0.7,-,0.74,0.7,0.74,USD,"Sep 16, 2020","Sep 16, 2020"
RYDER SYSTEM INC MTN,Industrial,Fixed Income,"5,268,845.83",0.11,"5,268,845.83","5,000,000.00",78355HKK4,US78355HKK40,BH3YMC3,105.05,United States,-,USD,1.78,1.20,1.0,"Dec 01, 2023",3.88,1.85,-,1.08,1.77,1.08,USD,"Nov 06, 2018","Nov 06, 2018"
CGMS_14-1A A1R2 144A,ABS,Fixed Income,"5,241,496.17",0.11,"5,241,496.17","5,234,086.00",14310MAW7,US14310MAW73,-,99.92,United States,-,USD,0.06,1.22,1.0,"Apr 17, 2031",1.09,0.04,-,1.22,0.04,1.22,USD,"Apr 06, 2018","Apr 06, 2018"
TSYMP_16-1RR AR2 144A,ABS,Fixed Income,"5,236,334.81",0.11,"5,236,334.81","5,235,000.00",87229WAQ4,US87229WAQ42,-,99.9,United States,-,USD,0.04,1.28,1.0,"Oct 13, 2032",1.18,0.02,-,1.28,0.02,1.28,USD,"Nov 23, 2021","Nov 23, 2021"
L3HARRIS TECHNOLOGIES INC,Industrial,Fixed Income,"5,204,205.56",0.11,"5,204,205.56","5,000,000.00",502431AJ8,US502431AJ86,-,103.91,United States,-,USD,1.34,1.13,1.0,"Jun 15, 2023",3.85,1.42,-,0.97,1.34,0.97,USD,"Dec 15, 2019","May 01, 2020"
JPMORGAN CHASE & CO,Financial Institutions,Fixed Income,"5,143,136.11",0.11,"5,143,136.11","5,000,000.00",46625HJE1,US46625HJE18,B8FF362,101.98,United States,-,USD,0.72,0.52,1.0,"Sep 23, 2022",3.25,0.72,-,0.52,0.72,0.52,USD,"Sep 24, 2012","Sep 24, 2012"
SUMITOMO MITSUI FINANCIAL GROUP IN,Financial Institutions,Fixed Income,"5,126,746.67",0.11,"5,126,746.67","5,000,000.00",86562MAQ3,US86562MAQ33,BF550B5,101.23,Japan,-,USD,0.52,0.46,1.0,"Jul 12, 2022",2.78,0.52,-,0.46,0.52,0.46,USD,"Jul 12, 2017","Jul 12, 2017"
MITSUBISHI UFJ FINANCIAL GROUP INC,Financial Institutions,Fixed Income,"5,116,031.81",0.11,"5,116,031.81","5,000,000.00",606822BL7,US606822BL79,BKFH1N5,101.13,Japan,-,USD,0.54,0.55,1.0,"Jul 18, 2022",2.62,0.54,-,0.55,0.54,0.55,USD,"Jul 18, 2019","Jul 18, 2019"
PENSKE TRUCK LEASING COMPANY LP 144A,Industrial,Fixed Income,"5,115,552.81",0.11,"5,115,552.81","4,901,000.00",709599AH7,US709599AH79,B7X3XH2,102.08,United States,-,USD,0.51,0.92,1.0,"Jul 11, 2022",4.88,0.51,-,0.92,0.51,0.92,USD,"Jul 13, 2012","Jul 13, 2012"
MITSUBISHI UFJ FINANCIAL GROUP INC,Financial Institutions,Fixed Income,"5,114,841.67",0.11,"5,114,841.67","5,000,000.00",606822AP9,US606822AP92,BF8F0S9,101.14,Japan,-,USD,0.56,0.64,1.0,"Jul 25, 2022",2.67,0.56,-,0.64,0.56,0.64,USD,"Jul 25, 2017","Jul 25, 2017"
VOYA_15-2A AR 144A,ABS,Fixed Income,"5,108,383.05",0.11,"5,108,383.05","5,101,544.00",92914XAL3,US92914XAL38,-,99.93,United States,-,USD,0.07,1.24,1.0,"Jul 23, 2027",1.09,0.06,-,1.24,0.06,1.24,USD,"Jul 23, 2018","Jul 23, 2018"
MITSUBISHI UFJ FINANCIAL GROUP INC,Financial Institutions,Fixed Income,"5,071,564.67",0.11,"5,071,564.67","5,000,000.00",606822AL8,US606822AL88,BD8BYB4,100.36,Japan,-,USD,0.15,0.47,1.0,"Feb 22, 2022",3.0,0.14,-,0.47,0.14,0.47,USD,"Feb 22, 2017","Feb 22, 2017"
RYDER SYSTEM INC MTN,Industrial,Fixed Income,"5,055,016.67",0.1,"5,055,016.67","5,000,000.00",78355HKD0,US78355HKD07,BDZCRF5,100.17,United States,-,USD,0.09,1.78,1.0,"Mar 01, 2022",2.8,0.17,-,0.76,0.09,0.76,USD,"Feb 24, 2017","Feb 24, 2017"
ANALOG DEVICES INC,Industrial,Fixed Income,"5,027,455.31",0.1,"5,027,455.31","5,025,000.00",032654AT2,US032654AT25,-,99.98,United States,-,USD,0.01,0.34,1.0,"Oct 01, 2024",0.05,0.0,-,0.34,0.0,0.34,USD,"Oct 05, 2021","Oct 05, 2021"
GOLDMAN SACHS GROUP INC/THE,Financial Institutions,Fixed Income,"5,027,007.83",0.1,"5,027,007.83","5,000,000.00",38141GWN0,US38141GWN05,BZ576M4,100.33,United States,-,USD,0.07,1.01,1.0,"Jul 24, 2023",1.12,0.06,-,0.62,0.07,0.62,USD,"Jul 24, 2017","Jul 24, 2017"
MDPK_17-26A AR 144A,ABS,Fixed Income,"4,892,194.62",0.1,"4,892,194.62","4,875,000.00",55819YAA8,US55819YAA82,-,100.12,United States,-,USD,0.09,1.37,1.0,"Jul 29, 2030",1.33,0.07,-,1.37,0.07,1.37,USD,"Sep 22, 2017","Sep 22, 2017"
AIR LEASE CORPORATION MTN,Financial Institutions,Fixed Income,"4,781,602.71",0.1,"4,781,602.71","4,840,000.00",00914AAL6,US00914AAL61,-,98.53,United States,-,USD,2.09,1.41,1.0,"Feb 15, 2024",0.7,2.09,-,1.41,2.09,1.41,USD,"Jan 26, 2021","Jan 26, 2021"
SDART_20-4 A3,ABS,Fixed Income,"4,738,146.95",0.1,"4,738,146.95","4,736,027.00",80286WAD8,US80286WAD83,-,100.02,United States,-,USD,0.25,0.38,1.0,"Jul 15, 2024",0.48,0.25,-,0.38,0.25,0.38,USD,"Nov 24, 2020","Nov 24, 2020"
ANTHEM INC,Financial Institutions,Fixed Income,"4,653,334.86",0.1,"4,653,334.86","4,555,000.00",036752AF0,US036752AF07,BFXCMQ7,101.91,United States,-,USD,0.83,0.85,1.0,"Dec 01, 2022",2.95,0.91,-,0.64,0.82,0.64,USD,"Nov 21, 2017","Nov 21, 2017"
TOGET_21-1ST1 A RegS,ABS,Fixed Income,"4,548,797.20",0.09,"4,548,797.20","3,369,000.00",-,XS2382161094,-,134.99,United Kingdom,-,USD,0.06,1.17,0.74,"Jul 12, 2063",0.19,0.02,-,1.17,0.02,1.17,GBP,"Sep 22, 2021","Sep 22, 2021"
PSTAT_18-5A A1 144A,ABS,Fixed Income,"4,522,513.71",0.09,"4,522,513.71","4,518,704.00",69700PAA0,US69700PAA03,-,99.89,United States,-,USD,0.06,1.28,1.0,"Jan 20, 2027",0.98,0.05,-,1.28,0.05,1.28,USD,"Dec 20, 2018","Dec 20, 2018"
MF1_21-FL6 A 144A,CMBS,Fixed Income,"4,504,334.57",0.09,"4,504,334.57","4,520,000.00",55283TAA6,US55283TAA60,-,99.6,Cayman Islands,-,USD,0.04,1.36,1.0,"Jul 16, 2036",1.21,2.56,-,1.36,2.56,1.36,USD,"Jun 24, 2021","Jun 24, 2021"
ANCHC_14-4ARR A 144A,ABS,Fixed Income,"4,500,569.35",0.09,"4,500,569.35","4,500,000.00",03328LAA0,US03328LAA08,-,99.8,United States,-,USD,0.08,1.39,1.0,"Jan 28, 2031",1.19,0.07,-,1.39,0.07,1.39,USD,"Jan 29, 2018","Jan 29, 2018"
SMB_21-C A1 144A,ABS,Fixed Income,"4,444,825.04",0.09,"4,444,825.04","4,442,544.00",83208AAC7,US83208AAC71,-,100.03,United States,-,USD,0.04,0.47,1.0,"Jan 15, 2053",0.51,0.04,-,0.47,0.04,0.47,USD,"May 27, 2021","May 27, 2021"
SLMA_04-B A3,ABS,Fixed Income,"4,416,905.45",0.09,"4,416,905.45","4,423,970.00",78443CBN3,US78443CBN39,-,99.82,United States,-,USD,0.21,0.80,1.0,"Mar 15, 2024",0.53,0.21,-,0.80,0.21,0.80,USD,"May 26, 2004","May 26, 2004"
NISSAN MOTOR ACCEPTANCE CORP 144A,Industrial,Fixed Income,"4,372,638.72",0.09,"4,372,638.72","4,375,000.00",654740BR9,US654740BR98,-,99.89,United States,-,USD,0.19,0.91,1.0,"Mar 08, 2024",0.83,0.18,-,0.91,0.18,0.91,USD,"Mar 09, 2021","Mar 09, 2021"
MEDT_21-MDLN A 144A,CMBS,Fixed Income,"4,256,880.83",0.09,"4,256,880.83","4,260,000.00",58403YAD8,US58403YAD85,-,99.88,United States,-,USD,0.03,1.08,1.0,"Nov 15, 2038",1.06,4.79,-,1.08,4.79,1.08,USD,"Nov 15, 2021","Nov 15, 2021"
FISERV INC,Industrial,Fixed Income,"4,221,680.00",0.09,"4,221,680.00","4,000,000.00",337738AQ1,US337738AQ13,BG49D38,104.59,United States,-,USD,1.62,1.14,1.0,"Oct 01, 2023",3.8,1.69,-,1.02,1.6,1.02,USD,"Sep 25, 2018","Sep 25, 2018"
DBGS_18-5BP A 144A,CMBS,Fixed Income,"4,193,779.47",0.09,"4,193,779.47","4,200,000.00",33830CAA8,US33830CAA80,-,99.81,United States,-,USD,0.04,0.98,1.0,"Jun 15, 2033",0.91,3.43,-,0.98,3.43,0.98,USD,"Jun 28, 2018","Jun 28, 2018"
NLY_19-FL2 A 144A,CMBS,Fixed Income,"4,181,797.98",0.09,"4,181,797.98","4,182,074.00",629167AA5,US629167AA52,-,99.93,United States,-,USD,0.04,1.92,1.0,"Feb 15, 2036",1.41,0.13,-,1.92,0.13,1.92,USD,"Feb 28, 2019","Feb 28, 2019"
CAALT_21-3A A 144A,ABS,Fixed Income,"4,097,972.86",0.09,"4,097,972.86","4,130,000.00",22535GAA0,US22535GAA04,-,99.18,United States,-,USD,1.94,1.43,1.0,"May 15, 2030",1.0,1.93,-,1.43,1.93,1.43,USD,"May 20, 2021","May 20, 2021"
SUMITOMO MITSUI FINANCIAL GROUP IN,Financial Institutions,Fixed Income,"4,041,062.54",0.08,"4,041,062.54","4,000,000.00",86562MBE9,US86562MBE93,BGGLHF2,100.84,Japan,-,USD,0.06,0.55,1.0,"Oct 16, 2023",0.92,0.04,-,0.55,0.04,0.55,USD,"Oct 16, 2018","Oct 16, 2018"
AMERICAN EXPRESS COMPANY,Financial Institutions,Fixed Income,"4,020,295.17",0.08,"4,020,295.17","4,000,000.00",025816BT5,US025816BT56,BFMR4X4,100.43,United States,-,USD,0.16,0.49,1.0,"Feb 27, 2023",0.83,0.16,-,0.46,0.16,0.46,USD,"Feb 27, 2018","Feb 27, 2018"
OCP_19-16A AR 144A,ABS,Fixed Income,"4,011,989.54",0.08,"4,011,989.54","4,000,000.00",67570QAK7,US67570QAK76,-,100.04,United States,-,USD,0.04,1.21,1.0,"Apr 10, 2033",1.12,0.01,-,1.21,0.01,1.21,USD,"Mar 31, 2021","Mar 31, 2021"
MDPK_14-13AR AR2 144A,ABS,Fixed Income,"3,938,468.12",0.08,"3,938,468.12","3,935,082.00",55818MBA4,US55818MBA45,-,99.87,United States,-,USD,0.06,1.26,1.0,"Apr 19, 2030",1.07,0.04,-,1.26,0.04,1.26,USD,"Apr 19, 2018","Apr 19, 2018"
SLMA_04-A A3,ABS,Fixed Income,"3,917,464.61",0.08,"3,917,464.61","3,955,272.00",78443CBH6,US78443CBH60,BZ4SKB5,99.02,United States,-,USD,0.19,1.18,1.0,"Jun 15, 2033",0.6,0.21,-,1.18,0.21,1.18,USD,"Mar 25, 2004","Mar 25, 2004"
RMRK_18-1A A1 144A,ABS,Fixed Income,"3,885,618.24",0.08,"3,885,618.24","3,879,302.00",77587AAC0,US77587AAC09,-,99.93,United States,-,USD,0.06,1.28,1.0,"Apr 20, 2031",1.16,0.04,-,1.28,0.04,1.28,USD,"Apr 12, 2018","Apr 12, 2018"
BABSON CLO LTD BABSN_19-4A A1,ABS,Fixed Income,"3,863,034.21",0.08,"3,863,034.21","3,850,000.00",06761VAA5,US06761VAA52,-,100.03,United States,-,USD,0.06,1.55,1.0,"Jan 15, 2033",1.45,0.03,-,1.55,0.03,1.55,USD,"Dec 19, 2019","Dec 19, 2019"
ROCKWELL AUTOMATION INC,Industrial,Fixed Income,"3,853,292.35",0.08,"3,853,292.35","3,870,000.00",773903AK5,US773903AK55,-,99.44,United States,-,USD,1.45,0.70,1.0,"Aug 15, 2023",0.35,1.61,-,0.70,1.61,0.70,USD,"Aug 17, 2021","Aug 17, 2021"
INTERNATIONAL BUSINESS MACHINES CO,Industrial,Fixed Income,"3,764,546.97",0.08,"3,764,546.97","3,679,000.00",459200JC6,US459200JC60,BZBZMB3,101.91,United States,-,USD,0.85,0.63,1.0,"Nov 09, 2022",2.88,0.85,-,0.63,0.85,0.63,USD,"Nov 09, 2015","Nov 09, 2015"
NPELT_21-D AFL 144A,ABS,Fixed Income,"3,686,865.30",0.08,"3,686,865.30","3,689,230.00",64034YAA9,US64034YAA91,-,99.91,United States,-,USD,0.05,0.82,1.0,"Apr 20, 2062",0.99,0.04,-,0.82,0.04,0.82,USD,"Oct 27, 2021","Oct 27, 2021"
PLMRS_15-2A A1R2 144A,ABS,Fixed Income,"3,657,174.81",0.08,"3,657,174.81","3,650,000.00",69689CAW6,US69689CAW64,-,99.95,United States,-,USD,0.06,1.35,1.0,"Jul 20, 2030",1.23,0.04,-,1.35,0.04,1.35,USD,"Feb 19, 2020","Feb 19, 2020"
ING GROEP NV,Financial Institutions,Fixed Income,"3,508,246.34",0.07,"3,508,246.34","3,500,000.00",456837AJ2,US456837AJ28,BD97NB4,100.23,Netherlands,-,USD,0.24,0.44,1.0,"Mar 29, 2022",1.37,0.24,-,0.44,0.24,0.44,USD,"Mar 29, 2017","Mar 29, 2017"
BCHPK_19-1A A1 144A,ABS,Fixed Income,"3,457,274.95",0.07,"3,457,274.95","3,450,000.00",07355TAA0,US07355TAA07,-,99.91,United States,-,USD,0.06,1.58,1.0,"Jan 17, 2033",1.45,0.03,-,1.58,0.03,1.58,USD,"Dec 19, 2019","Dec 19, 2019"
PFSFC_20-F A 144A,ABS,Fixed Income,"3,283,015.40",0.07,"3,283,015.40","3,274,000.00",69335PDV4,US69335PDV40,-,100.23,United States,-,USD,0.53,0.43,1.0,"Aug 15, 2024",0.93,0.62,-,0.43,0.62,0.43,USD,"Aug 12, 2020","Aug 12, 2020"
BCC_17-1AR A1R 144A,ABS,Fixed Income,"3,202,986.56",0.07,"3,202,986.56","3,200,000.00",05682QAQ9,US05682QAQ91,-,99.87,United States,-,USD,0.06,1.26,1.0,"Jul 20, 2030",1.1,0.04,-,1.26,0.04,1.26,USD,"May 20, 2021","May 20, 2021"
ENBRIDGE INC,Industrial,Fixed Income,"3,128,684.54",0.06,"3,128,684.54","3,130,000.00",29250NBD6,US29250NBD66,-,99.9,Canada,-,USD,0.01,0.57,1.0,"Feb 17, 2023",0.05,0.13,-,0.57,0.13,0.57,USD,"Feb 19, 2021","Feb 19, 2021"
BAT CAPITAL CORP,Industrial,Fixed Income,"3,057,058.96",0.06,"3,057,058.96","2,994,000.00",05526DAV7,US05526DAV73,BG5QS55,101.06,United Kingdom,-,USD,0.53,1.05,1.0,"Aug 15, 2022",2.76,0.61,-,0.79,0.53,0.79,USD,"Aug 15, 2018","Nov 20, 2018"
NATWEST GROUP PLC,Financial Institutions,Fixed Income,"3,049,944.96",0.06,"3,049,944.96","3,000,000.00",780097BH3,US780097BH35,BFYK680,101.66,United Kingdom,-,USD,0.24,1.11,1.0,"Jun 25, 2024",1.77,0.22,-,0.66,0.23,0.66,USD,"Jun 25, 2018","Jun 25, 2018"
MIZUHO FINANCIAL GROUP INC,Financial Institutions,Fixed Income,"3,019,331.40",0.06,"3,019,331.40","3,000,000.00",60687YAQ2,US60687YAQ26,BFX0636,100.58,Japan,-,USD,0.19,0.52,1.0,"Mar 05, 2023",0.97,0.18,-,0.52,0.18,0.52,USD,"Mar 05, 2018","Mar 05, 2018"
MITSUBISHI UFJ FINANCIAL GROUP INC,Financial Institutions,Fixed Income,"3,015,302.50",0.06,"3,015,302.50","3,000,000.00",606822AQ7,US606822AQ75,-,100.34,Japan,-,USD,0.07,0.40,1.0,"Jul 25, 2022",0.91,0.07,-,0.40,0.07,0.40,USD,"Jul 25, 2017","Jul 25, 2017"
OCT17_13-1A A1R2 144A,ABS,Fixed Income,"2,994,874.70",0.06,"2,994,874.70","3,000,000.00",67590GBG3,US67590GBG38,-,99.62,United States,-,USD,0.07,1.38,1.0,"Jan 25, 2031",1.12,0.05,-,1.38,0.05,1.38,USD,"Feb 28, 2018","Feb 28, 2018"
SNDPT_17-1A ARR 144A,ABS,Fixed Income,"2,846,744.14",0.06,"2,846,744.14","2,845,000.00",83609RAL5,US83609RAL50,-,99.87,United States,-,USD,0.07,1.21,1.0,"Jan 23, 2029",1.02,0.06,-,1.21,0.06,1.21,USD,"Mar 24, 2021","Mar 24, 2021"
ENBRIDGE INC,Industrial,Fixed Income,"2,790,383.61",0.06,"2,790,383.61","2,805,000.00",29250NBG9,US29250NBG97,-,99.35,Canada,-,USD,1.74,0.93,1.0,"Oct 04, 2023",0.55,1.74,-,0.93,1.74,0.93,USD,"Oct 04, 2021","Oct 04, 2021"
COMM_21-LBA A 144A,CMBS,Fixed Income,"2,778,228.76",0.06,"2,778,228.76","2,800,000.00",12598GAA5,US12598GAA58,-,99.19,United States,-,USD,0.02,0.99,1.0,"Mar 15, 2038",0.8,4.17,-,0.99,4.17,0.99,USD,"Mar 17, 2021","Mar 17, 2021"
SHACK_15-7RA AR 144A,ABS,Fixed Income,"2,754,750.10",0.06,"2,754,750.10","2,750,000.00",81883AAL3,US81883AAL35,-,99.9,United States,-,USD,0.06,1.41,1.0,"Jul 15, 2031",1.27,0.03,-,1.41,0.03,1.41,USD,"May 04, 2021","May 04, 2021"
SHACK_17-11A AR 144A,ABS,Fixed Income,"2,753,123.56",0.06,"2,753,123.56","2,750,000.00",81883EAE1,US81883EAE14,-,99.95,United States,-,USD,0.13,1.33,1.0,"Aug 15, 2030",1.25,0.12,-,1.33,0.12,1.33,USD,"Mar 05, 2020","Mar 05, 2020"
GENERAL MILLS INC,Industrial,Fixed Income,"2,736,082.52",0.06,"2,736,082.52","2,696,000.00",370334CC6,US370334CC65,BDZ7GY2,101.25,United States,-,USD,0.06,0.53,1.0,"Oct 17, 2023",1.13,0.04,-,0.53,0.04,0.53,USD,"Apr 17, 2018","Apr 17, 2018"
TESLA_20-A A2 144A,ABS,Fixed Income,"2,679,363.81",0.06,"2,679,363.81","2,678,369.00",88167HAB2,US88167HAB24,-,100.02,United States,-,USD,0.15,0.40,1.0,"May 22, 2023",0.55,0.15,-,0.40,0.15,0.40,USD,"Aug 05, 2020","Aug 05, 2020"
LNCR_21-CRE6 A 144A,CMBS,Fixed Income,"2,640,037.90",0.05,"2,640,037.90","2,640,000.00",53948HAA4,US53948HAA41,-,99.94,United States,-,USD,0.0,0.00,1.0,"Nov 15, 2038",1.41,0.0,-,0.00,0.0,0.00,USD,"Nov 04, 2021","Nov 04, 2021"
LCM_29A AR 144A,ABS,Fixed Income,"2,602,794.22",0.05,"2,602,794.22","2,600,000.00",50201MAQ6,US50201MAQ69,-,99.85,United States,-,USD,0.06,1.34,1.0,"Apr 15, 2031",1.19,0.03,-,1.34,0.03,1.34,USD,"Jul 15, 2021","Jul 15, 2021"
ATRM_13A A1 144A,ABS,Fixed Income,"2,506,154.66",0.05,"2,506,154.66","2,500,000.00",04966HAA4,US04966HAA41,-,100.0,United States,-,USD,0.07,1.40,1.0,"Nov 21, 2030",1.3,0.05,-,1.40,0.05,1.40,USD,"Nov 21, 2017","Nov 21, 2017"
PSTAT_18-4A A1 144A,ABS,Fixed Income,"2,452,039.18",0.05,"2,452,039.18","2,450,761.00",69700KAA1,US69700KAA16,-,99.92,United States,-,USD,0.13,1.26,1.0,"Nov 15, 2026",1.06,0.13,-,1.26,0.13,1.26,USD,"Oct 31, 2018","Oct 31, 2018"
OCP_17-13A A1AR 144A,ABS,Fixed Income,"2,356,181.25",0.05,"2,356,181.25","2,350,000.00",67097LAH9,US67097LAH96,-,100.03,United States,-,USD,0.06,1.17,1.0,"Jul 15, 2030",1.08,0.04,-,1.17,0.04,1.17,USD,"Sep 14, 2021","Sep 14, 2021"
PRDGY_21-1A A 144A,ABS,Fixed Income,"2,248,958.77",0.05,"2,248,958.77","2,248,987.00",742855AA7,US742855AA76,-,99.98,United Kingdom,-,USD,0.06,1.38,1.0,"Jul 25, 2051",1.35,0.05,-,1.38,0.05,1.38,USD,"Jul 14, 2021","Jul 14, 2021"
VOLKSWAGEN GROUP OF AMERICA FINANC 144A,Industrial,Fixed Income,"2,191,071.88",0.05,"2,191,071.88","2,145,000.00",928668AZ5,US928668AZ53,-,101.44,Germany,-,USD,0.73,0.74,1.0,"Sep 26, 2022",2.7,0.73,-,0.74,0.73,0.74,USD,"Sep 26, 2019","Sep 26, 2019"
DWSON_21-2 B RegS,ABS,Fixed Income,"2,163,023.74",0.04,"2,163,023.74","1,600,000.00",-,XS2401060780,-,135.18,United Kingdom,-,USD,0.08,1.49,0.74,"Oct 20, 2028",0.19,0.05,-,1.49,0.05,1.49,GBP,"Oct 21, 2021","Oct 21, 2021"
CEDF_18-9A A1 144A,ABS,Fixed Income,"2,130,523.34",0.04,"2,130,523.34","2,130,000.00",15033EAA6,US15033EAA64,-,99.8,United States,-,USD,0.06,1.28,1.0,"Apr 20, 2031",1.11,0.04,-,1.28,0.04,1.28,USD,"May 03, 2018","May 03, 2018"
DOWDUPONT INC,Industrial,Fixed Income,"2,125,786.11",0.04,"2,125,786.11","2,000,000.00",26078JAB6,US26078JAB61,BGL9DH5,105.75,United States,-,USD,1.73,1.09,1.0,"Nov 15, 2023",4.21,1.8,-,0.95,1.73,0.95,USD,"Nov 28, 2018","Nov 28, 2018"
BX_21-VIEW A,CMBS,Fixed Income,"2,069,502.10",0.04,"2,069,502.10","2,070,000.00",05606GAA9,US05606GAA94,-,99.91,United States,-,USD,0.04,1.40,1.0,"Jun 15, 2023",1.39,4.42,-,1.40,4.42,1.40,USD,"Jun 01, 2021","Jun 01, 2021"
NEUB_19-33A AR 144A,ABS,Fixed Income,"2,054,223.60",0.04,"2,054,223.60","2,050,000.00",64132TAJ2,US64132TAJ25,-,99.96,United States,-,USD,0.06,1.32,1.0,"Oct 16, 2033",1.2,0.03,-,1.32,0.03,1.32,USD,"Oct 18, 2021","Oct 18, 2021"
RRAM_18-3A A1R2 144A,ABS,Fixed Income,"2,001,256.95",0.04,"2,001,256.95","2,000,000.00",74988LAA2,US74988LAA26,-,99.8,United States,-,USD,0.06,1.39,1.0,"Jan 15, 2030",1.21,0.04,-,1.39,0.04,1.39,USD,"Jan 29, 2018","Jan 29, 2018"
LNCR_18_CRE1 A 144A,ABS,Fixed Income,"1,981,399.13",0.04,"1,981,399.13","1,978,838.00",53946MAA5,US53946MAA53,-,100.07,United States,-,USD,0.02,3.19,1.0,"May 15, 2028",1.24,1.74,-,3.19,1.74,3.19,USD,"Jun 05, 2018","Jun 05, 2018"
JPMCC_19-BKWD A 144A,CMBS,Fixed Income,"1,907,089.18",0.04,"1,907,089.18","1,911,000.00",46591JAA4,US46591JAA43,-,99.75,United States,-,USD,0.05,1.48,1.0,"Sep 15, 2029",1.11,2.68,-,1.48,2.68,1.48,USD,"Oct 16, 2019","Oct 16, 2019"
COLD_20-ICE5 A 144A,CMBS,Fixed Income,"1,842,265.63",0.04,"1,842,265.63","1,843,107.00",193051AA7,US193051AA74,-,99.91,United States,-,USD,0.04,1.03,1.0,"Nov 15, 2037",1.01,3.83,-,1.03,3.83,1.03,USD,"Oct 29, 2020","Oct 29, 2020"
PLMRS_13-2A A1A3,ABS,Fixed Income,"1,801,100.24",0.04,"1,801,100.24","1,800,000.00",69688AAL5,US69688AAL52,-,99.83,United States,-,USD,0.06,1.28,1.0,"Oct 17, 2031",1.12,0.03,-,1.28,0.03,1.28,USD,"May 20, 2021","May 20, 2021"
GFUND_18-1 A1 144A,ABS,Fixed Income,"1,755,009.74",0.04,"1,755,009.74","1,753,030.00",38312RAA1,US38312RAA14,-,100.05,United Kingdom,-,USD,0.15,0.52,1.0,"Aug 25, 2060",0.63,0.15,-,0.52,0.15,0.52,USD,"Sep 24, 2018","Sep 24, 2018"
MARNR_15-1A AR2 144A,ABS,Fixed Income,"1,753,030.07",0.04,"1,753,030.07","1,751,748.00",56844XBG3,US56844XBG34,-,99.85,United States,-,USD,0.06,1.31,1.0,"Apr 20, 2029",1.11,0.05,-,1.31,0.05,1.31,USD,"Mar 04, 2020","Mar 04, 2020"
MDPK_19-37A AR 144A,ABS,Fixed Income,"1,749,835.50",0.04,"1,749,835.50","1,750,000.00",55817EAN6,US55817EAN67,-,99.74,United States,-,USD,0.05,1.36,1.0,"Jul 15, 2033",1.19,0.03,-,1.36,0.03,1.36,USD,"Jul 06, 2021","Jul 06, 2021"
BSP_17-12AR A1R 144A,ABS,Fixed Income,"1,678,510.75",0.03,"1,678,510.75","1,677,500.00",08179HAE0,US08179HAE09,-,99.83,United States,-,USD,0.05,1.24,1.0,"Oct 15, 2030",1.07,0.04,-,1.24,0.04,1.24,USD,"Oct 15, 2021","Oct 15, 2021"
APID_15-21AR A1R 144A,ABS,Fixed Income,"1,650,094.54",0.03,"1,650,094.54","1,646,532.00",03765PAJ2,US03765PAJ21,-,100.0,United States,-,USD,0.05,1.15,1.0,"Jul 18, 2027",1.05,0.05,-,1.15,0.05,1.15,USD,"Jul 18, 2018","Jul 18, 2018"
SATUS_21-1 A RegS,ABS,Fixed Income,"1,605,333.74",0.03,"1,605,333.74","1,184,000.00",-,XS2406633094,-,135.58,United Kingdom,-,USD,0.03,0.76,0.74,"Aug 17, 2028",0.05,0.04,-,0.76,0.04,0.76,GBP,"Nov 26, 2021","Nov 26, 2021"
CHASE_19-ATR2 A11 144A,CMO,Fixed Income,"1,556,253.59",0.03,"1,556,253.59","1,549,717.00",16159GAL3,US16159GAL32,-,100.41,United States,-,USD,0.01,0.70,1.0,"Jul 25, 2049",1.0,0.06,-,0.70,0.06,0.70,USD,"Jul 25, 2019","Jul 25, 2019"
PIPK_18-1A A 144A,ABS,Fixed Income,"1,503,462.70",0.03,"1,503,462.70","1,500,000.00",721327AA2,US721327AA21,-,99.99,United States,-,USD,0.07,1.41,1.0,"Jul 24, 2031",1.3,0.05,-,1.41,0.05,1.41,USD,"Jun 21, 2018","Jun 21, 2018"
EUR CASH,Cash and/or Derivatives,Cash,"1,460,487.65",0.03,"1,460,487.65","1,284,284.00",-,-,-,113.72,European Union,-,USD,0.0,-0.58,0.88,-,0.0,0.0,-,-0.58,0.0,-0.58,EUR,-,"Jan 01, 1989"
AGL_20-4A A1R 144A,ABS,Fixed Income,"1,403,704.26",0.03,"1,403,704.26","1,400,000.00",001199AG3,US001199AG35,-,100.02,United States,-,USD,0.06,1.29,1.0,"Apr 20, 2033",1.2,0.04,-,1.29,0.04,1.29,USD,"Apr 20, 2021","Apr 20, 2021"
JDOT_20-B A2,ABS,Fixed Income,"1,363,964.95",0.03,"1,363,964.95","1,363,664.00",47787NAB5,US47787NAB55,-,100.0,United States,-,USD,0.1,0.22,1.0,"Mar 15, 2023",0.41,0.1,-,0.22,0.1,0.22,USD,"Jul 22, 2020","Jul 22, 2020"
SHERWIN-WILLIAMS COMPANY (THE),Industrial,Fixed Income,"1,265,877.47",0.03,"1,265,877.47","1,254,000.00",824348AU0,US824348AU08,BDGKSR7,100.72,United States,-,USD,0.33,1.02,1.0,"Jun 01, 2022",2.75,0.41,-,0.59,0.34,0.59,USD,"May 16, 2017","May 16, 2017"
SNDPT_20-28A A 144A,ABS,Fixed Income,"1,253,556.10",0.03,"1,253,556.10","1,250,000.00",83615CAA4,US83615CAA45,-,100.02,United States,-,USD,0.08,1.50,1.0,"Jan 25, 2032",1.4,0.05,-,1.50,0.05,1.50,USD,"Dec 28, 2020","Dec 28, 2020"
CIFC_18-2A A1 144A,ABS,Fixed Income,"1,252,230.50",0.03,"1,252,230.50","1,250,000.00",17180WAA3,US17180WAA36,-,99.94,United States,-,USD,0.06,1.29,1.0,"Apr 20, 2031",1.17,0.04,-,1.29,0.04,1.29,USD,"May 31, 2018","May 31, 2018"
MF1_21-W10X A 144A,CMBS,Fixed Income,"1,235,200.56",0.03,"1,235,200.56","1,230,000.00",55284DAA0,US55284DAA00,-,100.34,United States,-,USD,0.04,1.19,1.0,"Dec 15, 2034",1.05,4.89,-,1.19,4.89,1.19,USD,"Dec 01, 2021","Dec 01, 2021"
MARNR_16-3A AR2 144A,ABS,Fixed Income,"1,222,968.11",0.03,"1,222,968.11","1,221,650.00",56845AAU2,US56845AAU25,-,99.9,United States,-,USD,0.07,1.28,1.0,"Jul 23, 2029",1.11,0.06,-,1.28,0.06,1.28,USD,"Mar 04, 2020","Mar 04, 2020"
WELF_16-1A AR 144A,ABS,Fixed Income,"1,127,465.49",0.02,"1,127,465.49","1,125,100.00",94949RAS6,US94949RAS67,-,100.0,United States,-,USD,0.06,1.13,1.0,"Apr 20, 2028",1.04,0.05,-,1.13,0.05,1.13,USD,"May 10, 2018","May 10, 2018"
HLM_14-3A A1R 144A,ABS,Fixed Income,"1,103,014.27",0.02,"1,103,014.27","1,100,000.00",40436XAC1,US40436XAC11,-,100.01,United States,-,USD,0.06,1.41,1.0,"Jul 18, 2029",1.3,0.04,-,1.41,0.04,1.41,USD,"Jul 18, 2017","Jul 18, 2017"
GLDR_19-UKA B RegS,ABS,Fixed Income,"1,041,274.37",0.02,"1,041,274.37","768,205.00",-,XS2049297182,-,135.54,United Kingdom,-,USD,0.06,0.98,0.74,"Sep 20, 2026",1.69,0.06,-,0.98,0.06,0.98,GBP,"Sep 19, 2019","Sep 19, 2019"
AMCAR_20-2 A2B,ABS,Fixed Income,"1,022,832.69",0.02,"1,022,832.69","1,022,480.00",03066EAC8,US03066EAC84,-,100.02,United States,-,USD,0.05,0.30,1.0,"Dec 18, 2023",0.45,0.05,-,0.30,0.05,0.30,USD,"Jul 22, 2020","Jul 22, 2020"
AUTOF_2 B RegS,ABS,Fixed Income,"1,014,020.16",0.02,"1,014,020.16","898,000.00",-,IT0005456956,-,112.92,Italy,-,USD,0.08,0.43,0.88,"Dec 21, 2043",0.0,0.05,-,0.43,0.05,0.43,EUR,"Oct 12, 2021","Oct 12, 2021"
AIG 2018-1AR A1R 144A,ABS,Fixed Income,"1,002,143.30",0.02,"1,002,143.30","1,000,000.00",00141UAC7,US00141UAC71,-,99.96,United States,-,USD,0.06,1.36,1.0,"Apr 20, 2032",1.25,0.04,-,1.36,0.04,1.36,USD,"May 10, 2021","May 10, 2021"
CGMS_18-17A A1AR 144A,ABS,Fixed Income,"1,001,323.45",0.02,"1,001,323.45","1,000,000.00",14307PAC9,US14307PAC95,-,99.93,United States,-,USD,0.09,1.28,1.0,"Apr 30, 2031",1.16,0.07,-,1.28,0.07,1.28,USD,"May 10, 2018","May 10, 2018"
GBP CASH,Cash and/or Derivatives,Cash,"970,359.71",0.02,"970,359.71","716,423.00",-,-,-,135.44,United Kingdom,-,USD,0.0,0.19,0.74,-,0.0,0.0,-,0.19,0.0,0.19,GBP,-,"Jan 01, 1989"
MDPK_15-17A-AR2 AR2 144A,ABS,Fixed Income,"800,626.50",0.02,"800,626.50","800,000.00",55818YBN0,US55818YBN04,-,99.86,United States,-,USD,0.06,1.29,1.0,"Jul 21, 2030",1.13,0.05,-,1.29,0.05,1.29,USD,"Feb 12, 2021","Feb 12, 2021"
COMM_13-CR6 A3FL 144A,CMBS,Fixed Income,"788,322.53",0.02,"788,322.53","787,957.00",12624XAF5,US12624XAF50,-,100.0,United States,-,USD,0.03,0.93,1.0,"Mar 10, 2046",0.73,0.04,-,0.93,0.04,0.93,USD,"Mar 07, 2013","Mar 07, 2013"
BSP_15-8A A1AR 144A,ABS,Fixed Income,"751,658.10",0.02,"751,658.10","750,000.00",08180XAN2,US08180XAN21,-,99.97,United States,-,USD,0.06,1.34,1.0,"Jan 20, 2031",1.23,0.04,-,1.34,0.04,1.34,USD,"Feb 09, 2018","Feb 09, 2018"
CBAM_18-7A A 144A,ABS,Fixed Income,"751,158.68",0.02,"751,158.68","750,000.00",12482JAA8,US12482JAA88,-,99.91,United States,-,USD,0.06,1.36,1.0,"Jul 20, 2031",1.23,0.04,-,1.36,0.04,1.36,USD,"Jul 12, 2018","Jul 12, 2018"
GALXY_13-15A ARR 144A,ABS,Fixed Income,"671,407.01",0.01,"671,407.01","670,000.00",36318WAK6,US36318WAK62,-,99.98,United States,-,USD,0.06,1.20,1.0,"Oct 15, 2030",1.09,0.04,-,1.20,0.04,1.20,USD,"Jun 09, 2021","Jun 09, 2021"
SOFI_16-C A1 144A,ABS,Fixed Income,"660,852.89",0.01,"660,852.89","659,148.00",83402DAA9,US83402DAA90,-,100.25,United States,-,USD,0.17,0.49,1.0,"Oct 27, 2036",1.2,3.0,-,0.49,3.0,0.49,USD,"Jul 27, 2016","Jul 27, 2016"
NAVSL_17-A A2B 144A,ABS,Fixed Income,"648,673.87",0.01,"648,673.87","648,178.00",63939XAC5,US63939XAC56,-,100.03,United States,-,USD,0.04,0.99,1.0,"Dec 16, 2058",1.01,0.04,-,0.99,0.04,0.99,USD,"Oct 26, 2017","Oct 26, 2017"
OMFIT_16-3A A 144A,ABS,Fixed Income,"585,986.96",0.01,"585,986.96","582,979.00",68268HAA4,US68268HAA41,-,100.38,United States,-,USD,0.27,2.40,1.0,"Jun 18, 2031",3.83,0.27,-,2.40,0.27,2.40,USD,"Jun 07, 2016","Jun 07, 2016"
BABSN_19-3A A1R 144A,ABS,Fixed Income,"550,772.97",0.01,"550,772.97","550,000.00",06761KAL5,US06761KAL52,-,99.9,United States,-,USD,0.06,1.33,1.0,"Apr 20, 2031",1.2,0.04,-,1.33,0.04,1.33,USD,"May 20, 2021","May 20, 2021"
SATUS_21-1 B RegS,ABS,Fixed Income,"541,278.42",0.01,"541,278.42","400,000.00",-,XS2406633177,-,135.31,United Kingdom,-,USD,0.03,1.44,0.74,"Aug 17, 2028",0.05,0.03,-,1.44,0.03,1.44,GBP,"Nov 26, 2021","Nov 26, 2021"
AWPT_14-2A A1R 144A,ABS,Fixed Income,"501,456.96",0.01,"501,456.96","500,000.00",28622QAB7,US28622QAB77,-,100.0,United States,-,USD,0.06,1.45,1.0,"Oct 15, 2029",1.35,0.04,-,1.45,0.04,1.45,USD,"Oct 19, 2017","Oct 19, 2017"
TICP_17-9A A 144A,ABS,Fixed Income,"501,271.90",0.01,"501,271.90","500,000.00",87249AAA3,US87249AAA34,-,100.0,United States,-,USD,0.06,1.37,1.0,"Jan 20, 2031",1.27,0.04,-,1.37,0.04,1.37,USD,"Jan 26, 2018","Jan 26, 2018"
SYMP_15-16A AR 144A,ABS,Fixed Income,"500,863.90",0.01,"500,863.90","500,000.00",87165VAF6,US87165VAF67,-,99.9,United States,-,USD,0.06,1.41,1.0,"Oct 15, 2031",1.27,0.03,-,1.41,0.03,1.41,USD,"Sep 07, 2018","Sep 07, 2018"
NEUB_13-14A AR2 144A,ABS,Fixed Income,"500,901.54",0.01,"500,901.54","500,000.00",64129JBE9,US64129JBE91,-,99.97,European Union,-,USD,0.08,1.27,1.0,"Jan 28, 2030",1.17,0.07,-,1.27,0.07,1.27,USD,"Feb 14, 2020","Feb 14, 2020"
PLMRS_21-3A A1 144A,ABS,Fixed Income,"500,409.57",0.01,"500,409.57","500,000.00",69688FAA8,US69688FAA84,-,100.0,United States,-,USD,0.0,0.00,1.0,"Jan 15, 2035",1.35,0.0,-,0.00,0.0,0.00,USD,"Dec 09, 2021","Dec 09, 2021"
APID_13-12A AR 144A,ABS,Fixed Income,"500,056.74",0.01,"500,056.74","500,000.00",03764DAH4,US03764DAH44,-,99.75,United States,-,USD,0.05,1.39,1.0,"Apr 15, 2031",1.2,0.03,-,1.39,0.03,1.39,USD,"Feb 22, 2018","Feb 22, 2018"
MF1_21-W10X B 144A,CMBS,Fixed Income,"482,150.62",0.01,"482,150.62","480,000.00",55284DAG7,US55284DAG79,-,100.33,United States,-,USD,0.05,1.49,1.0,"Dec 15, 2034",1.4,4.84,-,1.49,4.84,1.49,USD,"Dec 01, 2021","Dec 01, 2021"
BSP_3R-R A1R 144A,ABS,Fixed Income,"456,602.24",0.01,"456,602.24","455,909.00",08180EBJ2,US08180EBJ29,-,99.93,United States,-,USD,0.06,1.28,1.0,"Jul 20, 2029",1.13,0.05,-,1.28,0.05,1.28,USD,"Apr 28, 2021","Apr 28, 2021"
RNBAG_8 B RegS,ABS,Fixed Income,"452,595.97",0.01,"452,595.97","400,000.00",-,XS2385345348,-,113.14,Germany,-,USD,0.11,0.40,0.88,"Sep 15, 2030",0.16,0.08,-,0.40,0.08,0.40,EUR,"Oct 27, 2021","Oct 27, 2021"
HLA_15-2AR AR 144A,ABS,Fixed Income,"436,136.89",0.01,"436,136.89","435,162.00",40538KAL6,US40538KAL61,-,100.0,United States,-,USD,0.07,1.20,1.0,"Jul 25, 2027",1.2,0.07,-,1.20,0.07,1.20,USD,"Oct 25, 2018","Oct 25, 2018"
SATUS_21-1 C RegS,ABS,Fixed Income,"405,964.91",0.01,"405,964.91","300,000.00",-,XS2406633250,-,135.32,United Kingdom,-,USD,0.03,1.84,0.74,"Aug 17, 2028",0.05,0.03,-,1.84,0.03,1.84,GBP,"Nov 26, 2021","Nov 26, 2021"
CASL_21-A A1 144A,ABS,Fixed Income,"278,174.34",0.01,"278,174.34","277,249.00",19424KAA1,US19424KAA16,-,100.31,United States,-,USD,0.07,1.13,1.0,"Jul 25, 2051",1.2,0.05,-,1.13,0.05,1.13,USD,"Feb 18, 2021","Feb 18, 2021"
GILBT_17-1A A 144A,ABS,Fixed Income,"250,716.82",0.01,"250,716.82","250,000.00",375415AA4,US375415AA45,-,100.01,United States,-,USD,0.06,1.41,1.0,"Oct 15, 2030",1.31,0.04,-,1.41,0.04,1.41,USD,"Oct 24, 2017","Oct 24, 2017"
ASRNT_18-1A A 144A,ABS,Fixed Income,"250,473.60",0.01,"250,473.60","250,000.00",04623TAA3,US04623TAA34,-,99.96,United States,-,USD,0.06,1.28,1.0,"Apr 20, 2031",1.17,0.04,-,1.28,0.04,1.28,USD,"Apr 18, 2018","Apr 18, 2018"
CIFC_14-2RA A1 144A,ABS,Fixed Income,"250,396.96",0.01,"250,396.96","250,000.00",12548RAB0,US12548RAB06,-,99.94,United States,-,USD,0.07,1.30,1.0,"Apr 24, 2030",1.17,0.06,-,1.30,0.06,1.30,USD,"May 23, 2018","May 23, 2018"
DRSLF_20-77AR XR 144A,ABS,Fixed Income,"249,950.29",0.01,"249,950.29","250,000.00",26252VAQ4,US26252VAQ41,-,99.85,United States,-,USD,0.15,1.28,1.0,"May 20, 2034",1.16,0.12,-,1.28,0.12,1.28,USD,"May 27, 2021","May 27, 2021"
SMB_15-A A2A 144A,ABS,Fixed Income,"189,482.03",0.0,"189,482.03","189,128.00",78448PAB6,US78448PAB67,-,100.08,United States,-,USD,0.05,0.71,1.0,"Jun 15, 2027",2.49,0.05,-,0.71,0.05,0.71,USD,"Apr 23, 2015","Apr 23, 2015"
CAD CASH,Cash and/or Derivatives,Cash,"142,500.89",0.0,"142,500.89","180,000.00",-,-,-,79.17,Canada,-,USD,0.0,0.45,1.26,-,0.0,0.0,-,0.45,0.0,0.45,CAD,-,"Jan 01, 1989"
JPY CASH,Cash and/or Derivatives,Cash,4.83,0.0,4.83,556.00,-,-,-,0.87,Japan,-,USD,0.0,-0.05,115.16,-,0.0,0.0,-,-0.05,0.0,-0.05,JPY,-,"Jan 01, 1990"
EUR/USD,Cash and/or Derivatives,Forwards,"-324,595.57",-0.01,"-324,595.57","-50,485,000.00",-,-,-,1.0,United States,-,USD,0.0,-,0.88,"Mar 16, 2022",0.0,0.0,-,-,0.0,-,USD,-,"Dec 13, 2021"
GBP/USD,Cash and/or Derivatives,Forwards,"-993,294.39",-0.02,"-993,294.39","-36,884,000.00",-,-,-,1.0,United States,-,USD,0.0,-,0.74,"Mar 16, 2022",0.0,0.0,-,-,0.0,-,USD,-,"Dec 13, 2021"
