,,,,,,,,,,,,,,,,,,,,,,,,,,iShares® iBonds® 2025 Term High Yield and Income ETF
CAESARS ENTERTAINMENT INC 144A,Corporates,Fixed Income,"773,351.15",1.84,"773,351.15","715,000.00",28470RAH5,US28470RAH57,BLFBXP0,105.04,United States,-,USD,0.53,4.67,1.0,"Jul 01, 2025",6.25,3.05,-,2.3,0.48,2.3,USD,"Jul 06, 2020","Jul 06, 2020"
AMERICAN AIRLINES INC 144A,Corporates,Fixed Income,"669,744.69",1.59,"669,744.69","520,000.00",023771S58,US023771S586,-,123.38,United States,-,USD,2.91,4.52,1.0,"Jul 15, 2025",11.75,2.86,-,4.52,2.86,4.52,USD,"Jun 30, 2020","Jun 30, 2020"
HCA INC,Corporates,Fixed Income,"610,926.38",1.45,"610,926.38","545,000.00",404119BR9,US404119BR91,BVD8LL5,109.86,United States,-,USD,2.83,2.06,1.0,"Feb 01, 2025",5.38,2.81,-,2.06,2.81,2.06,USD,"Jan 16, 2015","Jan 16, 2015"
FORD MOTOR CREDIT COMPANY LLC,Corporates,Fixed Income,"567,563.00",1.35,"567,563.00","545,000.00",345397B28,US345397B280,BMWS436,103.69,United States,-,USD,3.59,2.37,1.0,"Nov 13, 2025",3.38,3.6,-,2.35,3.53,2.35,USD,"Nov 13, 2020","Nov 13, 2020"
BAUSCH HEALTH COMPANIES INC 144A,Corporates,Fixed Income,"561,250.53",1.33,"561,250.53","543,000.00",91831AAC5,US91831AAC53,BWD21S1,102.07,United States,-,USD,0.29,5.43,1.0,"Apr 15, 2025",6.13,2.92,-,2.42,0.29,2.42,USD,"Mar 27, 2015","Mar 27, 2015"
UNITI GROUP LP 144A,Corporates,Fixed Income,"493,492.60",1.17,"493,492.60","460,000.00",91327AAA0,US91327AAA07,BL6Z5M2,104.31,United States,-,USD,0.24,6.33,1.0,"Feb 15, 2025",7.88,2.67,-,4.53,0.12,4.53,USD,"Feb 10, 2020","Feb 10, 2020"
SPRINT CORP,Corporates,Fixed Income,"460,490.77",1.09,"460,490.77","390,000.00",85207UAJ4,US85207UAJ43,BVZCLQ0,115.19,United States,-,USD,2.58,2.53,1.0,"Feb 15, 2025",7.63,2.76,-,2.14,2.56,2.14,USD,"Feb 24, 2015","Feb 24, 2015"
BAUSCH HEALTH COMPANIES INC 144A,Corporates,Fixed Income,"444,259.20",1.06,"444,259.20","420,000.00",91911KAP7,US91911KAP75,BZ3ZWN3,105.38,United States,-,USD,0.08,7.41,1.0,"Dec 15, 2025",9.0,3.3,-,-1.71,0.08,-1.71,USD,"Dec 18, 2017","Dec 18, 2017"
WYNN LAS VEGAS LLC / WYNN LAS VEGA 144A,Corporates,Fixed Income,"394,583.75",0.94,"394,583.75","375,000.00",983130AV7,US983130AV78,BVXGVS6,103.39,United States,-,USD,2.77,4.34,1.0,"Mar 01, 2025",5.5,2.84,-,4.25,2.63,4.25,USD,"Feb 18, 2015","Feb 18, 2015"
VERITAS US INC 144A,Corporates,Fixed Income,"393,332.20",0.93,"393,332.20","370,000.00",92346LAE3,US92346LAE39,-,103.81,United States,-,USD,0.86,6.32,1.0,"Sep 01, 2025",7.5,3.11,-,4.43,0.64,4.43,USD,"Aug 20, 2020","Aug 20, 2020"
ARAMARK SERVICES INC 144A,Corporates,Fixed Income,"385,372.48",0.92,"385,372.48","365,000.00",038522AR9,US038522AR99,-,104.52,United States,-,USD,0.34,4.89,1.0,"May 01, 2025",6.38,2.96,-,2.26,0.33,2.26,USD,"Apr 27, 2020","Apr 27, 2020"
BAUSCH HEALTH COMPANIES INC 144A,Corporates,Fixed Income,"358,615.83",0.85,"358,615.83","350,000.00",91911KAN2,US91911KAN28,BF032J6,101.55,United States,-,USD,0.42,5.05,1.0,"Nov 01, 2025",5.5,3.4,-,3.2,0.08,3.2,USD,"Oct 17, 2017","Oct 17, 2017"
DEUTSCHE BANK AG,Corporates,Fixed Income,"338,653.35",0.8,"338,653.35","315,000.00",251525AP6,US251525AP63,BWP2TZ2,106.38,Germany,-,USD,3.02,2.44,1.0,"Apr 01, 2025",4.5,3.0,-,2.44,3.0,2.44,USD,"Apr 01, 2015","Apr 01, 2015"
ROYAL CARIBBEAN CRUISES LTD 144A,Corporates,Fixed Income,"336,458.50",0.8,"336,458.50","286,000.00",780153AZ5,US780153AZ50,-,112.37,United States,-,USD,0.4,7.35,1.0,"Jun 01, 2025",11.5,2.72,-,2.28,0.39,2.28,USD,"May 19, 2020","May 19, 2020"
CHS/COMMUNITY HEALTH SYSTEMS INC 144A,Corporates,Fixed Income,"336,060.51",0.8,"336,060.51","317,000.00",12543DBF6,US12543DBF69,-,103.51,United States,-,USD,0.85,5.39,1.0,"Feb 15, 2025",6.63,2.74,-,4.73,0.12,4.73,USD,"Feb 06, 2020","Feb 06, 2020"
BLK CSH FND TREASURY SL AGENCY,Cash and/or Derivatives,Money Market,"330,000.00",0.78,"330,000.00","330,000.00",066922477,US0669224778,6922477,1.0,United States,-,USD,0.07,0.07,1.0,-,0.1,0.1,-,0.07,0.1,0.07,USD,-,"Feb 04, 2009"
WESCO DISTRIBUTION INC 144A,Corporates,Fixed Income,"329,581.67",0.78,"329,581.67","310,000.00",95081QAN4,US95081QAN43,-,106.0,United States,-,USD,0.45,5.2,1.0,"Jun 15, 2025",7.13,3.05,-,1.67,0.45,1.67,USD,"Jun 12, 2020","Jun 12, 2020"
COMMSCOPE TECHNOLOGIES LLC 144A,Corporates,Fixed Income,"324,252.13",0.77,"324,252.13","323,000.00",20337YAA5,US20337YAA55,BYQF2Y4,100.12,United States,-,USD,2.37,5.96,1.0,"Jun 15, 2025",6.0,3.07,-,5.91,1.37,5.91,USD,"Jun 11, 2015","Jun 11, 2015"
BALL CORP,Corporates,Fixed Income,"321,420.15",0.76,"321,420.15","285,000.00",058498AT3,US058498AT38,BYR7K23,110.15,United States,-,USD,3.16,2.22,1.0,"Jul 01, 2025",5.25,3.15,-,2.22,3.15,2.22,USD,"Jun 25, 2015","Jun 25, 2015"
BOMBARDIER INC 144A,Corporates,Fixed Income,"317,585.32",0.75,"317,585.32","305,000.00",097751BM2,US097751BM26,BW55650,101.92,Canada,-,USD,0.2,6.82,1.0,"Mar 15, 2025",7.5,2.76,-,4.08,0.2,4.08,USD,"Mar 13, 2015","Mar 13, 2015"
FORD MOTOR CREDIT COMPANY LLC,Corporates,Fixed Income,"300,191.49",0.71,"300,191.49","275,000.00",345397A60,US345397A605,-,108.95,United States,-,USD,3.14,2.41,1.0,"Jun 16, 2025",5.13,3.18,-,2.35,3.11,2.35,USD,"Jun 19, 2020","Jun 19, 2020"
SPRINGLEAF FINANCE CORP,Corporates,Fixed Income,"294,918.79",0.7,"294,918.79","260,000.00",85172FAM1,US85172FAM14,BF28TP4,111.41,United States,-,USD,2.88,3.11,1.0,"Mar 15, 2025",6.88,2.85,-,3.11,2.85,3.11,USD,"Mar 12, 2018","Mar 12, 2018"
BWAY HOLDING CO 144A,Corporates,Fixed Income,"293,539.61",0.7,"293,539.61","290,000.00",12429TAE4,US12429TAE47,BYYQMY9,99.69,United States,-,USD,1.76,7.35,1.0,"Apr 15, 2025",7.25,2.84,-,7.35,2.84,7.35,USD,"Apr 03, 2017","Apr 03, 2017"
SPRINGLEAF FINANCE CORP,Corporates,Fixed Income,"286,299.60",0.68,"286,299.60","265,000.00",85172FAS8,US85172FAS83,-,107.3,United States,-,USD,0.42,6.46,1.0,"Jun 01, 2025",8.88,2.92,-,1.86,0.41,1.86,USD,"May 14, 2020","May 14, 2020"
SPIRIT AEROSYSTEMS INC 144A,Corporates,Fixed Income,"283,050.03",0.67,"283,050.03","265,000.00",85205TAL4,US85205TAL44,-,105.23,United States,-,USD,0.29,5.73,1.0,"Apr 15, 2025",7.5,2.86,-,2.23,0.29,2.23,USD,"Apr 17, 2020","Apr 17, 2020"
ASTON MARTIN CAPITAL HOLDINGS LTD 144A,Corporates,Fixed Income,"278,654.58",0.66,"278,654.58","250,000.00",04625HAG4,US04625HAG48,-,109.74,Jersey,-,USD,2.53,7.58,1.0,"Nov 30, 2025",10.5,3.17,-,6.67,2.42,6.67,USD,"Nov 16, 2020","Nov 16, 2020"
CHANGE HEALTHCARE HOLDINGS INC 144A,Corporates,Fixed Income,"277,769.67",0.66,"277,769.67","270,000.00",15911NAA3,US15911NAA37,BYQ0DX5,100.96,United States,-,USD,0.16,5.41,1.0,"Mar 01, 2025",5.75,2.81,-,-0.02,0.17,-0.02,USD,"Feb 15, 2017","Feb 15, 2017"
NEW FORTRESS ENERGY LLC 144A,Corporates,Fixed Income,"269,291.10",0.64,"269,291.10","260,000.00",644393AA8,US644393AA81,-,101.59,United States,-,USD,2.82,6.26,1.0,"Sep 15, 2025",6.75,3.18,-,6.1,2.4,6.1,USD,"Sep 02, 2020","Sep 02, 2020"
CROWNROCK LP / CROWNROCK FINANCE I 144A,Corporates,Fixed Income,"259,598.75",0.62,"259,598.75","250,000.00",228701AF5,US228701AF51,BF032G3,102.65,United States,-,USD,1.44,4.85,1.0,"Oct 15, 2025",5.63,3.35,-,3.94,0.76,3.94,USD,"Oct 11, 2017","Oct 11, 2017"
INTERNATIONAL GAME TECHNOLOGY 144A,Corporates,Fixed Income,"257,318.25",0.61,"257,318.25","230,000.00",460599AC7,US460599AC74,BWV0NJ2,109.44,United States,-,USD,2.42,3.29,1.0,"Feb 15, 2025",6.5,2.78,-,2.75,2.38,2.75,USD,"Feb 13, 2015","Feb 13, 2015"
HOWMET AEROSPACE INC,Corporates,Fixed Income,"255,340.43",0.61,"255,340.43","220,000.00",443201AA6,US443201AA64,-,114.92,United States,-,USD,2.95,2.21,1.0,"May 01, 2025",6.88,3.0,-,2.1,2.93,2.1,USD,"Apr 24, 2020","Apr 24, 2020"
ALLY FINANCIAL INC,Corporates,Fixed Income,"255,322.94",0.61,"255,322.94","225,000.00",02005NBF6,US02005NBF69,BDCBVG4,112.82,United States,-,USD,3.46,2.28,1.0,"Nov 20, 2025",5.75,3.5,-,2.22,3.43,2.22,USD,"Nov 20, 2015","Nov 20, 2015"
TRANSDIGM INC 144A,Corporates,Fixed Income,"252,563.90",0.6,"252,563.90","235,000.00",893647BK2,US893647BK28,-,105.47,United States,-,USD,0.27,6.41,1.0,"Dec 15, 2025",8.0,3.31,-,2.37,0.27,2.37,USD,"Apr 08, 2020","Apr 08, 2020"
OCCIDENTAL PETROLEUM CORPORATION,Corporates,Fixed Income,"252,025.50",0.6,"252,025.50","225,000.00",674599EB7,US674599EB77,-,110.05,United States,-,USD,3.11,2.96,1.0,"Sep 01, 2025",5.88,3.26,-,2.77,3.06,2.77,USD,"Aug 26, 2020","Aug 26, 2020"
EQT CORP,Corporates,Fixed Income,"248,598.95",0.59,"248,598.95","215,000.00",26884LAH2,US26884LAH24,-,112.87,United States,-,USD,2.71,2.28,1.0,"Feb 01, 2025",6.63,2.76,-,2.17,2.69,2.17,USD,"Jan 21, 2020","Jan 21, 2020"
XPO LOGISTICS INC 144A,Corporates,Fixed Income,"246,580.79",0.59,"246,580.79","233,000.00",983793AH3,US983793AH33,-,104.79,United States,-,USD,0.33,4.68,1.0,"May 01, 2025",6.25,2.97,-,1.19,0.33,1.19,USD,"Apr 28, 2020","Apr 28, 2020"
ZF NORTH AMERICA CAPITAL INC 144A,Corporates,Fixed Income,"243,157.62",0.58,"243,157.62","225,000.00",98877DAC9,US98877DAC92,BX41K43,107.25,Germany,-,USD,3.08,2.47,1.0,"Apr 29, 2025",4.75,3.07,-,2.47,3.07,2.47,USD,"Apr 29, 2015","Apr 29, 2015"
UNIVISION COMMUNICATIONS INC 144A,Corporates,Fixed Income,"236,812.86",0.56,"236,812.86","230,000.00",914906AS1,US914906AS13,BVGBM41,101.03,United States,-,USD,0.51,4.77,1.0,"Feb 15, 2025",5.13,2.81,-,3.61,0.12,3.61,USD,"Feb 19, 2015","Feb 19, 2015"
CAESARS RESORT COLLECTION LLC 144A,Corporates,Fixed Income,"236,275.60",0.56,"236,275.60","220,000.00",12770RAA1,US12770RAA14,BLFBXR2,104.52,United States,-,USD,0.64,4.34,1.0,"Jul 01, 2025",5.75,3.08,-,2.33,0.48,2.33,USD,"Jul 06, 2020","Jul 06, 2020"
PBF HOLDING COMPANY LLC 144A,Corporates,Fixed Income,"236,250.91",0.56,"236,250.91","245,000.00",69318FAK4,US69318FAK49,BMVWYQ2,95.25,United States,-,USD,2.9,10.97,1.0,"May 15, 2025",9.25,2.78,-,10.97,2.78,10.97,USD,"May 13, 2020","May 13, 2020"
ICAHN ENTERPRISES LP,Corporates,Fixed Income,"234,782.47",0.56,"234,782.47","230,000.00",451102BQ9,US451102BQ92,BF0VDZ3,101.8,United States,-,USD,0.24,5.86,1.0,"Dec 15, 2025",6.38,3.45,-,3.66,0.08,3.66,USD,"Dec 06, 2017","Feb 08, 2018"
US FOODS INC 144A,Corporates,Fixed Income,"232,386.98",0.55,"232,386.98","220,000.00",90290MAC5,US90290MAC55,BL6FPX3,104.31,United States,-,USD,0.29,4.81,1.0,"Apr 15, 2025",6.25,2.92,-,2.03,0.29,2.03,USD,"Apr 28, 2020","Apr 28, 2020"
VEON HOLDINGS BV 144A,Corporates,Fixed Income,"231,394.50",0.55,"231,394.50","225,000.00",92334VAA3,US92334VAA35,BKP5N11,101.94,Russian Federation,-,USD,2.95,3.37,1.0,"Apr 09, 2025",4.0,3.03,-,3.32,2.81,3.32,USD,"Oct 09, 2019","Oct 09, 2019"
DCP MIDSTREAM OPERATING LP,Corporates,Fixed Income,"229,098.72",0.54,"229,098.72","205,000.00",23311VAG2,US23311VAG23,BDG06C8,109.28,United States,-,USD,3.01,2.61,1.0,"Jul 15, 2025",5.38,3.17,-,2.42,2.97,2.42,USD,"Jul 17, 2018","Jul 17, 2018"
DIVERSIFIED HEALTHCARE TRUST,Corporates,Fixed Income,"228,109.00",0.54,"228,109.00","210,000.00",25525PAA5,US25525PAA57,-,108.19,United States,-,USD,0.45,7.04,1.0,"Jun 15, 2025",9.75,2.92,-,2.28,0.45,2.28,USD,"Jun 02, 2020","Jun 02, 2020"
POWERTEAM SERVICES LLC 144A,Corporates,Fixed Income,"225,193.43",0.53,"225,193.43","210,000.00",73939VAA2,US73939VAA26,-,105.33,United States,-,USD,2.57,7.44,1.0,"Dec 04, 2025",9.03,3.23,-,7.08,2.63,7.08,USD,"Apr 09, 2020","Apr 09, 2020"
UBER TECHNOLOGIES INC 144A,Corporates,Fixed Income,"223,150.90",0.53,"223,150.90","210,000.00",90353TAF7,US90353TAF75,BMFKWG8,105.3,United States,-,USD,0.38,5.74,1.0,"May 15, 2025",7.5,2.94,-,3.13,0.37,3.13,USD,"May 15, 2020","May 15, 2020"
IHS MARKIT LTD 144A,Corporates,Fixed Income,"220,942.50",0.52,"220,942.50","200,000.00",44962LAB3,US44962LAB36,BYNHPT9,108.69,United States,-,USD,2.69,1.87,1.0,"Feb 15, 2025",4.75,2.88,-,1.64,2.66,1.64,USD,"Feb 09, 2017","Feb 09, 2017"
FORD MOTOR CREDIT COMPANY LLC,Corporates,Fixed Income,"220,850.70",0.52,"220,850.70","205,000.00",345397XL2,US345397XL24,BYZ3FB7,106.04,United States,-,USD,3.31,2.37,1.0,"Aug 04, 2025",4.13,3.29,-,2.37,3.29,2.37,USD,"Aug 04, 2015","Aug 04, 2015"
CEDAR FAIR LP 144A,Corporates,Fixed Income,"220,182.20",0.52,"220,182.20","210,000.00",150190AF3,US150190AF30,BMTRDY0,103.93,United States,-,USD,0.35,4.22,1.0,"May 01, 2025",5.5,3.01,-,1.86,0.33,1.86,USD,"Apr 27, 2020","Apr 27, 2020"
ROLLS-ROYCE PLC 144A,Corporates,Fixed Income,"215,191.78",0.51,"215,191.78","210,000.00",77578JAB4,US77578JAB44,BZBWT91,101.71,United Kingdom,-,USD,3.43,3.14,1.0,"Oct 14, 2025",3.63,3.5,-,3.11,3.28,3.11,USD,"Oct 14, 2015","Oct 14, 2015"
CLEVELAND-CLIFFS INC 144A,Corporates,Fixed Income,"214,461.46",0.51,"214,461.46","186,000.00",185899AJ0,US185899AJ02,-,113.27,United States,-,USD,0.77,5.91,1.0,"Oct 17, 2025",9.88,3.14,-,2.21,0.76,2.21,USD,"Apr 17, 2020","Apr 17, 2020"
SCIENTIFIC GAMES INTERNATIONAL INC 144A,Corporates,Fixed Income,"213,133.49",0.51,"213,133.49","205,000.00",80874YAW0,US80874YAW03,BF032H4,102.91,United States,-,USD,0.08,4.16,1.0,"Oct 15, 2025",5.0,3.4,-,-0.11,0.08,-0.11,USD,"Oct 17, 2017","Oct 17, 2017"
BRAND INDUSTRIAL SERVICES INC 144A,Corporates,Fixed Income,"212,702.76",0.51,"212,702.76","205,000.00",10524PAB6,US10524PAB67,BZ3FZS9,99.84,United States,-,USD,2.46,8.55,1.0,"Jul 15, 2025",8.5,2.89,-,8.55,2.89,8.55,USD,"Jun 21, 2017","Jun 21, 2017"
MICROCHIP TECHNOLOGY INCORPORATED,Corporates,Fixed Income,"210,577.33",0.5,"210,577.33","200,000.00",595017BA1,US595017BA15,BNTZVT2,103.87,United States,-,USD,1.02,3.12,1.0,"Sep 01, 2025",4.25,3.34,-,1.57,0.65,1.57,USD,"May 29, 2020","May 29, 2020"
PRIME HEALTHCARE SERVICES INC 144A,Corporates,Fixed Income,"209,543.75",0.5,"209,543.75","195,000.00",74165HAB4,US74165HAB42,-,106.25,United States,-,USD,0.92,5.42,1.0,"Nov 01, 2025",7.25,3.3,-,3.27,0.84,3.27,USD,"Oct 30, 2020","Oct 30, 2020"
KAR AUCTION SERVICES INC 144A,Corporates,Fixed Income,"203,388.17",0.48,"203,388.17","200,000.00",48238TAA7,US48238TAA79,BD3VQ24,101.27,United States,-,USD,1.8,4.72,1.0,"Jun 01, 2025",5.13,3.09,-,4.19,1.35,4.19,USD,"May 31, 2017","May 31, 2017"
STUDIO CITY FINANCE LTD 144A,Corporates,Fixed Income,"199,102.00",0.47,"199,102.00","200,000.00",86389QAE2,US86389QAE26,-,96.8,Macau,-,USD,3.07,7.03,1.0,"Jul 15, 2025",6.0,3.04,-,7.03,3.04,7.03,USD,"Jul 15, 2020","Jul 15, 2020"
NETFLIX INC 144A,Corporates,Fixed Income,"195,661.76",0.46,"195,661.76","185,000.00",64110LAY2,US64110LAY20,-,105.6,United States,-,USD,3.1,1.94,1.0,"Jun 15, 2025",3.63,3.25,-,1.82,3.02,1.82,USD,"Apr 28, 2020","Apr 28, 2020"
SABRE GLBL INC 144A,Corporates,Fixed Income,"195,346.62",0.46,"195,346.62","170,000.00",78573NAC6,US78573NAC65,BLF9945,112.96,United States,-,USD,2.81,4.93,1.0,"Apr 15, 2025",9.25,2.82,-,4.84,2.76,4.84,USD,"Apr 17, 2020","Apr 17, 2020"
MGM RESORTS INTERNATIONAL,Corporates,Fixed Income,"189,279.22",0.45,"189,279.22","175,000.00",552953CE9,US552953CE90,BFNJ451,107.9,United States,-,USD,2.99,3.31,1.0,"Jun 15, 2025",5.75,3.14,-,3.14,2.93,3.14,USD,"Jun 18, 2018","Jun 18, 2018"
ACRISURE LLC / ACRISURE FINANCE IN 144A,Corporates,Fixed Income,"187,239.32",0.44,"187,239.32","185,000.00",00489LAA1,US00489LAA17,BD0G1S3,100.32,United States,-,USD,2.04,6.9,1.0,"Nov 15, 2025",7.0,3.32,-,6.61,0.83,6.61,USD,"Nov 17, 2017","Nov 17, 2017"
SABRE GLBL INC 144A,Corporates,Fixed Income,"186,303.83",0.44,"186,303.83","175,000.00",78573NAF9,US78573NAF96,-,104.0,United States,-,USD,2.23,6.14,1.0,"Sep 01, 2025",7.38,3.12,-,6.14,3.12,6.14,USD,"Aug 27, 2020","Aug 27, 2020"
FORD MOTOR COMPANY,Corporates,Fixed Income,"185,953.50",0.44,"185,953.50","150,000.00",345370CW8,US345370CW84,BMWWS70,122.24,United States,-,USD,2.85,2.01,1.0,"Apr 22, 2025",9.0,2.91,-,1.86,2.84,1.86,USD,"Apr 22, 2020","Apr 22, 2020"
FORTRESS TRANSPORTATION AND INFRAS 144A,Corporates,Fixed Income,"183,879.50",0.44,"183,879.50","175,000.00",34960PAB7,US34960PAB76,BFD2RL7,103.45,United States,-,USD,0.49,5.47,1.0,"Oct 01, 2025",6.5,3.26,-,3.71,0.08,3.71,USD,"Sep 18, 2018","Sep 18, 2018"
SERVICE PROPERTIES TRUST,Corporates,Fixed Income,"182,497.15",0.43,"182,497.15","165,000.00",81761LAA0,US81761LAA08,BMBM6P5,108.4,United States,-,USD,3.07,4.99,1.0,"Sep 15, 2025",7.5,3.18,-,4.83,2.99,4.83,USD,"Jun 17, 2020","Jun 17, 2020"
B&G FOODS INC,Corporates,Fixed Income,"180,823.12",0.43,"180,823.12","175,000.00",05508RAE6,US05508RAE62,BYQ1WZ3,102.02,United States,-,USD,0.3,4.57,1.0,"Apr 01, 2025",5.25,2.93,-,2.36,0.25,2.36,USD,"Apr 03, 2017","Apr 03, 2017"
WESTERN MIDSTREAM OPERATING LP,Corporates,Fixed Income,"180,059.75",0.43,"180,059.75","170,000.00",958667AB3,US958667AB34,-,104.11,United States,-,USD,2.82,2.95,1.0,"Feb 01, 2025",4.35,2.83,-,2.91,2.76,2.91,USD,"Jan 13, 2020","Jan 13, 2020"
UNITED SHORE FINANCIAL SERVICES LL 144A,Corporates,Fixed Income,"179,868.11",0.43,"179,868.11","175,000.00",91153LAA5,US91153LAA52,-,102.08,United States,-,USD,2.82,4.9,1.0,"Nov 15, 2025",5.5,3.44,-,4.72,2.62,4.72,USD,"Nov 03, 2020","Nov 03, 2020"
ARCONIC CORP 144A,Corporates,Fixed Income,"179,354.53",0.43,"179,354.53","170,000.00",03966VAB3,US03966VAB36,BKX7YM7,104.74,United States,-,USD,0.37,4.47,1.0,"May 15, 2025",6.0,3.02,-,1.27,0.37,1.27,USD,"May 13, 2020","May 13, 2020"
ENACT HOLDINGS INC 144A,Corporates,Fixed Income,"179,122.49",0.43,"179,122.49","160,000.00",37255LAA5,US37255LAA52,-,109.5,United States,-,USD,2.84,3.67,1.0,"Aug 15, 2025",6.5,3.17,-,3.27,2.78,3.27,USD,"Aug 21, 2020","Aug 21, 2020"
RP ESCROW ISSUER LLC 144A,Corporates,Fixed Income,"177,982.58",0.42,"177,982.58","175,000.00",74969PAA6,US74969PAA66,-,101.47,United States,-,USD,3.03,4.84,1.0,"Dec 15, 2025",5.25,3.53,-,4.71,2.71,4.71,USD,"Dec 15, 2020","Dec 15, 2020"
MGM RESORTS INTERNATIONAL,Corporates,Fixed Income,"174,941.25",0.42,"174,941.25","165,000.00",552953CG4,US552953CG49,BL55FM3,104.9,United States,-,USD,0.33,5.13,1.0,"May 01, 2025",6.75,2.94,-,2.05,0.33,2.05,USD,"May 04, 2020","May 04, 2020"
SOUTHWESTERN ENERGY COMPANY,Corporates,Fixed Income,"174,765.34",0.42,"174,765.34","155,000.00",845467AL3,US845467AL33,BV9FYC2,109.92,United States,-,USD,2.56,3.03,1.0,"Jan 23, 2025",6.45,2.73,-,2.76,2.52,2.76,USD,"Jan 23, 2015","Jan 23, 2015"
EQM MIDSTREAM PARTNERS LP 144A,Corporates,Fixed Income,"173,181.50",0.41,"173,181.50","155,000.00",26885BAF7,US26885BAF76,-,108.73,United States,-,USD,2.94,3.33,1.0,"Jul 01, 2025",6.0,3.09,-,3.15,2.89,3.15,USD,"Jun 18, 2020","Jun 18, 2020"
OCCIDENTAL PETROLEUM CORPORATION,Corporates,Fixed Income,"172,593.02",0.41,"172,593.02","155,000.00",674599EE1,US674599EE17,-,110.89,United States,-,USD,3.37,2.56,1.0,"Dec 01, 2025",5.5,3.54,-,2.38,3.33,2.38,USD,"Dec 22, 2020","Dec 22, 2020"
AMC NETWORKS INC,Corporates,Fixed Income,"171,974.83",0.41,"171,974.83","165,000.00",00164VAE3,US00164VAE39,BZ9P8N9,102.25,United States,-,USD,1.15,4.07,1.0,"Aug 01, 2025",4.75,3.21,-,2.87,0.56,2.87,USD,"Jul 28, 2017","Jul 28, 2017"
ENLINK MIDSTREAM PARTNERS LP,Corporates,Fixed Income,"171,487.52",0.41,"171,487.52","165,000.00",29336UAE7,US29336UAE73,BXNT1C3,103.59,United States,-,USD,3.07,3.04,1.0,"Jun 01, 2025",4.15,3.17,-,2.96,2.95,2.96,USD,"May 12, 2015","May 12, 2015"
TENET HEALTHCARE CORPORATION 144A,Corporates,Fixed Income,"171,052.80",0.41,"171,052.80","160,000.00",88033GDE7,US88033GDE70,-,105.03,United States,-,USD,0.25,5.77,1.0,"Apr 01, 2025",7.5,2.82,-,2.21,0.25,2.21,USD,"Apr 07, 2020","Apr 07, 2020"
GFL ENVIRONMENTAL INC (ALBERTA) 144A,Corporates,Fixed Income,"169,863.38",0.4,"169,863.38","165,000.00",36168QAK0,US36168QAK04,-,101.39,Canada,-,USD,2.44,3.34,1.0,"Aug 01, 2025",3.75,3.28,-,3.19,2.41,3.19,USD,"Aug 24, 2020","Aug 24, 2020"
GOODYEAR TIRE & RUBBER COMPANY (TH,Corporates,Fixed Income,"168,447.28",0.4,"168,447.28","155,000.00",382550BH3,US382550BH30,-,107.88,United States,-,USD,0.41,6.87,1.0,"May 31, 2025",9.5,2.89,-,1.82,0.41,1.82,USD,"May 18, 2020","May 18, 2020"
XEROX HOLDINGS CORP 144A,Corporates,Fixed Income,"166,620.18",0.4,"166,620.18","155,000.00",98421MAA4,US98421MAA45,BMDZF00,105.61,United States,-,USD,3.24,3.34,1.0,"Aug 15, 2025",5.0,3.25,-,3.31,3.18,3.31,USD,"Aug 06, 2020","Aug 06, 2020"
NETFLIX INC,Corporates,Fixed Income,"164,537.70",0.39,"164,537.70","145,000.00",64110LAL0,US64110LAL09,BZ6C9T6,112.23,United States,-,USD,2.88,1.83,1.0,"Feb 15, 2025",5.88,2.85,-,1.83,2.85,1.83,USD,"Feb 05, 2015","Feb 05, 2015"
EG GLOBAL FINANCE PLC 144A,Corporates,Fixed Income,"158,153.86",0.38,"158,153.86","155,000.00",28228PAA9,US28228PAA93,BJK4HL4,101.19,United Kingdom,-,USD,1.9,6.32,1.0,"Feb 07, 2025",6.75,2.74,-,5.83,1.29,5.83,USD,"May 13, 2019","May 13, 2019"
ARDAGH PACKAGING FINANCE PLC 144A,Corporates,Fixed Income,"156,645.00",0.37,"156,645.00","150,000.00",03969AAQ3,US03969AAQ31,-,103.56,United States,-,USD,0.58,4.1,1.0,"Apr 30, 2025",5.25,3.02,-,2.36,0.33,2.36,USD,"Apr 08, 2020","Apr 08, 2020"
AMERIGAS PARTNERS LP/AMERIGAS FINA,Corporates,Fixed Income,"156,375.81",0.37,"156,375.81","145,000.00",030981AK0,US030981AK06,BDTKD24,107.22,United States,-,USD,2.93,3.23,1.0,"May 20, 2025",5.5,3.08,-,3.07,2.87,3.07,USD,"Dec 28, 2016","Dec 28, 2016"
MGM GROWTH PROPERTIES OPERATING PA 144A,Corporates,Fixed Income,"155,187.06",0.37,"155,187.06","145,000.00",55303XAK1,US55303XAK19,BMB1WS7,106.82,United States,-,USD,3.04,2.55,1.0,"Jun 15, 2025",4.63,3.2,-,2.4,2.98,2.4,USD,"Jun 05, 2020","Jun 05, 2020"
NEPTUNE ENERGY BONDCO PLC 144A,Corporates,Fixed Income,"155,061.19",0.37,"155,061.19","150,000.00",64073KAA1,US64073KAA16,BFMFKC9,102.55,United Kingdom,-,USD,0.75,5.78,1.0,"May 15, 2025",6.63,2.97,-,4.11,0.37,4.11,USD,"May 11, 2018","May 11, 2018"
SIX FLAGS THEME PARKS INC 144A,Corporates,Fixed Income,"154,432.60",0.37,"154,432.60","140,000.00",83001WAC8,US83001WAC82,BMF04Y0,106.81,United States,-,USD,0.48,4.86,1.0,"Jul 01, 2025",7.0,3.01,-,0.36,0.49,0.36,USD,"Apr 22, 2020","Apr 22, 2020"
IRB HOLDING CORP 144A,Corporates,Fixed Income,"153,837.91",0.37,"153,837.91","145,000.00",44988MAC9,US44988MAC91,-,105.78,United States,-,USD,0.45,5.15,1.0,"Jun 15, 2025",7.0,3.05,-,1.87,0.45,1.87,USD,"May 21, 2020","May 21, 2020"
SENSATA TECHNOLOGIES BV 144A,Corporates,Fixed Income,"153,732.60",0.37,"153,732.60","140,000.00",81725WAJ2,US81725WAJ27,BWFV670,108.56,Netherlands,-,USD,3.42,2.59,1.0,"Oct 01, 2025",5.0,3.4,-,2.59,3.4,2.59,USD,"Mar 26, 2015","Mar 26, 2015"
RANGE RESOURCES CORPORATION,Corporates,Fixed Income,"150,997.08",0.36,"150,997.08","145,000.00",75281AAS8,US75281AAS87,BDHC311,103.51,United States,-,USD,2.99,3.75,1.0,"May 15, 2025",4.88,3.08,-,3.67,2.87,3.67,USD,"Nov 15, 2015","Apr 08, 2016"
QVC INC,Corporates,Fixed Income,"150,533.76",0.36,"150,533.76","140,000.00",747262AU7,US747262AU78,BTDYJN7,105.84,United States,-,USD,2.73,2.49,1.0,"Feb 15, 2025",4.45,2.87,-,2.34,2.66,2.34,USD,"Aug 21, 2014","Dec 04, 2014"
MELCO RESORTS FINANCE LTD RegS,Corporates,Fixed Income,"147,780.00",0.35,"147,780.00","150,000.00",-,USG5975LAA47,BZ30K90,98.19,Macau,-,USD,2.9,5.46,1.0,"Jun 06, 2025",4.88,3.11,-,5.46,3.11,5.46,USD,"Jun 06, 2017","Jun 06, 2017"
INTRADO CORP 144A,Corporates,Fixed Income,"146,971.19",0.35,"146,971.19","145,000.00",68163PAA2,US68163PAA21,BF0M7C1,99.56,United States,-,USD,2.31,8.63,1.0,"Oct 15, 2025",8.5,3.13,-,8.63,3.13,8.63,USD,"Oct 10, 2017","Oct 10, 2017"
CD&R SMOKEY BUYER INC 144A,Corporates,Fixed Income,"145,865.48",0.35,"145,865.48","135,000.00",12510CAA9,US12510CAA99,-,104.94,United States,-,USD,0.94,5.2,1.0,"Jul 15, 2025",6.75,3.04,-,3.67,0.51,3.67,USD,"Jul 01, 2020","Jul 01, 2020"
DIEBOLD NIXDORF INC 144A,Corporates,Fixed Income,"145,257.99",0.34,"145,257.99","130,000.00",253657AA8,US253657AA82,-,107.41,United States,-,USD,0.52,6.97,1.0,"Jul 15, 2025",9.38,2.89,-,4.02,0.51,4.02,USD,"Jul 20, 2020","Jul 20, 2020"
VICI PROPERTIES LP 144A,Corporates,Fixed Income,"144,597.91",0.34,"144,597.91","140,000.00",92564RAC9,US92564RAC97,BKMH622,101.96,United States,-,USD,0.53,2.84,1.0,"Feb 15, 2025",3.5,2.91,-,1.71,0.12,1.71,USD,"Feb 05, 2020","Feb 05, 2020"
BOXER PARENT CO INC 144A,Corporates,Fixed Income,"144,165.49",0.34,"144,165.49","135,000.00",103186AB8,US103186AB88,-,105.01,United States,-,USD,0.58,5.62,1.0,"Oct 02, 2025",7.13,3.23,-,3.48,0.4,3.48,USD,"Jun 01, 2020","Jun 01, 2020"
VIKING CRUISES LTD 144A,Corporates,Fixed Income,"143,475.00",0.34,"143,475.00","125,000.00",92676XAE7,US92676XAE76,-,113.16,United States,-,USD,0.37,8.43,1.0,"May 15, 2025",13.0,2.72,-,3.42,0.37,3.42,USD,"May 15, 2020","May 15, 2020"
AVIENT CORP 144A,Corporates,Fixed Income,"141,842.77",0.34,"141,842.77","135,000.00",73179PAM8,US73179PAM86,-,104.33,United States,-,USD,0.38,4.35,1.0,"May 15, 2025",5.75,3.03,-,1.74,0.37,1.74,USD,"May 13, 2020","May 13, 2020"
UNIVISION COMMUNICATIONS INC 144A,Corporates,Fixed Income,"141,437.83",0.34,"141,437.83","130,000.00",914906AT9,US914906AT95,-,107.22,United States,-,USD,0.33,7.03,1.0,"May 01, 2025",9.5,2.81,-,1.93,0.33,1.93,USD,"Apr 28, 2020","Apr 28, 2020"
YUM! BRANDS INC. 144A,Corporates,Fixed Income,"139,589.45",0.33,"139,589.45","130,000.00",988498AM3,US988498AM33,-,105.44,United States,-,USD,0.25,5.88,1.0,"Apr 01, 2025",7.75,2.81,-,1.39,0.25,1.39,USD,"Apr 01, 2020","Apr 01, 2020"
CENTURYLINK INC,Corporates,Fixed Income,"139,359.02",0.33,"139,359.02","130,000.00",156700AZ9,US156700AZ93,BYV8DY5,105.79,United States,-,USD,2.8,3.71,1.0,"Apr 01, 2025",5.63,2.93,-,3.57,2.72,3.57,USD,"Oct 01, 2015","Oct 15, 2015"
BLUE RACER MIDSTREAM LLC 144A,Corporates,Fixed Income,"138,650.06",0.33,"138,650.06","130,000.00",095796AH1,US095796AH17,BMYD741,106.32,United States,-,USD,1.67,5.81,1.0,"Dec 15, 2025",7.63,3.4,-,4.73,0.92,4.73,USD,"Dec 23, 2020","Dec 23, 2020"
EG GLOBAL FINANCE PLC 144A,Corporates,Fixed Income,"137,262.67",0.33,"137,262.67","130,000.00",28228PAB7,US28228PAB76,BJ0LR48,104.17,United Kingdom,-,USD,1.28,7.23,1.0,"Oct 30, 2025",8.5,3.2,-,5.81,0.79,5.81,USD,"Oct 21, 2019","Oct 21, 2019"
FIVE POINT OPERATING COMPANY LP 144A,Corporates,Fixed Income,"137,126.92",0.33,"137,126.92","130,000.00",33834YAA6,US33834YAA64,BDVNGP5,104.48,United States,-,USD,0.08,6.54,1.0,"Nov 15, 2025",7.88,3.29,-,0.38,0.08,0.38,USD,"Nov 22, 2017","Nov 22, 2017"
JAGUAR LAND ROVER AUTOMOTIVE PLC 144A,Corporates,Fixed Income,"136,860.73",0.33,"136,860.73","125,000.00",47010BAJ3,US47010BAJ35,-,107.87,United Kingdom,-,USD,0.78,5.42,1.0,"Oct 15, 2025",7.75,3.24,-,2.51,0.76,2.51,USD,"Oct 13, 2020","Oct 13, 2020"
MURPHY OIL CORPORATION,Corporates,Fixed Income,"136,726.49",0.32,"136,726.49","130,000.00",626717AJ1,US626717AJ13,BDH65V7,103.0,United States,-,USD,0.71,4.83,1.0,"Aug 15, 2025",5.75,3.18,-,3.14,0.6,3.14,USD,"Aug 18, 2017","Aug 18, 2017"
ISTAR INC,Corporates,Fixed Income,"136,018.78",0.32,"136,018.78","130,000.00",45031UCG4,US45031UCG40,BKQNVL0,102.86,United States,-,USD,3.18,3.4,1.0,"Aug 01, 2025",4.25,3.25,-,3.34,3.04,3.34,USD,"Dec 16, 2019","Dec 16, 2019"
WEWORK CO INC 144A,Corporates,Fixed Income,"135,544.50",0.32,"135,544.50","140,000.00",96208LAA9,US96208LAA98,BFN22B2,95.5,United States,-,USD,2.93,9.47,1.0,"May 01, 2025",7.88,2.82,-,9.47,2.82,9.47,USD,"Apr 30, 2018","Apr 30, 2018"
REALOGY GROUP LLC 144A,Corporates,Fixed Income,"133,224.86",0.32,"133,224.86","125,000.00",75606DAJ0,US75606DAJ00,-,106.24,United States,-,USD,0.45,5.61,1.0,"Jun 15, 2025",7.63,3.02,-,2.15,0.45,2.15,USD,"Jun 16, 2020","Jun 16, 2020"
RITE AID CORPORATION 144A,Corporates,Fixed Income,"132,996.25",0.32,"132,996.25","125,000.00",767754CK8,US767754CK89,-,102.65,United States,-,USD,2.44,6.63,1.0,"Jul 01, 2025",7.5,2.94,-,6.33,2.18,6.33,USD,"Feb 05, 2020","Feb 05, 2020"
USIS MERGER SUB INC 144A,Corporates,Fixed Income,"132,884.48",0.32,"132,884.48","130,000.00",91739VAA6,US91739VAA61,BD9FQ86,101.07,United States,-,USD,0.33,6.51,1.0,"May 01, 2025",6.88,2.91,-,3.58,0.33,3.58,USD,"Apr 18, 2017","Apr 18, 2017"
TENNESSEE MERGER SUB INC 144A,Corporates,Fixed Income,"130,639.84",0.31,"130,639.84","135,000.00",88047PAA2,US88047PAA21,BYV27S9,94.11,United States,-,USD,2.76,8.58,1.0,"Feb 01, 2025",6.38,2.65,-,8.58,2.65,8.58,USD,"Feb 01, 2017","Feb 01, 2017"
ENDEAVOR ENERGY RESOURCES LP 144A,Corporates,Fixed Income,"130,605.43",0.31,"130,605.43","120,000.00",29260FAF7,US29260FAF71,BM9SD98,105.78,United States,-,USD,0.52,4.83,1.0,"Jul 15, 2025",6.63,3.06,-,1.93,0.52,1.93,USD,"Jun 05, 2020","Jun 05, 2020"
CVR ENERGY INC 144A,Corporates,Fixed Income,"129,852.23",0.31,"129,852.23","130,000.00",12662PAB4,US12662PAB40,-,97.9,United States,-,USD,2.77,5.99,1.0,"Feb 15, 2025",5.25,2.78,-,5.99,2.78,5.99,USD,"Jan 27, 2020","Jan 27, 2020"
PENNYMAC FINANCIAL SERVICES INC 144A,Corporates,Fixed Income,"129,630.90",0.31,"129,630.90","125,000.00",70932MAA5,US70932MAA53,BN7JDY5,102.57,United States,-,USD,2.53,4.63,1.0,"Oct 15, 2025",5.38,3.37,-,4.38,2.55,4.38,USD,"Sep 29, 2020","Sep 29, 2020"
ANTERO RESOURCES CORP,Corporates,Fixed Income,"129,060.83",0.31,"129,060.83","125,000.00",03674XAJ5,US03674XAJ54,BDRYT42,101.58,United States,-,USD,0.48,4.46,1.0,"Mar 01, 2025",5.0,2.86,-,2.91,0.16,2.91,USD,"Mar 01, 2017","Jul 26, 2017"
ARAMARK SERVICES INC 144A,Corporates,Fixed Income,"129,048.75",0.31,"129,048.75","125,000.00",038522AP3,US038522AP34,BDH6XR9,101.99,United States,-,USD,0.26,4.34,1.0,"Apr 01, 2025",5.0,2.94,-,1.98,0.25,1.98,USD,"Mar 22, 2017","Mar 22, 2017"
GLOBAL MEDICAL RESPONSE INC (DELAW 144A,Corporates,Fixed Income,"128,600.00",0.31,"128,600.00","125,000.00",37960BAA3,US37960BAA35,-,101.26,United States,-,USD,2.34,6.12,1.0,"Oct 01, 2025",6.5,3.24,-,5.73,1.61,5.73,USD,"Oct 02, 2020","Oct 02, 2020"
LAREDO PETROLEUM INC,Corporates,Fixed Income,"128,325.07",0.3,"128,325.07","120,000.00",516806AF3,US516806AF38,-,102.56,United States,-,USD,2.05,8.52,1.0,"Jan 15, 2025",9.5,2.5,-,8.11,1.75,8.11,USD,"Jan 24, 2020","Jan 24, 2020"
WYNN RESORTS FINANCE LLC 144A,Corporates,Fixed Income,"127,963.33",0.3,"127,963.33","120,000.00",983133AB5,US983133AB53,BL0MLV0,105.0,United States,-,USD,0.3,6.05,1.0,"Apr 15, 2025",7.75,2.85,-,3.62,0.28,3.62,USD,"Apr 14, 2020","Apr 14, 2020"
VIASAT INC 144A,Corporates,Fixed Income,"127,714.06",0.3,"127,714.06","125,000.00",92552VAK6,US92552VAK61,BDG75N3,100.52,United States,-,USD,1.66,5.47,1.0,"Sep 15, 2025",5.63,3.26,-,4.86,0.68,4.86,USD,"Sep 21, 2017","Sep 21, 2017"
NORTONLIFELOCK INC 144A,Corporates,Fixed Income,"127,435.69",0.3,"127,435.69","125,000.00",871503AU2,US871503AU26,BYXT818,100.89,United States,-,USD,0.29,4.7,1.0,"Apr 15, 2025",5.0,2.97,-,1.87,0.29,1.87,USD,"Feb 09, 2017","Feb 09, 2017"
NABORS INDUSTRIES INC,Corporates,Fixed Income,"127,404.68",0.3,"127,404.68","135,000.00",62957HAF2,US62957HAF29,BGLN7W0,91.98,United States,-,USD,2.78,8.77,1.0,"Feb 01, 2025",5.75,2.67,-,8.77,2.67,8.77,USD,"Aug 01, 2018","Sep 27, 2018"
1011778 BC UNLIMITED LIABILITY CO 144A,Corporates,Fixed Income,"126,106.67",0.3,"126,106.67","120,000.00",68245XAK5,US68245XAK54,-,103.88,Canada,-,USD,0.31,4.47,1.0,"Apr 15, 2025",5.75,2.95,-,2.18,0.29,2.18,USD,"Apr 07, 2020","Apr 07, 2020"
OCCIDENTAL PETROLEUM CORPORATION,Corporates,Fixed Income,"125,888.58",0.3,"125,888.58","105,000.00",674599DY8,US674599DY89,-,116.21,United States,-,USD,2.88,3.13,1.0,"Jul 15, 2025",8.0,3.04,-,2.81,2.85,2.81,USD,"Jul 13, 2020","Jul 13, 2020"
NUSTAR LOGISTICS LP,Corporates,Fixed Income,"125,293.07",0.3,"125,293.07","115,000.00",67059TAG0,US67059TAG04,-,107.51,United States,-,USD,3.21,3.59,1.0,"Oct 01, 2025",5.75,3.34,-,3.45,3.14,3.45,USD,"Sep 14, 2020","Sep 14, 2020"
HERBALIFE NUTRITION LTD 144A,Corporates,Fixed Income,"125,288.04",0.3,"125,288.04","115,000.00",42704MAA0,US42704MAA09,-,106.34,United States,-,USD,0.76,5.92,1.0,"Sep 01, 2025",7.88,3.1,-,4.03,0.64,4.03,USD,"May 29, 2020","May 29, 2020"
APACHE CORPORATION,Corporates,Fixed Income,"124,331.07",0.3,"124,331.07","115,000.00",037411BH7,US037411BH70,-,107.52,United States,-,USD,3.4,2.57,1.0,"Nov 15, 2025",4.63,3.54,-,2.44,3.33,2.44,USD,"Aug 17, 2020","Aug 17, 2020"
RADIAN GROUP INC,Corporates,Fixed Income,"123,932.26",0.29,"123,932.26","110,000.00",750236AX9,US750236AX98,-,110.72,United States,-,USD,2.49,3.09,1.0,"Mar 15, 2025",6.63,2.86,-,2.5,2.46,2.5,USD,"May 15, 2020","May 15, 2020"
OCCIDENTAL PETROLEUM CORPORATION,Corporates,Fixed Income,"123,072.67",0.29,"123,072.67","120,000.00",674599CG8,US674599CG82,BYQ2814,102.41,United States,-,USD,3.16,2.77,1.0,"Jun 15, 2025",3.5,3.24,-,2.71,3.01,2.71,USD,"Jun 23, 2015","Jun 23, 2015"
TUTOR PERINI CORP 144A,Corporates,Fixed Income,"122,093.80",0.29,"122,093.80","120,000.00",901109AF5,US901109AF51,BDHBLV4,100.6,United States,-,USD,2.15,6.67,1.0,"May 01, 2025",6.88,2.91,-,6.39,1.24,6.39,USD,"Apr 20, 2017","Apr 20, 2017"
SLM CORP,Corporates,Fixed Income,"121,281.68",0.29,"121,281.68","115,000.00",78442PGD2,US78442PGD24,-,104.74,United States,-,USD,3.49,2.88,1.0,"Oct 29, 2025",4.2,3.51,-,2.86,3.44,2.86,USD,"Oct 29, 2020","Oct 29, 2020"
TALLGRASS ENERGY PARTNERS LP 144A,Corporates,Fixed Income,"121,261.80",0.29,"121,261.80","110,000.00",87470LAH4,US87470LAH42,-,108.36,United States,-,USD,1.41,5.02,1.0,"Oct 01, 2025",7.5,3.22,-,3.56,0.72,3.56,USD,"Sep 16, 2020","Sep 16, 2020"
GENESIS ENERGY LP/ GENESIS ENERGY,Corporates,Fixed Income,"120,794.40",0.29,"120,794.40","120,000.00",37185LAJ1,US37185LAJ17,BDF0M10,99.04,United States,-,USD,2.9,6.79,1.0,"Oct 01, 2025",6.5,3.22,-,6.79,3.22,6.79,USD,"Aug 14, 2017","Aug 14, 2017"
FIRSTENERGY TRANSMISSION LLC 144A,Corporates,Fixed Income,"119,729.32",0.28,"119,729.32","110,000.00",33767BAB5,US33767BAB53,BMNDKF4,106.84,United States,-,USD,2.63,2.02,1.0,"Jan 15, 2025",4.35,2.8,-,1.82,2.59,1.82,USD,"May 19, 2014","May 19, 2014"
LD HOLDINGS GROUP LLC 144A,Corporates,Fixed Income,"119,729.20",0.28,"119,729.20","120,000.00",521088AA2,US521088AA24,-,98.69,United States,-,USD,3.23,6.89,1.0,"Nov 01, 2025",6.5,3.3,-,6.89,3.3,6.89,USD,"Oct 27, 2020","Oct 27, 2020"
RAIN CII CARBON LLC / CII CARBON C 144A,Corporates,Fixed Income,"119,621.28",0.28,"119,621.28","115,000.00",75079RAC2,US75079RAC25,BYWW6S1,102.21,United States,-,USD,0.96,6.48,1.0,"Apr 01, 2025",7.25,2.82,-,5.39,1.17,5.39,USD,"Mar 31, 2017","Mar 31, 2017"
ADIENT US LLC 144A,Corporates,Fixed Income,"119,291.70",0.28,"119,291.70","110,000.00",00688JAB3,US00688JAB35,-,106.55,United States,-,USD,0.29,6.74,1.0,"Apr 15, 2025",9.0,2.79,-,1.77,0.29,1.77,USD,"Apr 23, 2020","Apr 23, 2020"
FREEDOM MORTGAGE CORP 144A,Corporates,Fixed Income,"117,800.99",0.28,"117,800.99","113,000.00",35640YAB3,US35640YAB39,BF0YND0,102.51,United States,-,USD,1.07,7.37,1.0,"Apr 15, 2025",8.25,2.8,-,6.18,1.19,6.18,USD,"Apr 09, 2018","Apr 09, 2018"
CIT GROUP INC,Corporates,Fixed Income,"117,083.75",0.28,"117,083.75","105,000.00",125581GW2,US125581GW24,BYZQMH1,109.88,United States,-,USD,2.72,2.03,1.0,"Mar 07, 2025",5.25,2.91,-,1.78,2.7,1.78,USD,"Mar 09, 2018","Mar 09, 2018"
LIFEPOINT HEALTH INC 144A,Corporates,Fixed Income,"116,976.20",0.28,"116,976.20","110,000.00",53219LAT6,US53219LAT61,-,104.92,United States,-,USD,0.29,5.1,1.0,"Apr 15, 2025",6.75,2.9,-,1.33,0.29,1.33,USD,"Apr 13, 2020","Apr 13, 2020"
VAIL RESORTS INC 144A,Corporates,Fixed Income,"116,116.67",0.28,"116,116.67","110,000.00",91879QAL3,US91879QAL32,-,104.76,United States,-,USD,0.37,4.7,1.0,"May 15, 2025",6.25,3.01,-,1.75,0.37,1.75,USD,"May 04, 2020","May 04, 2020"
SEAGATE HDD CAYMAN,Corporates,Fixed Income,"115,628.10",0.27,"115,628.10","105,000.00",81180WAL5,US81180WAL54,BYQF211,107.75,United States,-,USD,2.77,2.07,1.0,"Jan 01, 2025",4.75,2.75,-,2.07,2.75,2.07,USD,"May 28, 2014","May 28, 2014"
KCA DEUTAG UK FINANCE PLC 144A,Corporates,Fixed Income,"114,048.77",0.27,"114,048.77","105,000.00",-,XS2244928987,-,107.8,United Kingdom,-,USD,1.55,7.53,1.0,"Dec 01, 2025",9.88,3.22,-,6.29,0.87,6.29,USD,"Dec 21, 2020","Dec 21, 2020"
BATH & BODY WORKS INC 144A,Corporates,Fixed Income,"114,009.75",0.27,"114,009.75","90,000.00",501797AU8,US501797AU81,-,121.99,United States,-,USD,2.98,2.74,1.0,"Jul 01, 2025",9.38,2.96,-,2.74,2.96,2.74,USD,"Jun 18, 2020","Jun 18, 2020"
FLEX ACQUISITION COMPANY INC 144A,Corporates,Fixed Income,"113,558.65",0.27,"113,558.65","110,000.00",33936YAA3,US33936YAA38,BDHTRW1,100.07,United States,-,USD,0.49,6.85,1.0,"Jan 15, 2025",6.88,2.62,-,6.01,0.07,6.01,USD,"Jan 17, 2017","Jan 17, 2017"
AMERICAN AIRLINES GROUP INC 144A,Corporates,Fixed Income,"113,245.20",0.27,"113,245.20","120,000.00",02376RAE2,US02376RAE27,-,93.12,United States,-,USD,2.96,6.17,1.0,"Mar 01, 2025",3.75,2.88,-,6.17,2.88,6.17,USD,"Feb 25, 2020","Feb 25, 2020"
SCIENTIFIC GAMES INTERNATIONAL INC 144A,Corporates,Fixed Income,"111,348.50",0.26,"111,348.50","100,000.00",80874YBG4,US80874YBG44,-,107.04,United States,-,USD,0.48,6.35,1.0,"Jul 01, 2025",8.63,2.9,-,2.95,0.48,2.95,USD,"Jul 01, 2020","Jul 01, 2020"
PROVIDENCE SERVICE CORP 144A,Corporates,Fixed Income,"111,343.78",0.26,"111,343.78","105,000.00",743815AE2,US743815AE20,-,105.29,United States,-,USD,1.85,4.37,1.0,"Nov 15, 2025",5.88,3.43,-,3.69,1.76,3.69,USD,"Nov 04, 2020","Nov 04, 2020"
CALUMET SPECIALTY PRODUCTS PARTNER 144A,Corporates,Fixed Income,"110,974.22",0.26,"110,974.22","100,000.00",131477AT8,US131477AT87,BK4WPT5,108.65,United States,-,USD,2.06,7.95,1.0,"Apr 15, 2025",11.0,2.7,-,6.84,1.99,6.84,USD,"Oct 11, 2019","Oct 11, 2019"
PENSKE AUTOMOTIVE GROUP INC,Corporates,Fixed Income,"109,088.93",0.26,"109,088.93","105,000.00",70959WAJ2,US70959WAJ27,-,102.57,United States,-,USD,1.71,2.76,1.0,"Sep 01, 2025",3.5,3.39,-,2.21,0.65,2.21,USD,"Aug 20, 2020","Aug 20, 2020"
AMS AG 144A,Corporates,Fixed Income,"109,000.67",0.26,"109,000.67","100,000.00",03217CAA4,US03217CAA45,-,106.08,Austria,-,USD,1.79,5.12,1.0,"Jul 31, 2025",7.0,3.08,-,4.07,1.46,4.07,USD,"Jul 06, 2020","Jul 06, 2020"
XHR LP 144A,Corporates,Fixed Income,"108,580.33",0.26,"108,580.33","100,000.00",98372MAA3,US98372MAA36,BKPVMF6,106.17,United States,-,USD,0.61,4.51,1.0,"Aug 15, 2025",6.38,3.16,-,1.49,0.6,1.49,USD,"Aug 18, 2020","Aug 18, 2020"
GFL ENVIRONMENTAL INC (ALBERTA) 144A,Corporates,Fixed Income,"108,387.48",0.26,"108,387.48","105,000.00",36168QAJ3,US36168QAJ31,-,102.87,Canada,-,USD,1.13,3.35,1.0,"Jun 01, 2025",4.25,3.16,-,2.38,0.41,2.38,USD,"Apr 29, 2020","Apr 29, 2020"
SPIRIT IP CAYMAN LTD 144A,Corporates,Fixed Income,"107,165.33",0.25,"107,165.33","96,000.00",84859BAA9,US84859BAA98,-,110.08,United States,-,USD,2.26,5.05,1.0,"Sep 20, 2025",8.0,3.2,-,4.09,2.42,4.09,USD,"Sep 17, 2020","Sep 17, 2020"
PBF HOLDING CO LLC / PBF FINANCE C MTN,Corporates,Fixed Income,"107,037.33",0.25,"107,037.33","150,000.00",69318FAG3,US69318FAG37,BF2VZB1,71.04,United States,-,USD,3.01,19.07,1.0,"Jun 15, 2025",7.25,2.77,-,19.07,2.77,19.07,USD,"May 30, 2017","Dec 04, 2017"
TRONOX INC 144A,Corporates,Fixed Income,"106,835.33",0.25,"106,835.33","100,000.00",897051AB4,US897051AB46,-,105.75,United States,-,USD,0.33,4.62,1.0,"May 01, 2025",6.5,2.96,-,-0.94,0.33,-0.94,USD,"May 01, 2020","May 01, 2020"
NEW RESIDENTIAL INVESTMENT CORP 144A,Corporates,Fixed Income,"106,765.52",0.25,"106,765.52","105,000.00",64828TAA0,US64828TAA07,-,100.36,United States,-,USD,3.06,6.14,1.0,"Oct 15, 2025",6.25,3.29,-,6.1,2.49,6.1,USD,"Sep 16, 2020","Sep 16, 2020"
CHOBANI LLC 144A,Corporates,Fixed Income,"104,650.33",0.25,"104,650.33","100,000.00",17027NAA0,US17027NAA00,BDHB0X9,103.07,United States,-,USD,0.29,6.45,1.0,"Apr 15, 2025",7.5,2.85,-,3.22,0.28,3.22,USD,"Apr 13, 2017","Apr 13, 2017"
EMPIRE COMMUNITIES CORP 144A,Corporates,Fixed Income,"103,952.11",0.25,"103,952.11","100,000.00",29163VAC7,US29163VAC72,-,103.64,Canada,-,USD,2.66,5.95,1.0,"Dec 15, 2025",7.0,3.42,-,5.64,2.64,5.64,USD,"Dec 22, 2020","Dec 22, 2020"
NEWELL BRANDS INC,Corporates,Fixed Income,"103,775.39",0.25,"103,775.39","95,000.00",651229BB1,US651229BB19,-,108.83,United States,-,USD,3.11,2.18,1.0,"Jun 01, 2025",4.88,3.15,-,2.12,3.08,2.12,USD,"May 26, 2020","May 26, 2020"
TRIPADVISOR INC 144A,Corporates,Fixed Income,"103,675.19",0.25,"103,675.19","95,000.00",896945AA0,US896945AA07,-,105.9,United States,-,USD,0.53,5.15,1.0,"Jul 15, 2025",7.0,3.03,-,2.4,0.52,2.4,USD,"Jul 09, 2020","Jul 09, 2020"
FORTERRA FINANCE LLC 144A,Corporates,Fixed Income,"103,610.06",0.25,"103,610.06","95,000.00",34962WAA2,US34962WAA27,-,106.07,United States,-,USD,0.52,4.62,1.0,"Jul 15, 2025",6.5,3.07,-,1.2,0.52,1.2,USD,"Jul 16, 2020","Jul 16, 2020"
SM ENERGY CO 144A,Corporates,Fixed Income,"103,375.90",0.25,"103,375.90","90,000.00",78454LAT7,US78454LAT70,BM97566,110.25,United States,-,USD,1.92,6.24,1.0,"Jan 15, 2025",10.0,2.53,-,5.5,2.1,5.5,USD,"Jun 17, 2020","Jun 17, 2020"
AMC ENTERTAINMENT HOLDINGS INC 144A,Corporates,Fixed Income,"103,327.38",0.25,"103,327.38","95,000.00",00165CAN4,US00165CAN48,-,106.55,United States,-,USD,0.29,8.18,1.0,"Apr 15, 2025",10.5,2.71,-,5.52,0.28,5.52,USD,"Apr 24, 2020","Apr 24, 2020"
PICASSO FINANCE SUB INC 144A,Corporates,Fixed Income,"102,864.94",0.24,"102,864.94","98,000.00",71953LAA9,US71953LAA98,BM8BF47,104.69,United States,-,USD,0.69,4.64,1.0,"Jun 15, 2025",6.13,3.09,-,2.82,0.45,2.82,USD,"Jun 15, 2020","Jun 15, 2020"
TRIUMPH GROUP INC,Corporates,Fixed Income,"102,428.78",0.24,"102,428.78","100,000.00",896818AP6,US896818AP61,BD49296,99.5,United States,-,USD,2.64,7.91,1.0,"Aug 15, 2025",7.75,3.02,-,7.91,3.02,7.91,USD,"Aug 17, 2017","Jan 18, 2018"
DEL MONTE FOODS INC 144A,Corporates,Fixed Income,"101,829.03",0.24,"101,829.03","90,000.00",245223AC6,US245223AC65,-,111.63,United States,-,USD,0.37,7.87,1.0,"May 15, 2025",11.88,2.76,-,4.04,0.36,4.04,USD,"May 15, 2020","May 15, 2020"
RATTLER MIDSTREAM LP 144A,Corporates,Fixed Income,"101,312.51",0.24,"101,312.51","95,000.00",75419TAA1,US75419TAA16,-,104.05,United States,-,USD,1.13,4.38,1.0,"Jul 15, 2025",5.63,3.12,-,3.2,0.52,3.2,USD,"Jul 14, 2020","Jul 14, 2020"
JELD-WEN INC 144A,Corporates,Fixed Income,"101,257.56",0.24,"101,257.56","100,000.00",475795AC4,US475795AC41,BF4PG96,101.05,United States,-,USD,1.31,4.33,1.0,"Dec 15, 2025",4.63,3.58,-,3.49,0.93,3.49,USD,"Dec 14, 2017","Dec 14, 2017"
SPIRIT AEROSYSTEMS INC 144A,Corporates,Fixed Income,"101,039.26",0.24,"101,039.26","95,000.00",85205TAM2,US85205TAM27,-,103.82,United States,-,USD,1.75,4.15,1.0,"Jan 15, 2025",5.5,2.72,-,3.29,1.65,3.29,USD,"Oct 05, 2020","Oct 05, 2020"
STARWOOD PROPERTY TRUST INC,Corporates,Fixed Income,"100,909.58",0.24,"100,909.58","95,000.00",85571BAL9,US85571BAL99,BYW54F3,104.82,United States,-,USD,2.64,3.16,1.0,"Mar 15, 2025",4.75,2.93,-,2.88,2.51,2.88,USD,"Mar 15, 2018","Aug 14, 2018"
WILLIAM CARTER COMPANY (THE) 144A,Corporates,Fixed Income,"99,739.34",0.24,"99,739.34","95,000.00",96926JAE7,US96926JAE73,-,104.29,United States,-,USD,0.37,4.12,1.0,"May 15, 2025",5.5,3.05,-,1.31,0.37,1.31,USD,"May 11, 2020","May 11, 2020"
MGM CHINA HOLDINGS LTD 144A,Corporates,Fixed Income,"99,556.00",0.24,"99,556.00","100,000.00",55300RAE1,US55300RAE18,-,99.38,Macau,-,USD,2.25,5.45,1.0,"Jun 18, 2025",5.25,3.12,-,5.45,3.12,5.45,USD,"Jun 18, 2020","Jun 18, 2020"
HUSKY III HOLDING LIMITED 144A,Corporates,Fixed Income,"99,493.30",0.24,"99,493.30","90,000.00",44810RAA6,US44810RAA68,-,105.64,Canada,-,USD,0.13,10.81,1.0,"Feb 15, 2025",13.0,2.43,-,6.12,0.12,6.12,USD,"Feb 14, 2020","Feb 14, 2020"
NAVIENT CORP,Corporates,Fixed Income,"99,323.55",0.24,"99,323.55","90,000.00",63938CAH1,US63938CAH16,BF0P2W5,110.25,United States,-,USD,3.16,3.59,1.0,"Jun 25, 2025",6.75,3.12,-,3.59,3.12,3.59,USD,"May 26, 2017","May 26, 2017"
KOPPERS INC. 144A,Corporates,Fixed Income,"98,549.83",0.23,"98,549.83","95,000.00",500605AH3,US500605AH33,BYXH328,101.47,United States,-,USD,1.18,5.48,1.0,"Feb 15, 2025",6.0,2.76,-,4.63,1.05,4.63,USD,"Jan 25, 2017","Jan 25, 2017"
BRIGHTSTAR ESCROW CORP 144A,Corporates,Fixed Income,"98,477.40",0.23,"98,477.40","90,000.00",10947XAA0,US10947XAA00,BMXWDW9,107.36,United States,-,USD,1.36,7.48,1.0,"Oct 15, 2025",9.75,3.1,-,6.15,0.74,6.15,USD,"Oct 15, 2020","Oct 15, 2020"
CRESTWOOD MIDSTREAM PARTNERS LP,Corporates,Fixed Income,"98,469.88",0.23,"98,469.88","95,000.00",226373AP3,US226373AP35,BDSHKJ2,102.22,United States,-,USD,0.26,5.0,1.0,"Apr 01, 2025",5.75,2.9,-,2.55,0.25,2.55,USD,"Mar 14, 2017","Jul 21, 2017"
DAVE & BUSTERS INC 144A,Corporates,Fixed Income,"98,385.41",0.23,"98,385.41","91,000.00",23833NAH7,US23833NAH70,-,106.85,United States,-,USD,1.06,5.61,1.0,"Nov 01, 2025",7.63,3.28,-,3.74,0.8,3.74,USD,"Oct 27, 2020","Oct 27, 2020"
PTC INC 144A,Corporates,Fixed Income,"97,732.62",0.23,"97,732.62","95,000.00",69370CAB6,US69370CAB63,-,101.51,United States,-,USD,1.75,3.11,1.0,"Feb 15, 2025",3.63,2.9,-,2.89,2.01,2.89,USD,"Feb 13, 2020","Feb 13, 2020"
GREYSTAR REAL ESTATE PARTNERS LLC 144A,Corporates,Fixed Income,"97,111.06",0.23,"97,111.06","95,000.00",39807UAB2,US39807UAB26,BDRYRJ3,101.74,United States,-,USD,0.08,5.25,1.0,"Dec 01, 2025",5.75,3.46,-,1.86,0.08,1.86,USD,"Nov 24, 2017","Nov 24, 2017"
NMI HOLDINGS INC 144A,Corporates,Fixed Income,"97,063.70",0.23,"97,063.70","85,000.00",629209AA5,US629209AA52,-,113.58,United States,-,USD,2.94,3.15,1.0,"Jun 01, 2025",7.38,3.04,-,2.96,2.91,2.96,USD,"Jun 19, 2020","Jun 19, 2020"
FORD MOTOR CREDIT COMPANY LLC,Corporates,Fixed Income,"97,008.69",0.23,"97,008.69","90,000.00",345397ZJ5,US345397ZJ59,BG84447,107.5,United States,-,USD,3.08,2.4,1.0,"Jun 09, 2025",4.69,3.18,-,2.29,3.04,2.29,USD,"Aug 09, 2018","Aug 09, 2018"
CARVANA CO 144A,Corporates,Fixed Income,"96,456.58",0.23,"96,456.58","95,000.00",146869AB8,US146869AB81,-,100.13,United States,-,USD,3.06,5.58,1.0,"Oct 01, 2025",5.63,3.3,-,5.57,2.48,5.57,USD,"Oct 02, 2020","Oct 02, 2020"
AKUMIN INC 144A,Corporates,Fixed Income,"96,285.67",0.23,"96,285.67","100,000.00",01021FAA7,US01021FAA75,-,95.12,United States,-,USD,3.36,8.51,1.0,"Nov 01, 2025",7.0,3.24,-,8.51,3.24,8.51,USD,"Nov 02, 2020","Nov 02, 2020"
P & L DEVELOPMENT LLC 144A,Corporates,Fixed Income,"96,128.86",0.23,"96,128.86","95,000.00",69306RAA4,US69306RAA41,-,100.2,United States,-,USD,3.11,7.69,1.0,"Nov 15, 2025",7.75,3.26,-,7.67,2.51,7.67,USD,"Nov 03, 2020","Nov 03, 2020"
MERITAGE HOMES CORP,Corporates,Fixed Income,"95,472.85",0.23,"95,472.85","85,000.00",59001AAY8,US59001AAY82,BYR88Z5,111.82,United States,-,USD,2.92,2.38,1.0,"Jun 01, 2025",6.0,3.11,-,2.12,2.9,2.12,USD,"Jun 02, 2015","Aug 03, 2015"
CLARIOS GLOBAL LP 144A,Corporates,Fixed Income,"95,197.05",0.23,"95,197.05","90,000.00",18060TAA3,US18060TAA34,-,104.91,United States,-,USD,0.37,5.14,1.0,"May 15, 2025",6.75,2.98,-,2.48,0.37,2.48,USD,"May 20, 2020","May 20, 2020"
QWEST CORPORATION,Corporates,Fixed Income,"94,642.98",0.22,"94,642.98","80,000.00",912920AK1,US912920AK17,2729013,116.17,United States,-,USD,3.27,2.64,1.0,"Sep 15, 2025",7.25,3.25,-,2.64,3.25,2.64,USD,"Sep 15, 1995","Sep 15, 1995"
BUCKEYE PARTNERS LP 144A,Corporates,Fixed Income,"94,450.50",0.22,"94,450.50","90,000.00",118230AT8,US118230AT82,BL4P8R0,103.57,United States,-,USD,2.91,2.94,1.0,"Mar 01, 2025",4.13,2.92,-,2.91,2.85,2.91,USD,"Feb 19, 2020","Feb 19, 2020"
HILTON DOMESTIC OPERATING COMPANY 144A,Corporates,Fixed Income,"94,383.75",0.22,"94,383.75","90,000.00",432833AG6,US432833AG67,-,103.97,United States,-,USD,0.33,4.09,1.0,"May 01, 2025",5.38,3.01,-,1.44,0.33,1.44,USD,"Apr 21, 2020","Apr 21, 2020"
PACTIV CORPORATION,Corporates,Fixed Income,"94,285.68",0.22,"94,285.68","85,000.00",880394AB7,US880394AB71,2847324,110.57,United States,-,USD,3.47,4.97,1.0,"Dec 15, 2025",7.95,3.4,-,4.97,3.4,4.97,USD,"Nov 04, 1999","Nov 04, 1999"
OCI NV 144A,Corporates,Fixed Income,"94,160.29",0.22,"94,160.29","90,000.00",67091GAE3,US67091GAE35,-,103.66,Netherlands,-,USD,1.72,3.58,1.0,"Oct 15, 2025",4.63,3.43,-,2.82,0.77,2.82,USD,"Oct 09, 2020","Oct 09, 2020"
NIELSEN COMPANY LUXEMBOURG SARL 144A,Corporates,Fixed Income,"93,254.80",0.22,"93,254.80","90,000.00",65410CAC4,US65410CAC47,BD7F923,101.55,United States,-,USD,0.09,4.46,1.0,"Feb 01, 2025",5.0,2.78,-,1.5,0.09,1.5,USD,"Jan 31, 2017","Jan 31, 2017"
ASSUREDPARTNERS INC 144A,Corporates,Fixed Income,"93,253.01",0.22,"93,253.01","90,000.00",04624VAA7,US04624VAA70,BDFGDP9,100.97,United States,-,USD,1.07,6.69,1.0,"Aug 15, 2025",7.0,3.08,-,5.38,0.59,5.38,USD,"Aug 02, 2017","Aug 02, 2017"
WESTERN GLOBAL AIRLINES LLC 144A,Corporates,Fixed Income,"92,213.96",0.22,"92,213.96","80,000.00",958278AA1,US958278AA10,-,111.35,United States,-,USD,0.6,6.78,1.0,"Aug 15, 2025",10.38,2.94,-,0.43,0.6,0.43,USD,"Aug 21, 2020","Aug 21, 2020"
CSVC ACQUISITION CORP 144A,Corporates,Fixed Income,"89,183.44",0.21,"89,183.44","100,000.00",12595DAA5,US12595DAA54,BYVKW77,88.84,United States,-,USD,3.04,11.77,1.0,"Jun 15, 2025",7.75,2.89,-,11.77,2.89,11.77,USD,"Jun 30, 2017","Jun 30, 2017"
DRAX FINCO PLC 144A,Corporates,Fixed Income,"88,630.15",0.21,"88,630.15","85,000.00",26151AAA7,US26151AAA79,BFX2LV5,103.19,United Kingdom,-,USD,0.33,5.69,1.0,"Nov 01, 2025",6.63,3.33,-,1.99,0.33,1.99,USD,"Apr 26, 2018","Apr 26, 2018"
HCA INC,Corporates,Fixed Income,"88,573.33",0.21,"88,573.33","75,000.00",197677AG2,US197677AG24,2118332,117.76,United States,-,USD,3.11,2.31,1.0,"Jun 15, 2025",7.69,3.09,-,2.31,3.09,2.31,USD,"Jun 30, 1995","Jun 30, 1995"
CDW LLC,Corporates,Fixed Income,"87,955.88",0.21,"87,955.88","85,000.00",12513GBE8,US12513GBE89,-,102.79,United States,-,USD,0.79,3.23,1.0,"May 01, 2025",4.13,3.08,-,1.88,0.33,1.88,USD,"Apr 21, 2020","Apr 21, 2020"
G-III APPAREL GROUP LTD 144A,Corporates,Fixed Income,"87,461.60",0.21,"87,461.60","80,000.00",36237HAA9,US36237HAA95,-,106.35,United States,-,USD,0.72,5.9,1.0,"Aug 15, 2025",7.88,3.06,-,3.75,0.59,3.75,USD,"Aug 07, 2020","Aug 07, 2020"
DPL INC,Corporates,Fixed Income,"85,327.60",0.2,"85,327.60","80,000.00",233293AR0,US233293AR02,-,104.6,United States,-,USD,3.07,2.74,1.0,"Jul 01, 2025",4.13,3.2,-,2.64,2.98,2.64,USD,"Jan 01, 2021","Apr 29, 2021"
HOSPITALITY PROPERTIES TRUST,Corporates,Fixed Income,"84,347.20",0.2,"84,347.20","85,000.00",44106MAT9,US44106MAT99,BQSNVG5,97.91,United States,-,USD,2.92,5.22,1.0,"Mar 15, 2025",4.5,2.9,-,5.22,2.9,5.22,USD,"Sep 12, 2014","Sep 12, 2014"
HILLENBRAND INC,Corporates,Fixed Income,"84,298.84",0.2,"84,298.84","80,000.00",431571AD0,US431571AD01,-,105.12,United States,-,USD,0.45,4.14,1.0,"Jun 15, 2025",5.75,3.12,-,0.78,0.45,0.78,USD,"Jun 16, 2020","Jun 16, 2020"
HAT HOLDINGS I LLC 144A,Corporates,Fixed Income,"84,265.33",0.2,"84,265.33","80,000.00",418751AB9,US418751AB93,-,104.07,United States,-,USD,0.29,4.65,1.0,"Apr 15, 2025",6.0,2.94,-,2.2,0.29,2.2,USD,"Apr 21, 2020","Apr 21, 2020"
SEALED AIR CORPORATION 144A,Corporates,Fixed Income,"84,187.83",0.2,"84,187.83","75,000.00",81211KAX8,US81211KAX81,BZ1FSZ9,110.63,United States,-,USD,3.16,2.48,1.0,"Sep 15, 2025",5.5,3.33,-,2.28,3.12,2.28,USD,"Jun 16, 2015","Jun 16, 2015"
WESTERN MIDSTREAM OPERATING LP,Corporates,Fixed Income,"84,097.73",0.2,"84,097.73","80,000.00",958254AE4,US958254AE48,BYLHT44,104.79,United States,-,USD,3.06,2.48,1.0,"Jun 01, 2025",3.95,3.19,-,2.37,2.96,2.37,USD,"Jun 04, 2015","Jun 04, 2015"
OUTFRONT MEDIA CAPITAL LLC 144A,Corporates,Fixed Income,"83,962.22",0.2,"83,962.22","80,000.00",69007TAD6,US69007TAD63,BLD4JZ3,104.68,United States,-,USD,0.59,4.77,1.0,"Jun 15, 2025",6.25,3.09,-,2.71,0.45,2.71,USD,"May 15, 2020","May 15, 2020"
MERITOR INC 144A,Corporates,Fixed Income,"83,929.47",0.2,"83,929.47","80,000.00",59001KAG5,US59001KAG58,BMFTKQ1,104.39,United States,-,USD,0.66,4.84,1.0,"Jun 01, 2025",6.25,3.05,-,3.06,0.41,3.06,USD,"Jun 08, 2020","Jun 08, 2020"
CLUBCORP HOLDINGS INC 144A,Corporates,Fixed Income,"83,900.76",0.2,"83,900.76","85,000.00",210374AA2,US210374AA27,BD5KBZ7,96.2,United States,-,USD,3.06,9.74,1.0,"Sep 15, 2025",8.5,3.02,-,9.74,3.02,9.74,USD,"Aug 29, 2017","Aug 29, 2017"
ABERCROMBIE AND FITCH MANAGEMENT C 144A,Corporates,Fixed Income,"83,801.79",0.2,"83,801.79","75,000.00",003000AA4,US003000AA44,-,107.7,United States,-,USD,0.52,6.29,1.0,"Jul 15, 2025",8.75,2.93,-,2.39,0.51,2.39,USD,"Jul 02, 2020","Jul 02, 2020"
OWENS-BROCKWAY GLASS CONTAINER INC 144A,Corporates,Fixed Income,"82,946.50",0.2,"82,946.50","75,000.00",69073TAS2,US69073TAS24,BZ56Z79,108.19,United States,-,USD,3.22,3.93,1.0,"Aug 15, 2025",6.38,3.17,-,3.93,3.17,3.93,USD,"Aug 24, 2015","Aug 24, 2015"
VERMILION ENERGY INC 144A,Corporates,Fixed Income,"82,278.60",0.2,"82,278.60","80,000.00",923725AB1,US923725AB12,BDFC7L1,101.19,Canada,-,USD,1.61,5.21,1.0,"Mar 15, 2025",5.63,2.86,-,4.59,1.14,4.59,USD,"Mar 13, 2017","Mar 13, 2017"
TRINSEO MATERIALS OPERATING SCA 144A,Corporates,Fixed Income,"82,015.23",0.19,"82,015.23","80,000.00",89668QAE8,US89668QAE89,BD5KBF7,101.67,United States,-,USD,1.37,4.87,1.0,"Sep 01, 2025",5.38,3.27,-,4.16,0.65,4.16,USD,"Aug 29, 2017","Aug 29, 2017"
SUGARHOUSE HSP GAMING PROP MEZZ LP 144A,Corporates,Fixed Income,"80,560.56",0.19,"80,560.56","80,000.00",865033AC8,US865033AC86,BDT6RH5,99.95,United States,-,USD,1.63,5.89,1.0,"May 15, 2025",5.88,3.0,-,5.89,3.0,5.89,USD,"May 08, 2017","May 08, 2017"
CENOVUS ENERGY INC,Corporates,Fixed Income,"79,166.13",0.19,"79,166.13","70,000.00",15135UAS8,US15135UAS87,-,110.62,Canada,-,USD,3.0,2.24,1.0,"Jul 15, 2025",5.38,3.18,-,2.02,2.97,2.02,USD,"Jul 30, 2020","Jul 30, 2020"
ENOVA INTERNATIONAL INC 144A,Corporates,Fixed Income,"79,146.58",0.19,"79,146.58","75,000.00",29357KAF0,US29357KAF03,-,103.03,United States,-,USD,1.69,7.54,1.0,"Sep 15, 2025",8.5,3.07,-,6.58,1.54,6.58,USD,"Sep 19, 2018","Sep 19, 2018"
CLEAR CHANNEL INTERNATIONAL BV 144A,Corporates,Fixed Income,"79,052.89",0.19,"79,052.89","75,000.00",18452MAB2,US18452MAB28,-,103.77,United States,-,USD,0.09,5.45,1.0,"Aug 01, 2025",6.63,3.12,-,1.29,0.09,1.29,USD,"Aug 04, 2020","Aug 04, 2020"
AIR METHODS CORP 144A,Corporates,Fixed Income,"78,302.00",0.19,"78,302.00","90,000.00",00215JAA7,US00215JAA79,BF1K2H4,85.98,United States,-,USD,2.94,13.28,1.0,"May 15, 2025",8.0,2.77,-,13.28,2.77,13.28,USD,"Apr 21, 2017","Apr 21, 2017"
ROCKIES EXPRESS PIPELINE LLC 144A,Corporates,Fixed Income,"77,807.25",0.18,"77,807.25","75,000.00",77340RAS6,US77340RAS67,-,103.28,United States,-,USD,3.13,2.58,1.0,"May 15, 2025",3.6,3.15,-,2.55,3.08,2.55,USD,"Jan 31, 2020","Jan 31, 2020"
KRATON POLYMERS LLC 144A,Corporates,Fixed Income,"77,695.42",0.18,"77,695.42","75,000.00",50076XAC5,US50076XAC56,-,103.41,United States,-,USD,2.08,3.32,1.0,"Dec 15, 2025",4.25,3.62,-,2.82,0.93,2.82,USD,"Dec 21, 2020","Dec 21, 2020"
PROVIDENT FUNDING ASSOCIATES LP/ P 144A,Corporates,Fixed Income,"77,681.50",0.18,"77,681.50","75,000.00",74387UAJ0,US74387UAJ07,BDGLXK8,103.29,United States,-,USD,0.39,5.32,1.0,"Jun 15, 2025",6.38,3.07,-,2.01,0.4,2.01,USD,"Jun 08, 2017","Jun 08, 2017"
HEXCEL CORP,Corporates,Fixed Income,"77,608.30",0.18,"77,608.30","70,000.00",428291AM0,US428291AM05,BZ04XV8,109.0,United States,-,USD,3.11,2.34,1.0,"Aug 15, 2025",4.95,3.28,-,2.17,3.06,2.17,USD,"Aug 03, 2015","Aug 03, 2015"
TRANSOCEAN PONTUS LTD 144A,Corporates,Fixed Income,"77,251.92",0.18,"77,251.92","77,050.00",89382PAA3,US89382PAA30,BDR0QL6,97.73,United States,-,USD,2.15,7.18,1.0,"Aug 01, 2025",6.13,2.11,-,7.18,2.11,7.18,USD,"Jul 20, 2018","Jul 20, 2018"
MEG ENERGY CORP 144A,Corporates,Fixed Income,"76,568.40",0.18,"76,568.40","73,000.00",552704AD0,US552704AD04,BYV27T0,101.89,Canada,-,USD,0.08,5.81,1.0,"Jan 15, 2025",6.5,2.65,-,2.79,0.07,2.79,USD,"Jan 27, 2017","Jan 27, 2017"
TERVITA CORP 144A,Corporates,Fixed Income,"76,514.90",0.18,"76,514.90","66,000.00",88159EAA1,US88159EAA10,-,115.02,Canada,-,USD,2.36,6.58,1.0,"Dec 01, 2025",11.0,3.2,-,5.37,2.51,5.37,USD,"Nov 19, 2020","Nov 19, 2020"
JELD-WEN INC 144A,Corporates,Fixed Income,"73,861.63",0.18,"73,861.63","70,000.00",475795AE0,US475795AE07,-,104.72,United States,-,USD,0.37,4.72,1.0,"May 15, 2025",6.25,3.01,-,1.86,0.37,1.86,USD,"May 04, 2020","May 04, 2020"
VENATOR FINANCE SARL/VENATOR MATER 144A,Corporates,Fixed Income,"73,741.04",0.18,"73,741.04","75,000.00",9226APAA3,US9226APAA30,BYVT3W6,95.67,United States,-,USD,3.09,7.16,1.0,"Jul 15, 2025",5.75,3.05,-,7.16,3.05,7.16,USD,"Jul 14, 2017","Jul 14, 2017"
TEMPO ACQUISITION LLC 144A,Corporates,Fixed Income,"72,930.32",0.17,"72,930.32","70,000.00",88023JAD8,US88023JAD81,-,103.71,United States,-,USD,1.16,4.56,1.0,"Jun 01, 2025",5.75,3.07,-,3.6,0.41,3.6,USD,"May 07, 2020","May 07, 2020"
BANIJAY ENTERTAINMENT SAS 144A,Corporates,Fixed Income,"72,826.42",0.17,"72,826.42","70,000.00",060335AA4,US060335AA40,-,102.26,France,-,USD,1.92,4.6,1.0,"Mar 01, 2025",5.38,2.84,-,4.27,2.0,4.27,USD,"Feb 11, 2020","Feb 11, 2020"
RITCHIE BROS AUCTIONEERS INC 144A,Corporates,Fixed Income,"72,648.43",0.17,"72,648.43","70,000.00",767744AA3,US767744AA37,BDGMHW1,101.31,Canada,-,USD,1.04,4.91,1.0,"Jan 15, 2025",5.38,2.71,-,4.08,0.98,4.08,USD,"Dec 21, 2016","Dec 21, 2016"
KRATOS DEFENSE AND SECURITY SOLUTI 144A,Corporates,Fixed Income,"72,552.67",0.17,"72,552.67","70,000.00",50077BAM0,US50077BAM00,BFNF6F3,103.11,United States,-,USD,1.52,5.6,1.0,"Nov 30, 2025",6.5,3.41,-,4.75,0.88,4.75,USD,"Nov 20, 2017","Nov 20, 2017"
CSI COMPRESSCO LP 144A,Corporates,Fixed Income,"72,298.10",0.17,"72,298.10","70,000.00",12652HAA6,US12652HAA68,BF28W22,101.41,United States,-,USD,2.47,7.0,1.0,"Apr 01, 2025",7.5,2.8,-,6.81,2.01,6.81,USD,"Mar 22, 2018","Mar 22, 2018"
SIZZLING PLATTER LLC 144A,Corporates,Fixed Income,"71,754.32",0.17,"71,754.32","70,000.00",830146AB2,US830146AB28,-,101.73,United States,-,USD,3.02,7.94,1.0,"Nov 28, 2025",8.5,3.27,-,7.82,2.52,7.82,USD,"Nov 25, 2020","Nov 25, 2020"
HOUGHTON MIFFLIN HARCOURT PUBLISHE 144A,Corporates,Fixed Income,"70,333.25",0.17,"70,333.25","65,000.00",44157TAA3,US44157TAA34,BL5L6Z1,104.81,United States,-,USD,0.57,7.25,1.0,"Feb 15, 2025",9.0,2.62,-,6.01,0.12,6.01,USD,"Nov 22, 2019","Nov 22, 2019"
FINANCE OF AMERICA FUNDING LLC 144A,Corporates,Fixed Income,"69,615.18",0.17,"69,615.18","70,000.00",317386AA8,US317386AA83,-,98.44,United States,-,USD,3.22,8.35,1.0,"Nov 15, 2025",7.88,3.24,-,8.35,3.24,8.35,USD,"Nov 05, 2020","Nov 05, 2020"
BRINKS CO 144A,Corporates,Fixed Income,"69,565.02",0.17,"69,565.02","65,000.00",109696AB0,US109696AB05,-,104.49,United States,-,USD,0.48,4.12,1.0,"Jul 15, 2025",5.5,3.13,-,1.7,0.44,1.7,USD,"Jun 22, 2020","Jun 22, 2020"
PERFORMANCE FOOD GROUP INC 144A,Corporates,Fixed Income,"69,014.94",0.16,"69,014.94","65,000.00",71376LAD2,US71376LAD29,-,105.03,United States,-,USD,0.33,5.21,1.0,"May 01, 2025",6.88,2.94,-,1.97,0.33,1.97,USD,"Apr 24, 2020","Apr 24, 2020"
SP FINCO LLC 144A,Corporates,Fixed Income,"67,828.79",0.16,"67,828.79","65,000.00",84611WAB0,US84611WAB00,BDGGZX0,100.98,United States,-,USD,0.72,6.43,1.0,"Jul 01, 2025",6.75,2.98,-,4.72,0.48,4.72,USD,"Jun 30, 2017","Jun 30, 2017"
TRAVEL + LEISURE CO,Corporates,Fixed Income,"67,702.20",0.16,"67,702.20","60,000.00",98310WAM0,US98310WAM01,BYX48Q8,111.19,United States,-,USD,3.15,3.39,1.0,"Oct 01, 2025",6.6,3.3,-,3.19,3.11,3.19,USD,"Sep 15, 2015","Sep 15, 2015"
HEALTHSOUTH CORPORATION,Corporates,Fixed Income,"67,520.74",0.16,"67,520.74","65,000.00",421924BT7,US421924BT72,BD9NRZ4,102.19,United States,-,USD,1.05,5.09,1.0,"Sep 15, 2025",5.75,3.26,-,3.92,0.68,3.92,USD,"Sep 16, 2015","Mar 07, 2016"
LADDER CAPITAL FINANCE HOLDINGS LL 144A,Corporates,Fixed Income,"66,724.77",0.16,"66,724.77","65,000.00",505742AG1,US505742AG11,BZ0WZ72,101.34,United States,-,USD,0.63,4.85,1.0,"Oct 01, 2025",5.25,3.33,-,3.42,0.72,3.42,USD,"Sep 25, 2017","Sep 25, 2017"
TOLL BROTHERS FINANCE CORP.,Corporates,Fixed Income,"66,516.55",0.16,"66,516.55","60,000.00",88947EAR1,US88947EAR18,BYRWFH8,110.24,United States,-,USD,3.37,2.11,1.0,"Nov 15, 2025",4.88,3.54,-,1.93,3.33,1.93,USD,"Oct 30, 2015","Oct 30, 2015"
NGL ENERGY PARTNERS LP / NGL ENERG,Corporates,Fixed Income,"66,176.00",0.16,"66,176.00","75,000.00",62913TAM4,US62913TAM45,BF81RC0,86.19,United States,-,USD,2.83,11.44,1.0,"Mar 01, 2025",6.13,2.69,-,11.44,2.69,11.44,USD,"Feb 22, 2017","Aug 10, 2017"
FIRSTENERGY CORPORATION,Corporates,Fixed Income,"65,983.67",0.16,"65,983.67","65,000.00",337932AK3,US337932AK39,-,100.83,United States,-,USD,3.02,1.78,1.0,"Mar 01, 2025",2.05,3.04,-,1.77,2.95,1.77,USD,"Feb 20, 2020","Feb 20, 2020"
CINEMARK USA INC 144A,Corporates,Fixed Income,"64,525.40",0.15,"64,525.40","60,000.00",172441BC0,US172441BC09,-,106.08,United States,-,USD,0.33,6.68,1.0,"May 01, 2025",8.75,2.84,-,3.37,0.33,3.37,USD,"Apr 20, 2020","Apr 20, 2020"
INTL FCSTONE INC 144A,Corporates,Fixed Income,"64,134.20",0.15,"64,134.20","60,000.00",46116VAE5,US46116VAE56,-,106.51,United States,-,USD,0.46,6.49,1.0,"Jun 15, 2025",8.63,2.97,-,3.56,0.45,3.56,USD,"Jun 11, 2020","Jun 11, 2020"
UNITED CONTINENTAL HOLDINGS INC,Corporates,Fixed Income,"63,321.55",0.15,"63,321.55","60,000.00",910047AK5,US910047AK50,-,103.29,United States,-,USD,2.79,3.72,1.0,"Jan 15, 2025",4.88,2.75,-,3.72,2.75,3.72,USD,"May 09, 2019","May 09, 2019"
OWENS-BROCKWAY GLASS CONTAINER INC 144A,Corporates,Fixed Income,"63,174.43",0.15,"63,174.43","60,000.00",690872AB2,US690872AB26,BSPHGG9,104.16,United States,-,USD,2.81,3.91,1.0,"Jan 15, 2025",5.38,2.76,-,3.91,2.76,3.91,USD,"Dec 03, 2014","Dec 03, 2014"
STENA INTERNATIONAL SA 144A,Corporates,Fixed Income,"63,051.04",0.15,"63,051.04","60,000.00",85858EAB9,US85858EAB92,-,102.55,Sweden,-,USD,1.88,5.22,1.0,"Feb 01, 2025",6.13,2.72,-,4.82,1.9,4.82,USD,"Jan 31, 2020","Jan 31, 2020"
DANA FINANCING LUXEMBOURG SARL 144A,Corporates,Fixed Income,"62,295.55",0.15,"62,295.55","60,000.00",235822AB9,US235822AB96,BYPBX73,102.63,United States,-,USD,0.29,4.87,1.0,"Apr 15, 2025",5.75,2.94,-,1.61,0.29,1.61,USD,"Apr 04, 2017","Apr 04, 2017"
SILGAN HOLDINGS INC,Corporates,Fixed Income,"61,316.17",0.15,"61,316.17","60,000.00",827048AU3,US827048AU38,BDDX329,100.8,United States,-,USD,0.2,4.48,1.0,"Mar 15, 2025",4.75,2.91,-,0.86,0.2,0.86,USD,"Sep 15, 2017","Jan 11, 2018"
NATURAL RESOURCE PARTNERS LP 144A,Corporates,Fixed Income,"61,000.80",0.14,"61,000.80","60,000.00",63902MAE8,US63902MAE84,-,101.67,United States,-,USD,2.28,8.56,1.0,"Jun 30, 2025",9.13,2.95,-,8.14,1.66,8.14,USD,"Apr 29, 2019","Apr 29, 2019"
MARRIOTT OWNERSHIP RESORTS INC 144A,Corporates,Fixed Income,"60,910.81",0.14,"60,910.81","58,000.00",57164PAG1,US57164PAG19,-,104.24,United States,-,USD,0.54,4.86,1.0,"Sep 15, 2025",6.13,3.27,-,2.83,0.37,2.83,USD,"May 13, 2020","May 13, 2020"
SM ENERGY CO,Corporates,Fixed Income,"60,878.85",0.14,"60,878.85","60,000.00",78454LAL4,US78454LAL45,BXCJ180,101.0,United States,-,USD,1.71,5.3,1.0,"Jun 01, 2025",5.63,3.06,-,4.89,1.34,4.89,USD,"May 21, 2015","May 21, 2015"
PRA GROUP INC 144A,Corporates,Fixed Income,"60,093.18",0.14,"60,093.18","55,000.00",69354NAC0,US69354NAC02,-,106.8,United States,-,USD,0.65,5.31,1.0,"Sep 01, 2025",7.38,3.14,-,2.53,0.64,2.53,USD,"Aug 27, 2020","Aug 27, 2020"
BOYD GAMING CORPORATION 144A,Corporates,Fixed Income,"59,287.66",0.14,"59,287.66","55,000.00",103304BS9,US103304BS93,-,107.08,United States,-,USD,0.42,6.29,1.0,"Jun 01, 2025",8.63,2.94,-,1.85,0.41,1.85,USD,"May 21, 2020","May 21, 2020"
LEVEL 3 FINANCING INC,Corporates,Fixed Income,"57,091.47",0.14,"57,091.47","55,000.00",527298BH5,US527298BH52,BD97F41,102.01,United States,-,USD,0.3,4.72,1.0,"May 01, 2025",5.38,2.98,-,1.98,0.33,1.98,USD,"Sep 01, 2015","Jan 12, 2016"
NEW HOME COMPANY INC 144A,Corporates,Fixed Income,"57,043.56",0.14,"57,043.56","55,000.00",645370AC1,US645370AC18,BMH6DT4,102.19,United States,-,USD,2.82,6.58,1.0,"Oct 15, 2025",7.25,3.23,-,6.38,2.46,6.38,USD,"Oct 28, 2020","Oct 28, 2020"
MATTHEWS INTERNATIONAL CORPORATION 144A,Corporates,Fixed Income,"56,643.12",0.13,"56,643.12","55,000.00",577128AA9,US577128AA93,BYW9273,102.55,United States,-,USD,1.33,4.53,1.0,"Dec 01, 2025",5.25,3.5,-,3.81,0.89,3.81,USD,"Dec 06, 2017","Dec 06, 2017"
EXTERRAN ENERGY SOLUTIONS LP,Corporates,Fixed Income,"56,612.50",0.13,"56,612.50","60,000.00",30227KAE9,US30227KAE91,BD1MLF7,93.0,United States,-,USD,2.91,10.67,1.0,"May 01, 2025",8.13,2.78,-,10.67,2.78,10.67,USD,"Nov 01, 2017","Apr 18, 2018"
PAR PETROLEUM LLC 144A,Corporates,Fixed Income,"55,812.59",0.13,"55,812.59","55,000.00",69889MAA0,US69889MAA09,BD3MN37,101.13,United States,-,USD,2.64,7.41,1.0,"Dec 15, 2025",7.75,3.35,-,7.12,1.78,7.12,USD,"Dec 21, 2017","Dec 21, 2017"
CLEARWATER PAPER CORP 144A,Corporates,Fixed Income,"55,336.79",0.13,"55,336.79","50,000.00",18538RAH6,US18538RAH66,BPG2HY7,108.43,United States,-,USD,2.83,2.51,1.0,"Feb 01, 2025",5.38,2.8,-,2.51,2.8,2.51,USD,"Jul 29, 2014","Jul 29, 2014"
CALLON PETROLEUM COMPANY 144A,Corporates,Fixed Income,"55,193.00",0.13,"55,193.00","50,000.00",13123XBB7,US13123XBB73,-,108.14,United States,-,USD,0.92,6.19,1.0,"Apr 01, 2025",9.0,2.76,-,4.46,0.71,4.46,USD,"Sep 30, 2020","Sep 30, 2020"
MARTIN MIDSTREAM PARTNERS LP 144A,Corporates,Fixed Income,"54,675.72",0.13,"54,675.72","50,000.00",573334AH2,US573334AH20,BMB2PQ9,105.01,United States,-,USD,0.59,9.62,1.0,"Feb 28, 2025",11.5,2.52,-,3.19,0.58,3.19,USD,"Aug 12, 2020","Aug 12, 2020"
POWDR CORP 144A,Corporates,Fixed Income,"53,295.50",0.13,"53,295.50","50,000.00",73900LAA9,US73900LAA98,-,104.09,United States,-,USD,1.46,4.74,1.0,"Aug 01, 2025",6.0,3.13,-,3.96,0.56,3.96,USD,"Jul 24, 2020","Jul 24, 2020"
SPECTRUM BRANDS INC,Corporates,Fixed Income,"52,416.69",0.12,"52,416.69","50,000.00",84762LAU9,US84762LAU98,BD9N099,102.18,United States,-,USD,0.08,5.07,1.0,"Jul 15, 2025",5.75,3.1,-,2.06,0.07,2.06,USD,"Jan 15, 2016","Feb 08, 2016"
AMERICAN GREETINGS CORPORATION 144A,Corporates,Fixed Income,"52,393.11",0.12,"52,393.11","50,000.00",026375AR6,US026375AR68,BF5FSF5,102.94,United States,-,USD,0.65,7.71,1.0,"Apr 15, 2025",8.75,2.78,-,5.87,0.28,5.87,USD,"Apr 09, 2018","Apr 09, 2018"
PERENTI FINANCE PTY LTD MTN 144A,Corporates,Fixed Income,"52,367.81",0.12,"52,367.81","50,000.00",71367VAA7,US71367VAA70,-,103.24,Australia,-,USD,2.47,5.53,1.0,"Oct 07, 2025",6.5,3.27,-,5.23,2.48,5.23,USD,"Oct 07, 2020","Oct 07, 2020"
SALLY HOLDINGS LLC/SALLY CAPITAL I,Corporates,Fixed Income,"51,312.38",0.12,"51,312.38","50,000.00",79546VAL0,US79546VAL09,BYT5RH9,102.16,United States,-,USD,0.08,5.01,1.0,"Dec 01, 2025",5.63,3.47,-,2.01,0.08,2.01,USD,"Dec 03, 2015","Dec 03, 2015"
VIKING CRUISES LTD 144A,Corporates,Fixed Income,"49,846.81",0.12,"49,846.81","50,000.00",92676XAC1,US92676XAC11,BXC2TT6,98.89,United States,-,USD,2.67,6.62,1.0,"May 15, 2025",6.25,2.97,-,6.62,2.97,6.62,USD,"May 08, 2015","May 08, 2015"
PARK INTERMEDIATE HOLDINGS LLC 144A,Corporates,Fixed Income,"47,765.25",0.11,"47,765.25","45,000.00",70052LAA1,US70052LAA17,BMTCZG1,105.52,United States,-,USD,0.42,5.7,1.0,"Jun 01, 2025",7.5,2.99,-,-5.0,0.43,-5.0,USD,"May 29, 2020","May 29, 2020"
SUMMIT MIDSTREAM HOLDINGS LLC / SU,Corporates,Fixed Income,"46,385.94",0.11,"46,385.94","50,000.00",86614WAD8,US86614WAD83,BYYQJ48,91.56,United States,-,USD,2.98,8.75,1.0,"Apr 15, 2025",5.75,2.87,-,8.75,2.87,8.75,USD,"Feb 15, 2017","Feb 15, 2017"
TRIDENT TPI HOLDINGS INC 144A,Corporates,Fixed Income,"45,684.08",0.11,"45,684.08","45,000.00",89616RAA7,US89616RAA77,BDZXJ30,100.42,United States,-,USD,1.92,6.5,1.0,"Nov 01, 2025",6.63,3.31,-,6.09,0.79,6.09,USD,"Oct 17, 2017","Oct 17, 2017"
BORGWARNER INC 144A,Corporates,Fixed Income,"45,174.40",0.11,"45,174.40","40,000.00",099724AM8,US099724AM84,BKS95Z8,111.69,United States,-,USD,3.43,1.76,1.0,"Oct 01, 2025",5.0,3.42,-,1.76,3.42,1.76,USD,"Oct 01, 2020","Oct 05, 2020"
VERISIGN INC,Corporates,Fixed Income,"44,680.60",0.11,"44,680.60","40,000.00",92343EAH5,US92343EAH53,BYPL5H7,110.39,United States,-,USD,2.79,1.94,1.0,"Apr 01, 2025",5.25,2.98,-,1.68,2.77,1.68,USD,"Mar 27, 2015","Jul 10, 2015"
WERNER FINCO LP/ WERNER FINCO INC 144A,Corporates,Fixed Income,"43,385.49",0.1,"43,385.49","40,000.00",95076PAA1,US95076PAA12,BYW9WZ1,104.43,United States,-,USD,0.53,7.31,1.0,"Jul 15, 2025",8.75,2.91,-,4.39,0.51,4.39,USD,"Jul 10, 2017","Jul 10, 2017"
GOLDEN NUGGET INC 144A,Corporates,Fixed Income,"42,541.40",0.1,"42,541.40","40,000.00",38113YAC3,US38113YAC30,BYWFXH8,104.17,United States,-,USD,0.08,7.45,1.0,"Oct 01, 2025",8.75,3.11,-,-5.0,0.09,-5.0,USD,"Sep 26, 2017","Sep 26, 2017"
AMERICAN AIRLINES 2013-1 PASS THRO,Corporates,Fixed Income,"38,558.61",0.09,"38,558.61","38,221.00",90346WAA1,US90346WAA18,B94MBG7,100.38,United States,-,USD,2.79,3.81,1.0,"Nov 15, 2025",3.95,2.76,-,3.81,2.76,3.81,USD,"Apr 24, 2013","Apr 24, 2013"
AMERICAN AIRLINES 2013-1 CLASS A P,Corporates,Fixed Income,"27,990.51",0.07,"27,990.51","28,483.00",023772AB2,US023772AB21,BPBGFV7,96.43,United States,-,USD,2.68,5.35,1.0,"Jul 15, 2025",4.0,2.63,-,5.35,2.63,5.35,USD,"Jul 15, 2014","Jul 18, 2014"
SALLY HOLDINGS LLC 144A,Corporates,Fixed Income,"27,010.58",0.06,"27,010.58","25,000.00",79546VAM8,US79546VAM81,-,106.58,United States,-,USD,0.33,6.52,1.0,"Apr 30, 2025",8.75,2.85,-,-5.0,0.35,-5.0,USD,"Apr 24, 2020","Apr 24, 2020"
CLARK EQUIPMENT COMPANY 144A,Corporates,Fixed Income,"26,087.07",0.06,"26,087.07","25,000.00",181396AE2,US181396AE20,BMQ9ZC1,103.88,Korea (South),-,USD,1.05,4.64,1.0,"Jun 01, 2025",5.88,3.07,-,3.49,0.41,3.49,USD,"May 29, 2020","May 29, 2020"
NSG HOLDINGS LLC 144A,Corporates,Fixed Income,"11,345.08",0.03,"11,345.08","10,563.00",62940QAA3,US62940QAA31,B1TSCP0,107.05,United States,-,USD,1.76,3.76,1.0,"Dec 15, 2025",7.75,1.74,-,3.76,1.74,3.76,USD,"Mar 14, 2007","Mar 14, 2007"
USD CASH,Cash and/or Derivatives,Cash,"-7,838.14",-0.02,"-7,838.14","-7,838.00",-,-,-,100.0,United States,-,USD,0.0,0.1,1.0,-,0.0,0.0,-,0.1,0.0,0.1,USD,-,"Jan 01, 1989"
