,,,,,,,,,,,,,,,,,,,,,,,,,,iShares Fallen Angels USD Bond ETF
SPRINT CAPITAL CORPORATION,Communications,Fixed Income,"80,369,294.73",1.61,"80,369,294.73","62,880,000.00",852060AD4,US852060AD48,2327354,126.88,United States,-,USD,5.67,2.58,1.0,"Nov 15, 2028",6.88,5.65,-,2.58,5.65,2.58,USD,"Nov 16, 1998","Nov 16, 1998"
SPRINT CAPITAL CORPORATION,Communications,Fixed Income,"75,248,332.48",1.51,"75,248,332.48","49,168,000.00",852060AT9,US852060AT99,2964029,150.39,United States,-,USD,7.4,2.98,1.0,"Mar 15, 2032",8.75,7.37,-,2.98,7.37,2.98,USD,"Mar 14, 2002","Jun 21, 2002"
VODAFONE GROUP PLC,Communications,Fixed Income,"74,719,659.10",1.5,"74,719,659.10","61,210,000.00",92857WBQ2,US92857WBQ24,BJWZHR1,120.32,United Kingdom,-,USD,5.67,5.47,1.0,"Apr 04, 2079",7.0,5.74,-,3.68,5.62,3.68,USD,"Apr 04, 2019","Apr 04, 2019"
FREEPORT-MCMORAN COPPER & GOLD INC,Basic Industry,Fixed Income,"69,290,616.01",1.39,"69,290,616.01","54,398,000.00",35671DBC8,US35671DBC83,BFPC4S1,125.73,United States,-,USD,13.21,3.69,1.0,"Mar 15, 2043",5.45,13.37,-,3.67,13.18,3.67,USD,"Sep 15, 2013","Oct 09, 2013"
NEWELL BRANDS INC,Consumer Non-Cyclical,Fixed Income,"66,921,369.14",1.34,"66,921,369.14","60,655,000.00",651229AW6,US651229AW64,BD3J3H2,109.12,United States,-,USD,3.68,2.43,1.0,"Apr 01, 2026",4.7,3.83,-,2.3,3.63,2.3,USD,"Mar 30, 2016","Mar 30, 2016"
INTESA SANPAOLO SPA 144A,Banking,Fixed Income,"66,371,899.07",1.33,"66,371,899.07","62,155,000.00",46115HAT4,US46115HAT41,BNH5752,106.67,Italy,-,USD,2.36,2.24,1.0,"Jun 26, 2024",5.02,2.34,-,2.24,2.34,2.24,USD,"Jun 26, 2014","Jun 26, 2014"
EMBARQ CORP,Communications,Fixed Income,"50,771,776.15",1.02,"50,771,776.15","44,636,000.00",29078EAA3,US29078EAA38,B156W36,113.08,United States,-,USD,8.95,6.58,1.0,"Jun 01, 2036",8.0,8.82,-,6.58,8.82,6.58,USD,"May 17, 2006","May 19, 2006"
DEUTSCHE BANK AG,Banking,Fixed Income,"48,104,902.05",0.96,"48,104,902.05","44,745,000.00",251525AP6,US251525AP63,BWP2TZ2,106.38,Germany,-,USD,3.02,2.44,1.0,"Apr 01, 2025",4.5,3.0,-,2.44,3.0,2.44,USD,"Apr 01, 2015","Apr 01, 2015"
DEUTSCHE BANK AG MTN,Banking,Fixed Income,"47,937,380.79",0.96,"47,937,380.79","46,449,000.00",251525AM3,US251525AM33,B9ZT6L7,102.73,Germany,-,USD,1.36,3.29,1.0,"May 24, 2028",4.3,1.3,-,2.3,1.35,2.3,USD,"May 24, 2013","May 24, 2013"
UNICREDIT SPA 144A,Banking,Fixed Income,"46,893,710.08",0.94,"46,893,710.08","38,640,000.00",904678AQ2,US904678AQ20,BJ0CMN5,119.5,Italy,-,USD,5.74,4.82,1.0,"Apr 02, 2034",7.3,5.71,-,4.15,5.7,4.15,USD,"Apr 02, 2019","Apr 02, 2019"
ROYAL CARIBBEAN CRUISES LTD 144A,Consumer Cyclical,Fixed Income,"43,929,010.40",0.88,"43,929,010.40","37,341,000.00",780153AZ5,US780153AZ50,-,112.37,United States,-,USD,0.4,7.35,1.0,"Jun 01, 2025",11.5,2.72,-,2.28,0.39,2.28,USD,"May 19, 2020","May 19, 2020"
DRESDNER FUNDING TRUST I 144A,Banking,Fixed Income,"42,735,686.62",0.86,"42,735,686.62","30,274,000.00",26156FAA1,US26156FAA12,2423780,141.16,Germany,-,USD,6.03,3.11,1.0,"Jun 30, 2031",8.15,7.16,-,2.17,6.0,2.17,USD,"May 25, 1999","May 25, 1999"
EQT CORP,Energy,Fixed Income,"42,524,549.93",0.85,"42,524,549.93","39,215,000.00",26884LAF6,US26884LAF67,BZ2Z1G0,107.43,United States,-,USD,5.02,2.5,1.0,"Oct 01, 2027",3.9,5.12,-,2.45,4.92,2.45,USD,"Oct 04, 2017","Oct 04, 2017"
APACHE CORPORATION,Energy,Fixed Income,"40,742,048.25",0.82,"40,742,048.25","35,478,000.00",037411AW5,US037411AW56,B58CQJ3,113.1,United States,-,USD,12.15,4.09,1.0,"Sep 01, 2040",5.1,12.24,-,4.07,12.03,4.07,USD,"Aug 20, 2010","Aug 20, 2010"
HOWMET AEROSPACE INC,Capital Goods,Fixed Income,"38,073,949.40",0.76,"38,073,949.40","34,833,000.00",013817AW1,US013817AW16,BQWJT65,108.02,United States,-,USD,2.36,2.11,1.0,"Oct 01, 2024",5.13,2.55,-,1.83,2.33,1.83,USD,"Sep 22, 2014","Sep 22, 2014"
TELECOM ITALIA CAPITAL,Communications,Fixed Income,"36,572,381.15",0.73,"36,572,381.15","31,045,000.00",87927VAV0,US87927VAV09,B39NQJ1,117.16,Italy,-,USD,9.88,6.06,1.0,"Jun 04, 2038",7.72,9.77,-,6.06,9.77,6.06,USD,"Jun 04, 2008","Jun 04, 2008"
ZF NORTH AMERICA CAPITAL INC 144A,Consumer Cyclical,Fixed Income,"36,489,165.32",0.73,"36,489,165.32","33,752,000.00",98877DAC9,US98877DAC92,BX41K43,107.25,Germany,-,USD,3.08,2.47,1.0,"Apr 29, 2025",4.75,3.07,-,2.47,3.07,2.47,USD,"Apr 29, 2015","Apr 29, 2015"
TELECOM ITALIA CAPITAL SA,Communications,Fixed Income,"36,232,206.50",0.73,"36,232,206.50","30,730,000.00",87927VAR9,US87927VAR96,B8DHVZ5,114.65,Italy,-,USD,9.2,5.7,1.0,"Jul 18, 2036",7.2,9.1,-,5.7,9.1,5.7,USD,"Jul 18, 2006","Jul 18, 2006"
EQT CORP,Energy,Fixed Income,"36,065,215.17",0.72,"36,065,215.17","31,176,000.00",26884LAH2,US26884LAH24,-,112.87,United States,-,USD,2.71,2.28,1.0,"Feb 01, 2025",6.63,2.76,-,2.17,2.69,2.17,USD,"Jan 21, 2020","Jan 21, 2020"
COMMERZBANK AG 144A,Banking,Fixed Income,"35,363,302.63",0.71,"35,363,302.63","31,414,000.00",20259BAA9,US20259BAA98,BDWGZR8,110.2,Germany,-,USD,1.61,2.05,1.0,"Sep 19, 2023",8.13,1.6,-,2.05,1.6,2.05,USD,"Sep 19, 2013","Sep 19, 2013"
NEWELL BRANDS INC,Consumer Non-Cyclical,Fixed Income,"34,288,609.76",0.69,"34,288,609.76","32,882,000.00",651229AV8,US651229AV81,BD3J3K5,103.15,United States,-,USD,1.06,1.78,1.0,"Apr 01, 2023",4.35,1.21,-,1.39,1.05,1.39,USD,"Mar 30, 2016","Mar 30, 2016"
UNICREDIT SPA MTN 144A,Banking,Fixed Income,"33,865,188.89",0.68,"33,865,188.89","30,887,000.00",904678AF6,US904678AF64,BDFZC93,109.4,Italy,-,USD,4.7,4.39,1.0,"Jun 19, 2032",5.86,4.67,-,3.93,4.7,3.93,USD,"Jun 19, 2017","Jun 19, 2017"
TELECOM ITALIA CAPITAL SA,Communications,Fixed Income,"33,236,844.59",0.67,"33,236,844.59","30,434,000.00",87927VAF5,US87927VAF58,B06Y4X6,108.4,Italy,-,USD,8.48,5.41,1.0,"Nov 15, 2033",6.38,8.36,-,5.41,8.36,5.41,USD,"May 15, 2004","Sep 30, 2004"
TELECOM ITALIA CAPITAL SA,Communications,Fixed Income,"33,147,764.90",0.66,"33,147,764.90","30,977,000.00",87927VAM0,US87927VAM00,B80LG33,105.44,Italy,-,USD,8.94,5.4,1.0,"Sep 30, 2034",6.0,8.83,-,5.4,8.83,5.4,USD,"Sep 30, 2005","Sep 30, 2005"
ROLLS-ROYCE PLC 144A,Capital Goods,Fixed Income,"32,225,846.96",0.65,"32,225,846.96","31,436,000.00",77578JAB4,US77578JAB44,BZBWT91,101.71,United Kingdom,-,USD,3.43,3.14,1.0,"Oct 14, 2025",3.63,3.5,-,3.11,3.28,3.11,USD,"Oct 14, 2015","Oct 14, 2015"
ROYAL CARIBBEAN CRUISES LTD 144A,Consumer Cyclical,Fixed Income,"32,130,149.16",0.64,"32,130,149.16","28,012,000.00",780153AY8,US780153AY85,-,109.72,United States,-,USD,1.07,3.78,1.0,"Jun 01, 2023",10.88,1.27,-,2.38,1.06,2.38,USD,"May 19, 2020","May 19, 2020"
KRAFT HEINZ FOODS CO,Consumer Non-Cyclical,Fixed Income,"32,109,823.45",0.64,"32,109,823.45","27,402,000.00",50077LAB2,US50077LAB27,BD7YG30,116.82,United States,-,USD,15.49,3.36,1.0,"Jun 01, 2046",4.38,15.67,-,3.35,15.47,3.35,USD,"May 24, 2016","Aug 19, 2016"
EQT CORP,Energy,Fixed Income,"30,766,445.72",0.62,"30,766,445.72","23,384,000.00",26884LAG4,US26884LAG41,BJVB6C8,128.38,United States,-,USD,6.11,3.44,1.0,"Feb 01, 2030",7.5,6.2,-,3.35,6.05,3.35,USD,"Jan 21, 2020","Jan 21, 2020"
FIRSTENERGY CORPORATION,Electric,Fixed Income,"30,081,408.63",0.6,"30,081,408.63","22,004,000.00",337932AC1,US337932AC13,2819486,135.71,United States,-,USD,7.49,3.14,1.0,"Nov 15, 2031",7.38,7.44,-,3.14,7.44,3.14,USD,"Nov 15, 2001","Nov 15, 2001"
FREEPORT-MCMORAN COPPER & GOLD INC,Basic Industry,Fixed Income,"29,984,255.88",0.6,"29,984,255.88","28,664,000.00",35671DAZ8,US35671DAZ87,BFPC481,103.47,United States,-,USD,0.94,0.98,1.0,"Mar 15, 2023",3.88,1.17,-,0.24,0.94,0.24,USD,"Sep 15, 2013","Oct 09, 2013"
RESORTS WORLD LAS VEGAS LLC RegS,Consumer Cyclical,Fixed Income,"29,867,370.17",0.6,"29,867,370.17","29,400,000.00",-,USU76198AA52,BJLJGR7,100.64,Malaysia,-,USD,6.08,4.52,1.0,"Apr 16, 2029",4.63,6.08,-,4.52,5.91,4.52,USD,"Apr 16, 2019","Apr 16, 2019"
EQT MIDSTREAM PARTNERS LP,Energy,Fixed Income,"29,712,058.42",0.6,"29,712,058.42","26,426,000.00",26885BAC4,US26885BAC46,BFXXB07,109.85,United States,-,USD,5.34,3.78,1.0,"Jul 15, 2028",5.5,5.4,-,3.73,5.22,3.73,USD,"Jun 25, 2018","Jun 25, 2018"
IHS MARKIT LTD,Technology,Fixed Income,"29,426,674.56",0.59,"29,426,674.56","25,789,000.00",44962LAJ6,US44962LAJ61,BJRF873,113.41,United States,-,USD,6.21,2.26,1.0,"May 01, 2029",4.25,6.34,-,2.2,6.15,2.2,USD,"Apr 08, 2019","Apr 08, 2019"
NORDSTROM INC,Consumer Cyclical,Fixed Income,"28,992,078.57",0.58,"28,992,078.57","30,115,000.00",655664AR1,US655664AR15,BNFX1H8,93.92,United States,-,USD,12.65,5.48,1.0,"Jan 15, 2044",5.0,12.64,-,5.48,12.64,5.48,USD,"Dec 12, 2013","Jun 06, 2014"
DELTA AIR LINES INC,Transportation,Fixed Income,"28,846,991.60",0.58,"28,846,991.60","28,057,000.00",247361ZU5,US247361ZU54,-,102.28,United States,-,USD,2.67,2.06,1.0,"Oct 28, 2024",2.9,2.69,-,2.04,2.61,2.04,USD,"Oct 28, 2019","Oct 28, 2019"
XEROX CORPORATION,Technology,Fixed Income,"28,652,325.54",0.57,"28,652,325.54","27,409,000.00",984121CQ4,US984121CQ49,BDG75H7,103.25,United States,-,USD,1.1,1.64,1.0,"Mar 15, 2023",4.38,1.16,-,1.44,1.09,1.44,USD,"Sep 11, 2017","Sep 11, 2017"
TOPAZ SOLAR FARMS LLC 144A,Electric,Fixed Income,"28,434,520.97",0.57,"28,434,520.97","23,629,174.00",89054XAC9,US89054XAC92,-,118.9,United States,-,USD,7.19,3.27,1.0,"Sep 30, 2039",5.75,7.22,-,3.27,7.22,3.27,USD,"Feb 24, 2012","Feb 24, 2012"
NAVIENT CORP MTN,Finance Companies,Fixed Income,"28,262,972.79",0.57,"28,262,972.79","26,518,000.00",78442FEQ7,US78442FEQ72,B93LNF8,104.2,United States,-,USD,1.03,1.52,1.0,"Jan 25, 2023",5.5,1.02,-,1.52,1.02,1.52,USD,"Jan 28, 2013","Jan 28, 2013"
WESTERN MIDSTREAM OPERATING LP,Energy,Fixed Income,"28,048,986.35",0.56,"28,048,986.35","24,989,000.00",958667AC1,US958667AC17,-,110.04,United States,-,USD,6.45,3.84,1.0,"Feb 01, 2030",5.3,6.5,-,3.81,6.33,3.81,USD,"Jan 13, 2020","Jan 13, 2020"
FREEPORT-MCMORAN INC,Basic Industry,Fixed Income,"26,855,618.28",0.54,"26,855,618.28","21,894,000.00",35671DBJ3,US35671DBJ37,BSN4Q39,121.91,United States,-,USD,9.45,3.3,1.0,"Nov 14, 2034",5.4,9.59,-,3.24,9.32,3.24,USD,"Nov 14, 2014","Nov 14, 2014"
NEWELL BRANDS INC,Consumer Non-Cyclical,Fixed Income,"26,111,846.64",0.52,"26,111,846.64","20,108,000.00",651229AY2,US651229AY21,BD3J3M7,128.31,United States,-,USD,13.8,4.14,1.0,"Apr 01, 2046",6.0,13.95,-,4.12,13.79,4.12,USD,"Mar 30, 2016","Mar 30, 2016"
HOWMET AEROSPACE INC,Capital Goods,Fixed Income,"25,989,013.56",0.52,"25,989,013.56","22,392,000.00",443201AA6,US443201AA64,-,114.92,United States,-,USD,2.95,2.21,1.0,"May 01, 2025",6.88,3.0,-,2.1,2.93,2.1,USD,"Apr 24, 2020","Apr 24, 2020"
WESTERN MIDSTREAM OPERATING LP,Energy,Fixed Income,"25,585,619.22",0.51,"25,585,619.22","21,065,000.00",958667AA5,US958667AA50,-,118.75,United States,-,USD,13.64,5.22,1.0,"Feb 01, 2050",6.5,13.72,-,5.21,13.62,5.21,USD,"Jan 13, 2020","Jan 13, 2020"
HOSPITALITY PROPERTIES TRUST,Reits,Fixed Income,"25,492,276.90",0.51,"25,492,276.90","25,557,000.00",44106MAZ5,US44106MAZ59,BKVJX95,98.62,United States,-,USD,2.57,4.89,1.0,"Oct 01, 2024",4.35,2.53,-,4.89,2.53,4.89,USD,"Sep 18, 2019","Sep 18, 2019"
FIRSTENERGY CORPORATION,Electric,Fixed Income,"24,549,714.18",0.49,"24,549,714.18","22,244,000.00",337932AH0,US337932AH00,BDC3P91,108.3,United States,-,USD,4.74,2.77,1.0,"Jul 15, 2027",4.4,4.84,-,2.7,4.65,2.7,USD,"Jun 21, 2017","Jun 21, 2017"
PERRIGO FINANCE UNLIMITED CO,Consumer Non-Cyclical,Fixed Income,"23,666,640.66",0.47,"23,666,640.66","23,339,000.00",71429MAC9,US71429MAC91,-,101.2,United States,-,USD,7.13,3.73,1.0,"Jun 15, 2030",3.9,7.15,-,3.73,6.96,3.73,USD,"Jun 19, 2020","Jun 19, 2020"
PERRIGO FINANCE PLC,Consumer Non-Cyclical,Fixed Income,"23,372,776.72",0.47,"23,372,776.72","21,665,000.00",71429MAB1,US71429MAB19,BDB49P9,106.56,United States,-,USD,3.68,2.71,1.0,"Mar 15, 2026",4.38,3.8,-,2.62,3.59,2.62,USD,"Mar 10, 2016","Mar 10, 2016"
HOWMET AEROSPACE INC,Capital Goods,Fixed Income,"23,322,163.38",0.47,"23,322,163.38","19,139,000.00",013817AK7,US013817AK77,B1P7358,119.33,United States,-,USD,10.24,4.21,1.0,"Feb 01, 2037",5.95,10.19,-,4.21,10.19,4.21,USD,"Jan 25, 2007","Jan 25, 2007"
METHANEX CORPORATION,Basic Industry,Fixed Income,"23,106,871.76",0.46,"23,106,871.76","21,809,000.00",59151KAL2,US59151KAL26,-,105.67,Canada,-,USD,6.48,4.4,1.0,"Dec 15, 2029",5.25,6.49,-,4.38,6.32,4.38,USD,"Sep 12, 2019","Sep 12, 2019"
FREEPORT-MCMORAN INC,Basic Industry,Fixed Income,"22,940,548.95",0.46,"22,940,548.95","21,286,000.00",35671DBL8,US35671DBL82,BSM5SZ9,107.14,United States,-,USD,2.5,1.98,1.0,"Nov 14, 2024",4.55,2.69,-,1.75,2.47,1.75,USD,"Nov 14, 2014","Nov 14, 2014"
SOUTHWESTERN ENERGY COMPANY,Energy,Fixed Income,"22,901,024.87",0.46,"22,901,024.87","20,311,000.00",845467AL3,US845467AL33,BV9FYC2,109.92,United States,-,USD,2.56,3.03,1.0,"Jan 23, 2025",6.45,2.73,-,2.76,2.52,2.76,USD,"Jan 23, 2015","Jan 23, 2015"
KRAFT HEINZ FOODS CO,Consumer Non-Cyclical,Fixed Income,"22,877,047.24",0.46,"22,877,047.24","17,683,000.00",50077LAM8,US50077LAM81,BD7YG52,126.93,United States,-,USD,14.28,3.51,1.0,"Jul 15, 2045",5.2,14.45,-,3.49,14.27,3.49,USD,"Jul 15, 2016","Aug 19, 2016"
ADT CORP,Consumer Cyclical,Fixed Income,"22,704,483.42",0.45,"22,704,483.42","21,812,000.00",00101JAH9,US00101JAH95,B9XQGS7,103.87,United States,-,USD,1.42,1.43,1.0,"Jun 15, 2023",4.13,1.42,-,1.43,1.42,1.43,USD,"Jan 14, 2013","May 17, 2013"
SPIRIT AEROSYSTEMS INC,Capital Goods,Fixed Income,"22,438,247.92",0.45,"22,438,247.92","22,334,000.00",85205TAK6,US85205TAK60,BDR7P87,100.22,United States,-,USD,5.54,4.56,1.0,"Jun 15, 2028",4.6,5.52,-,4.56,5.34,4.56,USD,"May 30, 2018","May 30, 2018"
ENLINK MIDSTREAM PARTNERS LP,Energy,Fixed Income,"22,430,754.40",0.45,"22,430,754.40","21,575,000.00",29336UAE7,US29336UAE73,BXNT1C3,103.59,United States,-,USD,3.07,3.04,1.0,"Jun 01, 2025",4.15,3.17,-,2.96,2.95,2.96,USD,"May 12, 2015","May 12, 2015"
PERRIGO FINANCE PLC,Consumer Non-Cyclical,Fixed Income,"21,888,716.45",0.44,"21,888,716.45","20,798,000.00",714295AC6,US714295AC63,BST7803,105.07,United States,-,USD,2.64,2.12,1.0,"Dec 15, 2024",3.9,2.79,-,1.97,2.56,1.97,USD,"Dec 02, 2014","Dec 02, 2014"
NOKIA OYJ,Technology,Fixed Income,"21,702,830.06",0.43,"21,702,830.06","15,587,000.00",654902AC9,US654902AC90,B40SLR5,138.34,Finland,-,USD,11.37,3.63,1.0,"May 15, 2039",6.63,11.37,-,3.63,11.37,3.63,USD,"May 07, 2009","May 07, 2009"
IHS MARKIT LTD,Technology,Fixed Income,"21,654,954.89",0.43,"21,654,954.89","18,400,000.00",44962LAF4,US44962LAF40,-,115.72,United States,-,USD,5.51,2.17,1.0,"Aug 01, 2028",4.75,5.65,-,2.09,5.46,2.09,USD,"Jul 23, 2018","Jul 23, 2018"
EQT MIDSTREAM PARTNERS LP,Energy,Fixed Income,"21,286,067.01",0.43,"21,286,067.01","17,081,000.00",26885BAE0,US26885BAE02,BFXXB41,121.57,United States,-,USD,13.42,5.02,1.0,"Jul 15, 2048",6.5,13.51,-,5.01,13.39,5.01,USD,"Jun 25, 2018","Jun 25, 2018"
QVC INC,Consumer Cyclical,Fixed Income,"20,750,284.23",0.42,"20,750,284.23","19,886,000.00",747262AK9,US747262AK96,BD1NKQ4,103.06,United States,-,USD,1.17,1.8,1.0,"Mar 15, 2023",4.38,1.16,-,1.8,1.16,1.8,USD,"Mar 18, 2013","Aug 23, 2013"
US CELLULAR CORP,Communications,Fixed Income,"20,722,392.46",0.42,"20,722,392.46","17,045,000.00",911684AD0,US911684AD06,2209593,121.22,United States,-,USD,8.64,4.4,1.0,"Dec 15, 2033",6.7,8.56,-,4.4,8.56,4.4,USD,"Dec 08, 2003","Dec 08, 2003"
APACHE CORPORATION,Energy,Fixed Income,"20,617,996.60",0.41,"20,617,996.60","18,757,000.00",037411BE4,US037411BE40,BGHJVM0,109.0,United States,-,USD,5.77,2.9,1.0,"Oct 15, 2028",4.38,5.86,-,2.86,5.66,2.86,USD,"Aug 23, 2018","Aug 23, 2018"
HOWMET AEROSPACE INC,Capital Goods,Fixed Income,"20,174,284.80",0.4,"20,174,284.80","17,280,000.00",013817AJ0,US013817AJ05,BFLRBF6,114.29,United States,-,USD,4.39,2.86,1.0,"Feb 01, 2027",5.9,4.36,-,2.86,4.36,2.86,USD,"Jan 25, 2007","Jan 25, 2007"
QVC INC,Consumer Cyclical,Fixed Income,"20,096,733.57",0.4,"20,096,733.57","18,684,000.00",747262AU7,US747262AU78,BTDYJN7,105.84,United States,-,USD,2.73,2.49,1.0,"Feb 15, 2025",4.45,2.87,-,2.34,2.66,2.34,USD,"Aug 21, 2014","Dec 04, 2014"
EQT MIDSTREAM PARTNERS LP,Energy,Fixed Income,"19,923,661.86",0.4,"19,923,661.86","18,704,000.00",26885BAD2,US26885BAD29,BFYK668,104.29,United States,-,USD,1.39,1.91,1.0,"Jul 15, 2023",4.75,1.46,-,1.76,1.38,1.76,USD,"Jun 25, 2018","Jun 25, 2018"
QVC INC,Consumer Cyclical,Fixed Income,"19,891,222.55",0.4,"19,891,222.55","18,430,000.00",747262AS2,US747262AS23,BRGCND2,106.72,United States,-,USD,2.13,1.79,1.0,"Apr 01, 2024",4.85,2.12,-,1.79,2.12,1.79,USD,"Mar 18, 2014","Jun 10, 2014"
FLUOR CORPORATION,Industrial Other,Fixed Income,"19,846,781.14",0.4,"19,846,781.14","18,707,000.00",343412AF9,US343412AF90,BFX5D63,104.81,United States,-,USD,5.71,3.44,1.0,"Sep 15, 2028",4.25,5.76,-,3.41,5.57,3.41,USD,"Aug 29, 2018","Aug 29, 2018"
UNDER ARMOUR INC,Consumer Cyclical,Fixed Income,"19,340,507.57",0.39,"19,340,507.57","18,705,000.00",904311AA5,US904311AA54,BD1JWR7,103.23,United States,-,USD,4.04,2.48,1.0,"Jun 15, 2026",3.25,4.13,-,2.44,3.92,2.44,USD,"Jun 13, 2016","Jun 13, 2016"
DELTA AIR LINES INC,Transportation,Fixed Income,"19,318,332.88",0.39,"19,318,332.88","18,704,000.00",247361ZT8,US247361ZT81,-,102.6,United States,-,USD,6.67,3.37,1.0,"Oct 28, 2029",3.75,6.71,-,3.36,6.52,3.36,USD,"Oct 28, 2019","Oct 28, 2019"
IHS MARKIT LTD 144A,Technology,Fixed Income,"19,205,426.81",0.38,"19,205,426.81","17,385,000.00",44962LAB3,US44962LAB36,BYNHPT9,108.69,United States,-,USD,2.69,1.87,1.0,"Feb 15, 2025",4.75,2.88,-,1.64,2.66,1.64,USD,"Feb 09, 2017","Feb 09, 2017"
BUCKEYE PARTNERS LP,Energy,Fixed Income,"18,984,955.77",0.38,"18,984,955.77","18,565,000.00",118230AQ4,US118230AQ44,BZ1JM93,101.9,United States,-,USD,4.39,3.53,1.0,"Dec 01, 2026",3.95,4.43,-,3.51,4.22,3.51,USD,"Nov 07, 2016","Nov 07, 2016"
QVC INC,Consumer Cyclical,Fixed Income,"18,779,489.73",0.38,"18,779,489.73","17,925,000.00",747262AY9,US747262AY90,-,102.93,United States,-,USD,4.42,4.11,1.0,"Feb 15, 2027",4.75,4.45,-,4.08,4.25,4.08,USD,"Feb 04, 2020","Feb 04, 2020"
KRAFT HEINZ FOODS CO,Consumer Non-Cyclical,Fixed Income,"18,525,067.92",0.37,"18,525,067.92","17,652,000.00",50077LAD8,US50077LAD82,BD31G91,104.67,United States,-,USD,4.01,1.89,1.0,"Jun 01, 2026",3.0,4.13,-,1.83,3.91,1.83,USD,"May 24, 2016","Aug 19, 2016"
FIRSTENERGY CORPORATION,Electric,Fixed Income,"18,506,908.62",0.37,"18,506,908.62","15,265,000.00",337932AJ6,US337932AJ65,BDC3P80,118.73,United States,-,USD,14.42,4.15,1.0,"Jul 15, 2047",5.35,14.56,-,4.14,14.4,4.14,USD,"Jun 21, 2017","Jun 21, 2017"
ROCKIES EXPRESS PIPELINE LLC 144A,Energy,Fixed Income,"18,484,709.94",0.37,"18,484,709.94","16,812,000.00",77340RAR8,US77340RAR84,BH3TYZ5,107.67,United States,-,USD,6.13,3.77,1.0,"Jul 15, 2029",4.95,6.18,-,3.74,6.01,3.74,USD,"Apr 12, 2019","Apr 12, 2019"
DCP MIDSTREAM LLC 144A,Energy,Fixed Income,"18,453,825.00",0.37,"18,453,825.00","13,547,000.00",23311RAA4,US23311RAA41,B4K4RG4,134.18,United States,-,USD,10.43,3.83,1.0,"Sep 15, 2037",6.75,10.41,-,3.83,10.41,3.83,USD,"Sep 17, 2007","Sep 17, 2007"
KRAFT HEINZ FOODS CO,Consumer Non-Cyclical,Fixed Income,"18,449,038.53",0.37,"18,449,038.53","14,840,000.00",50076QAE6,US50076QAE61,B8Y96M2,123.9,United States,-,USD,13.53,3.37,1.0,"Jun 04, 2042",5.0,13.57,-,3.37,13.57,3.37,USD,"Dec 04, 2012","Jan 14, 2013"
AMERICAN AIRLINES 2015-1 PASS THRO,Transportation,Fixed Income,"18,301,338.73",0.37,"18,301,338.73","18,391,919.00",023770AA8,US023770AA81,BW9P7W0,98.94,United States,-,USD,4.72,3.58,1.0,"Nov 01, 2028",3.38,4.68,-,3.58,4.68,3.58,USD,"Mar 16, 2015","Mar 16, 2015"
SEALED AIR CORPORATION 144A,Capital Goods,Fixed Income,"18,168,333.21",0.36,"18,168,333.21","13,937,000.00",81211KAK6,US81211KAK60,2863803,127.13,United States,-,USD,8.27,3.93,1.0,"Jul 15, 2033",6.88,8.21,-,3.93,8.21,3.93,USD,"Jul 01, 2003","Jul 01, 2003"
NAVIENT CORP MTN,Finance Companies,Fixed Income,"18,082,424.07",0.36,"18,082,424.07","18,511,000.00",78442FAZ1,US78442FAZ18,2922061,95.34,United States,-,USD,8.28,6.19,1.0,"Aug 01, 2033",5.63,8.13,-,6.19,8.13,6.19,USD,"Jul 21, 2003","Jul 21, 2003"
ROCKIES EXPRESS PIPELINE LLC 144A,Energy,Fixed Income,"18,002,443.52",0.36,"18,002,443.52","15,727,000.00",77340RAM9,US77340RAM97,B4SZ6J5,113.02,United States,-,USD,10.78,5.72,1.0,"Apr 15, 2040",6.88,10.7,-,5.72,10.7,5.72,USD,"Mar 22, 2010","Mar 22, 2010"
OCCIDENTAL PETROLEUM CORPORATION,Energy,Fixed Income,"17,829,714.18",0.36,"17,829,714.18","13,763,000.00",674599DF9,US674599DF90,BK8VN61,127.65,United States,-,USD,10.03,3.95,1.0,"Sep 15, 2036",6.45,9.99,-,3.95,9.99,3.95,USD,"Sep 15, 2019","Sep 18, 2019"
BED BATH & BEYOND INC,Consumer Cyclical,Fixed Income,"17,811,054.37",0.36,"17,811,054.37","20,903,000.00",075896AC4,US075896AC47,BP81YD0,83.01,United States,-,USD,12.02,6.63,1.0,"Aug 01, 2044",5.17,11.95,-,6.63,11.95,6.63,USD,"Jul 17, 2014","Jul 17, 2014"
LIBERTY MEDIA LLC,Communications,Fixed Income,"17,761,695.19",0.36,"17,761,695.19","15,675,000.00",530715AJ0,US530715AJ01,2677327,109.81,United States,-,USD,5.92,6.66,1.0,"Feb 01, 2030",8.25,5.78,-,6.66,5.78,6.66,USD,"Feb 02, 2000","Jun 08, 2000"
CENTURYLINK INC,Communications,Fixed Income,"17,731,214.72",0.36,"17,731,214.72","16,175,000.00",156700AM8,US156700AM80,B4MDZS7,107.32,United States,-,USD,9.87,6.88,1.0,"Sep 15, 2039",7.6,9.74,-,6.88,9.74,6.88,USD,"Sep 21, 2009","Sep 21, 2009"
WESTERN GAS PARTNERS LP,Energy,Fixed Income,"17,575,887.69",0.35,"17,575,887.69","14,311,000.00",958254AJ3,US958254AJ35,BFXHLK9,121.0,United States,-,USD,14.86,4.0,1.0,"Mar 01, 2048",5.3,15.01,-,3.99,14.85,3.99,USD,"Mar 02, 2018","Mar 02, 2018"
SEAGATE HDD CAYMAN,Technology,Fixed Income,"17,526,006.25",0.35,"17,526,006.25","15,115,000.00",81180WAN1,US81180WAN11,BD6RKV6,115.42,United States,-,USD,9.26,4.19,1.0,"Dec 01, 2034",5.75,9.34,-,4.15,9.08,4.15,USD,"Dec 02, 2014","Dec 02, 2014"
SEAGATE HDD CAYMAN,Technology,Fixed Income,"17,479,100.84",0.35,"17,479,100.84","15,925,000.00",81180WAR2,US81180WAR25,BY7RLD1,109.31,United States,-,USD,4.66,3.0,1.0,"Jun 01, 2027",4.88,4.77,-,2.92,4.57,2.92,USD,"May 14, 2015","May 14, 2015"
ENLINK MIDSTREAM PARTNERS LP,Energy,Fixed Income,"17,273,637.70",0.35,"17,273,637.70","16,242,000.00",29336UAB3,US29336UAB35,BKSKS96,105.22,United States,-,USD,1.93,2.02,1.0,"Apr 01, 2024",4.4,2.13,-,1.74,1.9,1.74,USD,"Mar 19, 2014","Mar 19, 2014"
APACHE CORPORATION,Energy,Fixed Income,"17,133,388.62",0.34,"17,133,388.62","15,510,000.00",037411BF1,US037411BF15,BK1M2B9,108.51,United States,-,USD,6.65,3.05,1.0,"Jan 15, 2030",4.25,6.72,-,3.02,6.54,3.02,USD,"Jun 19, 2019","Jun 19, 2019"
NEWFIELD EXPLORATION CO,Energy,Fixed Income,"16,952,025.00",0.34,"16,952,025.00","15,000,000.00",651290AQ1,US651290AQ17,B8HLLX1,110.2,United States,-,USD,2.31,1.45,1.0,"Jul 01, 2024",5.63,2.3,-,1.45,2.3,1.45,USD,"Jun 26, 2012","Jun 26, 2012"
SEAGATE HDD CAYMAN,Technology,Fixed Income,"16,781,996.84",0.34,"16,781,996.84","15,587,000.00",81180WAT8,US81180WAT80,BYWV2V3,106.0,United States,-,USD,1.9,2.03,1.0,"Mar 01, 2024",4.88,2.04,-,1.81,1.89,1.81,USD,"Feb 03, 2017","Feb 03, 2017"
PATTERSON-UTI ENERGY INC.,Energy,Fixed Income,"16,768,963.61",0.34,"16,768,963.61","16,467,000.00",703481AB7,US703481AB79,BGRR7M6,100.16,United States,-,USD,5.27,3.92,1.0,"Feb 01, 2028",3.95,5.28,-,3.92,5.28,3.92,USD,"Aug 01, 2018","Sep 07, 2018"
DELTA AIR LINES INC,Transportation,Fixed Income,"16,735,348.25",0.34,"16,735,348.25","15,588,000.00",247361ZN1,US247361ZN12,BFZP587,106.45,United States,-,USD,5.4,3.23,1.0,"Apr 19, 2028",4.38,5.47,-,3.19,5.28,3.19,USD,"Apr 19, 2018","Apr 19, 2018"
SEAGATE HDD CAYMAN,Technology,Fixed Income,"16,671,890.88",0.33,"16,671,890.88","15,915,000.00",81180WAH4,US81180WAH43,BPY06H9,104.36,United States,-,USD,1.38,1.62,1.0,"Jun 01, 2023",4.75,1.37,-,1.62,1.37,1.62,USD,"May 22, 2013","May 22, 2013"
CONTINENTAL RESOURCES INC,Energy,Fixed Income,"16,551,504.17",0.33,"16,551,504.17","15,000,000.00",212015AS0,US212015AS02,BF19CF9,108.33,United States,-,USD,5.15,2.86,1.0,"Jan 15, 2028",4.38,5.23,-,2.81,5.04,2.81,USD,"Dec 08, 2017","May 23, 2018"
ENLINK MIDSTREAM PARTNERS LP,Energy,Fixed Income,"16,544,712.71",0.33,"16,544,712.71","15,309,000.00",29336UAF4,US29336UAF49,BD86G80,105.8,United States,-,USD,3.9,3.46,1.0,"Jul 15, 2026",4.85,3.99,-,3.39,3.79,3.39,USD,"Jul 14, 2016","Jul 14, 2016"
DCP MIDSTREAM OPERATING LP,Energy,Fixed Income,"16,533,718.76",0.33,"16,533,718.76","13,143,000.00",23311VAF4,US23311VAF40,BKR3FX9,124.35,United States,-,USD,13.42,3.95,1.0,"Apr 01, 2044",5.6,13.57,-,3.92,13.39,3.92,USD,"Mar 13, 2014","Mar 13, 2014"
SEAGATE HDD CAYMAN,Technology,Fixed Income,"16,527,811.26",0.33,"16,527,811.26","15,837,000.00",81180WBC4,US81180WBC47,-,103.99,United States,-,USD,6.31,3.48,1.0,"Jun 01, 2029",4.09,6.37,-,3.46,6.18,3.46,USD,"Jun 18, 2020","Jun 18, 2020"
CDK GLOBAL INC,Technology,Fixed Income,"16,434,826.58",0.33,"16,434,826.58","14,865,000.00",12508EAD3,US12508EAD31,BYQ3345,109.51,United States,-,USD,2.39,1.5,1.0,"Oct 15, 2024",5.0,2.6,-,1.19,2.38,1.19,USD,"Apr 15, 2015","Jun 18, 2015"
WESTERN MIDSTREAM OPERATING LP,Energy,Fixed Income,"16,310,235.83",0.33,"16,310,235.83","15,399,000.00",958667AB3,US958667AB34,-,104.11,United States,-,USD,2.82,2.95,1.0,"Feb 01, 2025",4.35,2.83,-,2.91,2.76,2.91,USD,"Jan 13, 2020","Jan 13, 2020"
EQT MIDSTREAM PARTNERS LP,Energy,Fixed Income,"16,290,167.49",0.33,"16,290,167.49","15,417,000.00",26885BAA8,US26885BAA89,BPQDQ54,104.0,United States,-,USD,2.26,2.39,1.0,"Aug 01, 2024",4.0,2.41,-,2.23,2.19,2.23,USD,"Aug 01, 2014","Aug 01, 2014"
GENTING NEW YORK LLC 144A,Consumer Cyclical,Fixed Income,"16,220,154.44",0.33,"16,220,154.44","16,158,000.00",37255JAA0,US37255JAA07,-,99.14,United States,-,USD,3.81,3.53,1.0,"Feb 15, 2026",3.3,3.77,-,3.53,3.77,3.53,USD,"Feb 10, 2021","Feb 10, 2021"
CENTURYLINK INC,Communications,Fixed Income,"16,206,610.48",0.32,"16,206,610.48","14,737,000.00",156700AT3,US156700AT34,B7LV3N4,107.66,United States,-,USD,10.46,6.94,1.0,"Mar 15, 2042",7.65,10.36,-,6.94,10.36,6.94,USD,"Mar 12, 2012","Mar 12, 2012"
EQT MIDSTREAM PARTNERS LP,Energy,Fixed Income,"16,123,113.04",0.32,"16,123,113.04","15,586,000.00",26885BAB6,US26885BAB62,BZ1BSC4,103.07,United States,-,USD,4.36,3.44,1.0,"Dec 01, 2026",4.13,4.42,-,3.41,4.21,3.41,USD,"Nov 04, 2016","Nov 04, 2016"
DELTA AIR LINES INC,Transportation,Fixed Income,"16,115,872.05",0.32,"16,115,872.05","15,586,000.00",247361ZP6,US247361ZP69,BFZP598,102.61,United States,-,USD,1.19,1.76,1.0,"Apr 19, 2023",3.8,1.26,-,1.63,1.18,1.63,USD,"Apr 19, 2018","Apr 19, 2018"
BUCKEYE PARTNERS LP,Energy,Fixed Income,"16,010,584.86",0.32,"16,010,584.86","15,458,000.00",118230AR2,US118230AR27,BYQKXV3,103.23,United States,-,USD,5.17,3.51,1.0,"Dec 01, 2027",4.13,5.21,-,3.49,5.02,3.49,USD,"Nov 20, 2017","Nov 20, 2017"
NEWELL RUBBERMAID INC,Consumer Non-Cyclical,Fixed Income,"15,870,531.88",0.32,"15,870,531.88","12,727,000.00",651229AX4,US651229AX48,BD3J3G1,123.18,United States,-,USD,9.9,3.76,1.0,"Apr 01, 2036",5.88,10.02,-,3.71,9.78,3.71,USD,"Mar 30, 2016","Mar 30, 2016"
MACYS RETAIL HOLDINGS INC,Consumer Cyclical,Fixed Income,"15,811,939.48",0.32,"15,811,939.48","15,477,000.00",55616XAH0,US55616XAH08,B92RSX0,101.08,United States,-,USD,0.89,1.9,1.0,"Feb 15, 2023",2.88,1.09,-,1.63,0.85,1.63,USD,"Nov 20, 2012","Nov 20, 2012"
SENIOR HOUSING PROPERTIES TRUST,Reits,Fixed Income,"15,652,556.55",0.31,"15,652,556.55","15,586,000.00",81721MAM1,US81721MAM10,BFMGS84,98.59,United States,-,USD,5.14,5.02,1.0,"Feb 15, 2028",4.75,5.15,-,5.02,5.15,5.02,USD,"Feb 12, 2018","Feb 12, 2018"
ENLINK MIDSTREAM PARTNERS LP,Energy,Fixed Income,"15,457,317.34",0.31,"15,457,317.34","15,252,000.00",29336UAG2,US29336UAG22,BDVJS80,100.89,United States,-,USD,13.63,5.38,1.0,"Jun 01, 2047",5.45,13.66,-,5.38,13.54,5.38,USD,"May 11, 2017","May 11, 2017"
SEAGATE HDD CAYMAN,Technology,Fixed Income,"15,290,748.11",0.31,"15,290,748.11","14,434,000.00",81180WBD2,US81180WBD20,BM99517,104.05,Cayman Islands,-,USD,7.38,3.6,1.0,"Jan 15, 2031",4.13,7.4,-,3.58,7.23,3.58,USD,"Jun 10, 2020","Jun 10, 2020"
CONTINENTAL RESOURCES INC,Energy,Fixed Income,"15,285,713.33",0.31,"15,285,713.33","14,600,000.00",212015AN1,US212015AN15,BQRS6M2,104.38,United States,-,USD,2.13,1.94,1.0,"Jun 01, 2024",3.8,2.31,-,1.73,2.08,1.73,USD,"May 19, 2014","Sep 05, 2014"
CENTURYLINK INC,Communications,Fixed Income,"15,171,904.42",0.3,"15,171,904.42","13,185,000.00",156686AM9,US156686AM96,2148005,111.84,United States,-,USD,4.93,4.61,1.0,"Jan 15, 2028",6.88,4.85,-,4.61,4.85,4.61,USD,"Jan 15, 1998","Jan 15, 1998"
NORDSTROM INC,Consumer Cyclical,Fixed Income,"15,131,753.43",0.3,"15,131,753.43","14,830,000.00",655664AT7,US655664AT70,-,100.94,United States,-,USD,6.8,4.24,1.0,"Apr 01, 2030",4.38,6.8,-,4.23,6.63,4.23,USD,"Nov 06, 2019","Nov 06, 2019"
WESTERN GAS PARTNERS LP,Energy,Fixed Income,"15,120,150.04",0.3,"15,120,150.04","12,507,000.00",958254AD6,US958254AD64,BKRV265,119.53,United States,-,USD,13.41,4.1,1.0,"Apr 01, 2044",5.45,13.54,-,4.09,13.36,4.09,USD,"Mar 20, 2014","Mar 20, 2014"
AVON PRODUCTS INC,Consumer Non-Cyclical,Fixed Income,"15,074,420.86",0.3,"15,074,420.86","14,093,000.00",054303BA9,US054303BA99,B86TRJ4,105.05,United States,-,USD,1.15,2.22,1.0,"Mar 15, 2023",6.5,1.15,-,2.22,1.15,2.22,USD,"Mar 12, 2013","Mar 12, 2013"
BUCKEYE PARTNERS LP,Energy,Fixed Income,"14,898,975.21",0.3,"14,898,975.21","14,470,000.00",118230AK7,US118230AK73,BBDY0V6,102.93,United States,-,USD,1.23,2.11,1.0,"Jul 01, 2023",4.15,1.46,-,1.74,1.21,1.74,USD,"Jun 10, 2013","Jun 10, 2013"
SEAGATE HDD CAYMAN,Technology,Fixed Income,"14,878,859.96",0.3,"14,878,859.96","13,804,000.00",81180WAL5,US81180WAL54,BYQF211,107.75,United States,-,USD,2.77,2.07,1.0,"Jan 01, 2025",4.75,2.75,-,2.07,2.75,2.07,USD,"May 28, 2014","May 28, 2014"
ROYAL CARIBBEAN CRUISES LTD,Consumer Cyclical,Fixed Income,"14,822,532.17",0.3,"14,822,532.17","15,589,000.00",780153AW2,US780153AW20,BD1DDN2,93.96,United States,-,USD,5.45,4.84,1.0,"Mar 15, 2028",3.7,5.39,-,4.84,5.39,4.84,USD,"Nov 28, 2017","Nov 28, 2017"
IHS MARKIT LTD 144A,Technology,Fixed Income,"14,697,145.79",0.29,"14,697,145.79","13,417,000.00",44962LAC1,US44962LAC19,BD2BVJ7,108.22,United States,-,USD,3.65,1.94,1.0,"Mar 01, 2026",4.0,3.81,-,1.82,3.6,1.82,USD,"Dec 01, 2017","Dec 01, 2017"
BUCKEYE PARTNERS LP,Energy,Fixed Income,"14,690,629.13",0.29,"14,690,629.13","14,719,000.00",118230AM3,US118230AM30,BGDRY29,99.01,United States,-,USD,12.12,5.93,1.0,"Nov 15, 2043",5.85,12.11,-,5.93,12.11,5.93,USD,"Nov 14, 2013","Nov 14, 2013"
APACHE CORPORATION,Energy,Fixed Income,"14,501,724.45",0.29,"14,501,724.45","11,528,000.00",037411AR6,US037411AR61,B1P8FN3,123.03,United States,-,USD,10.25,3.95,1.0,"Jan 15, 2037",6.0,10.21,-,3.95,10.21,3.95,USD,"Jan 26, 2007","Jan 26, 2007"
TRAVEL + LEISURE CO,Consumer Cyclical,Fixed Income,"14,007,215.44",0.28,"14,007,215.44","12,646,000.00",98310WAN8,US98310WAN83,BF083Z4,109.26,United States,-,USD,4.38,4.02,1.0,"Apr 01, 2027",6.0,4.47,-,3.94,4.28,3.94,USD,"Mar 21, 2017","Mar 21, 2017"
BOMBARDIER INC 144A,Capital Goods,Fixed Income,"13,962,535.10",0.28,"13,962,535.10","13,613,000.00",097751BX8,US097751BX80,-,100.25,Canada,-,USD,4.4,5.95,1.0,"Feb 15, 2028",6.0,4.95,-,5.93,3.53,5.93,USD,"Aug 12, 2021","Aug 12, 2021"
OCEANEERING INTERNATIONAL INC.,Energy,Fixed Income,"13,884,865.01",0.28,"13,884,865.01","13,714,000.00",675232AA0,US675232AA07,BSQXCD5,100.61,United States,-,USD,2.66,4.42,1.0,"Nov 15, 2024",4.65,2.65,-,4.41,2.54,4.41,USD,"Nov 21, 2014","Nov 21, 2014"
HOSPITALITY PROPERTIES TRUST,Reits,Fixed Income,"13,868,366.32",0.28,"13,868,366.32","14,027,000.00",44106MBA9,US44106MBA99,BKVJX73,97.64,United States,-,USD,4.2,5.32,1.0,"Oct 01, 2026",4.75,4.14,-,5.32,4.14,5.32,USD,"Sep 18, 2019","Sep 18, 2019"
DCP MIDSTREAM OPERATING LP,Energy,Fixed Income,"13,868,132.52",0.28,"13,868,132.52","13,379,000.00",23311VAD9,US23311VAD91,B92XBZ1,102.52,United States,-,USD,0.94,1.76,1.0,"Mar 15, 2023",3.88,1.17,-,1.22,0.93,1.22,USD,"Mar 14, 2013","Mar 14, 2013"
ENLINK MIDSTREAM PARTNERS LP,Energy,Fixed Income,"13,753,495.19",0.28,"13,753,495.19","13,989,000.00",29336UAD9,US29336UAD90,BSM8V15,97.05,United States,-,USD,13.24,5.27,1.0,"Apr 01, 2045",5.05,13.26,-,5.27,13.26,5.27,USD,"Nov 12, 2014","Nov 12, 2014"
APACHE CORPORATION,Energy,Fixed Income,"13,390,106.76",0.27,"13,390,106.76","11,664,000.00",037411BG9,US037411BG97,BK1M286,114.75,United States,-,USD,14.75,4.42,1.0,"Jul 01, 2049",5.35,14.87,-,4.41,14.74,4.41,USD,"Jun 19, 2019","Jun 19, 2019"
HOSPITALITY PROPERTIES TRUST,Reits,Fixed Income,"13,373,385.57",0.27,"13,373,385.57","13,329,000.00",44106MAR3,US44106MAR34,BBFL2Q4,100.13,United States,-,USD,1.24,4.4,1.0,"Jun 15, 2023",4.5,1.39,-,4.35,0.92,4.35,USD,"Jun 06, 2013","Jun 06, 2013"
AMERICAN AIRLINES PASS THROUGH TRU,Transportation,Fixed Income,"13,348,724.87",0.27,"13,348,724.87","13,062,014.00",02377AAA6,US02377AAA60,BQQP7Y3,101.27,United States,-,USD,3.58,3.35,1.0,"Oct 01, 2026",3.7,3.55,-,3.35,3.55,3.35,USD,"Sep 16, 2014","Sep 16, 2014"
FORD MOTOR COMPANY,Consumer Cyclical,Fixed Income,"13,305,382.21",0.27,"13,305,382.21","9,581,000.00",345370CA6,US345370CA64,5733992,135.46,United States,-,USD,7.15,3.12,1.0,"Jul 16, 2031",7.45,7.11,-,3.12,7.11,3.12,USD,"Jul 16, 1999","Jul 16, 1999"
BATH & BODY WORKS INC,Consumer Cyclical,Fixed Income,"13,235,813.56",0.27,"13,235,813.56","11,079,000.00",532716AK3,US532716AK37,2684565,117.09,United States,-,USD,7.97,4.94,1.0,"Mar 01, 2033",6.95,7.87,-,4.94,7.87,4.94,USD,"Jun 03, 2003","Jun 03, 2003"
CROWN CORK & SEAL CO INC,Capital Goods,Fixed Income,"13,028,063.63",0.26,"13,028,063.63","10,770,000.00",228255AH8,US228255AH83,2581439,120.58,United States,-,USD,4.27,2.89,1.0,"Dec 15, 2026",7.38,4.24,-,2.89,4.24,2.89,USD,"Dec 17, 1996","Dec 17, 1996"
TRAVEL + LEISURE CO,Consumer Cyclical,Fixed Income,"12,963,388.36",0.26,"12,963,388.36","11,483,000.00",98310WAM0,US98310WAM01,BYX48Q8,111.19,United States,-,USD,3.15,3.39,1.0,"Oct 01, 2025",6.6,3.3,-,3.19,3.11,3.19,USD,"Sep 15, 2015","Sep 15, 2015"
YUM! BRANDS INC,Consumer Cyclical,Fixed Income,"12,880,273.07",0.26,"12,880,273.07","10,086,000.00",988498AD3,US988498AD34,B28QNX7,126.83,United States,-,USD,10.36,4.49,1.0,"Nov 15, 2037",6.88,10.31,-,4.49,10.31,4.49,USD,"Oct 19, 2007","Oct 19, 2007"
FORD MOTOR CO,Consumer Cyclical,Fixed Income,"12,837,254.79",0.26,"12,837,254.79","11,385,000.00",345370CQ1,US345370CQ17,B8H94Y7,110.53,United States,-,USD,13.38,4.0,1.0,"Jan 15, 2043",4.75,13.39,-,4.0,13.39,4.0,USD,"Jan 08, 2013","Jan 08, 2013"
NORDSTROM INC,Consumer Cyclical,Fixed Income,"12,811,337.98",0.26,"12,811,337.98","12,790,000.00",655664AY6,US655664AY65,-,98.4,United States,-,USD,7.7,4.46,1.0,"Aug 01, 2031",4.25,7.64,-,4.46,7.64,4.46,USD,"Apr 08, 2021","Jul 23, 2021"
APACHE CORP,Energy,Fixed Income,"12,810,926.69",0.26,"12,810,926.69","11,524,000.00",037411BA2,US037411BA28,B7XL9Z6,110.13,United States,-,USD,13.51,4.04,1.0,"Apr 15, 2043",4.75,13.61,-,4.03,13.42,4.03,USD,"Apr 09, 2012","Apr 09, 2012"
HOSPITALITY PROPERTIES TRUST,Reits,Fixed Income,"12,783,900.91",0.26,"12,783,900.91","13,197,000.00",44106MBB7,US44106MBB72,-,95.59,United States,-,USD,6.31,5.66,1.0,"Oct 01, 2029",4.95,6.24,-,5.66,6.24,5.66,USD,"Sep 18, 2019","Sep 18, 2019"
HEXCEL CORPORATION,Capital Goods,Fixed Income,"12,660,999.84",0.25,"12,660,999.84","11,664,000.00",428291AN8,US428291AN87,BYWC807,106.93,United States,-,USD,4.45,2.74,1.0,"Feb 15, 2027",4.2,4.55,-,2.67,4.35,2.67,USD,"Feb 16, 2017","Feb 16, 2017"
FIRSTENERGY CORPORATION,Electric,Fixed Income,"12,629,269.42",0.25,"12,629,269.42","12,623,000.00",337932AM9,US337932AM94,-,98.89,United States,-,USD,17.6,3.46,1.0,"Mar 01, 2050",3.4,17.77,-,3.46,17.77,3.46,USD,"Feb 20, 2020","Feb 20, 2020"
KRAFT HEINZ FOODS CO 144A,Consumer Non-Cyclical,Fixed Income,"12,614,045.28",0.25,"12,614,045.28","8,174,000.00",42307TAH1,US42307TAH14,B3VJFD4,151.29,United States,-,USD,11.28,3.27,1.0,"Aug 01, 2039",7.13,11.31,-,3.27,11.31,3.27,USD,"Jul 29, 2009","Jul 29, 2009"
TRINITY INDUSTRIES INC,Capital Goods,Fixed Income,"12,613,947.89",0.25,"12,613,947.89","11,869,000.00",896522AH2,US896522AH27,BQZF0N4,105.1,United States,-,USD,2.4,2.61,1.0,"Oct 01, 2024",4.55,2.56,-,2.43,2.34,2.43,USD,"Sep 25, 2014","Sep 25, 2014"
QVC INC,Consumer Cyclical,Fixed Income,"12,602,719.65",0.25,"12,602,719.65","12,461,000.00",747262AW3,US747262AW35,BXRTNR8,99.03,United States,-,USD,8.89,5.56,1.0,"Aug 15, 2034",5.45,8.84,-,5.56,8.84,5.56,USD,"Aug 21, 2014","Dec 04, 2014"
TENET HEALTHCARE CORPORATION,Consumer Non-Cyclical,Fixed Income,"12,554,064.62",0.25,"12,554,064.62","10,899,000.00",88033GAV2,US88033GAV23,2842749,114.31,United States,-,USD,7.39,5.02,1.0,"Nov 15, 2031",6.88,7.28,-,5.02,7.28,5.02,USD,"Nov 06, 2001","Jan 14, 2002"
APACHE CORPORATION,Energy,Fixed Income,"12,515,614.68",0.25,"12,515,614.68","10,672,000.00",037411AY1,US037411AY13,B434WV1,115.04,United States,-,USD,12.58,4.14,1.0,"Feb 01, 2042",5.25,12.68,-,4.12,12.49,4.12,USD,"Dec 03, 2010","Dec 03, 2010"
SOUTHEAST SUPPLY HEADER LLC 144A,Energy,Fixed Income,"12,505,617.48",0.25,"12,505,617.48","12,208,000.00",841504AB9,US841504AB96,BN7N7N4,102.25,United States,-,USD,2.22,3.29,1.0,"Jun 15, 2024",4.25,2.32,-,3.19,2.09,3.19,USD,"Jun 13, 2014","Jun 13, 2014"
ROYAL CARIBBEAN CRUISES LTD,Consumer Cyclical,Fixed Income,"12,460,867.59",0.25,"12,460,867.59","12,215,000.00",780153AU6,US780153AU63,B80VXH6,101.34,United States,-,USD,0.86,3.67,1.0,"Nov 15, 2022",5.25,0.84,-,3.67,0.84,3.67,USD,"Nov 07, 2012","Nov 07, 2012"
HILLENBRAND INC,Industrial Other,Fixed Income,"12,360,815.58",0.25,"12,360,815.58","10,913,000.00",431571AB4,US431571AB45,BKTPPC2,111.75,United States,-,USD,4.08,2.34,1.0,"Sep 15, 2026",5.0,4.18,-,2.26,4.04,2.26,USD,"Sep 25, 2019","Sep 25, 2019"
MAGELLAN HEALTH INC,Insurance,Fixed Income,"12,313,974.67",0.25,"12,313,974.67","11,225,000.00",559079AK4,US559079AK49,BYZ98C7,108.31,United States,-,USD,2.41,1.76,1.0,"Sep 22, 2024",4.9,2.54,-,1.57,2.39,1.57,USD,"Sep 22, 2017","Sep 22, 2017"
ROCKIES EXPRESS PIPELINE LLC 144A,Energy,Fixed Income,"12,225,497.13",0.25,"12,225,497.13","11,781,000.00",77340RAS6,US77340RAS67,-,103.28,United States,-,USD,3.13,2.58,1.0,"May 15, 2025",3.6,3.15,-,2.55,3.08,2.55,USD,"Jan 31, 2020","Jan 31, 2020"
HOSPITALITY PROPERTIES TRUST,Reits,Fixed Income,"12,195,993.25",0.24,"12,195,993.25","12,341,000.00",44106MAW2,US44106MAW29,BYW0MN2,96.95,United States,-,USD,4.4,5.64,1.0,"Feb 15, 2027",4.95,4.37,-,5.64,4.37,5.64,USD,"Jan 13, 2017","Jan 13, 2017"
UNITED STATES STEEL CORP,Basic Industry,Fixed Income,"12,150,717.14",0.24,"12,150,717.14","10,811,000.00",912909AD0,US912909AD03,B1XKC30,111.84,United States,-,USD,9.97,5.5,1.0,"Jun 01, 2037",6.65,9.88,-,5.5,9.88,5.5,USD,"May 21, 2007","May 21, 2007"
FLUOR CORPORATION,Industrial Other,Fixed Income,"12,111,432.51",0.24,"12,111,432.51","11,568,000.00",343412AC6,US343412AC69,BSPLDT3,104.51,United States,-,USD,2.66,1.92,1.0,"Dec 15, 2024",3.5,2.81,-,1.78,2.57,1.78,USD,"Nov 25, 2014","Nov 25, 2014"
FIRSTENERGY CORPORATION,Electric,Fixed Income,"12,068,179.96",0.24,"12,068,179.96","11,493,000.00",337932AF4,US337932AF44,B9DM5H7,103.61,United States,-,USD,0.93,1.71,1.0,"Mar 15, 2023",4.75,1.16,-,0.95,0.93,0.95,USD,"Mar 05, 2013","Mar 05, 2013"
HOSPITALITY PROPERTIES TRUST,Reits,Fixed Income,"11,769,195.81",0.24,"11,769,195.81","12,540,000.00",44106MAY8,US44106MAY84,BFZHJZ8,92.16,United States,-,USD,6.62,5.59,1.0,"Feb 15, 2030",4.38,6.56,-,5.59,6.56,5.59,USD,"Feb 02, 2018","Feb 02, 2018"
HOSPITALITY PROPERTIES TRUST,Reits,Fixed Income,"11,687,107.11",0.23,"11,687,107.11","12,469,000.00",44106MAX0,US44106MAX02,BZ3CYL6,91.88,United States,-,USD,5.24,5.55,1.0,"Jan 15, 2028",3.95,5.15,-,5.55,5.15,5.55,USD,"Oct 26, 2017","Oct 26, 2017"
OCCIDENTAL PETROLEUM CORPORATION,Energy,Fixed Income,"11,679,060.45",0.23,"11,679,060.45","11,236,000.00",674599CS2,US674599CS21,BKKGQK9,102.62,United States,-,USD,6.53,3.11,1.0,"Aug 15, 2029",3.5,6.58,-,3.1,6.39,3.1,USD,"Aug 08, 2019","Aug 08, 2019"
KRAFT HEINZ FOODS CO,Consumer Non-Cyclical,Fixed Income,"11,621,806.97",0.23,"11,621,806.97","7,793,000.00",50076QAR7,US50076QAR74,B97MM05,146.11,United States,-,USD,11.11,3.32,1.0,"Jan 26, 2039",6.88,11.12,-,3.32,11.12,3.32,USD,"Jul 26, 2012","Jan 14, 2013"
DELL INC,Technology,Fixed Income,"11,392,672.89",0.23,"11,392,672.89","8,789,000.00",24702RAF8,US24702RAF82,B3KC6D1,128.25,United States,-,USD,10.73,4.1,1.0,"Apr 15, 2038",6.5,10.7,-,4.1,10.7,4.1,USD,"Oct 15, 2008","Dec 03, 2008"
HOWMET AEROSPACE INC,Capital Goods,Fixed Income,"11,273,414.62",0.23,"11,273,414.62","9,256,000.00",022249AU0,US022249AU09,2767541,118.63,United States,-,USD,4.99,3.32,1.0,"Jan 15, 2028",6.75,4.94,-,3.32,4.94,3.32,USD,"Jan 27, 1998","Jan 27, 1998"
XEROX CORP,Technology,Fixed Income,"11,251,127.16",0.23,"11,251,127.16","10,062,000.00",984121CB7,US984121CB79,B4SZ3M7,111.52,United States,-,USD,10.82,5.72,1.0,"Dec 15, 2039",6.75,10.73,-,5.72,10.73,5.72,USD,"Dec 04, 2009","Dec 04, 2009"
MACYS RETAIL HOLDINGS INC,Consumer Cyclical,Fixed Income,"11,215,375.09",0.22,"11,215,375.09","10,889,000.00",55616XAL1,US55616XAL10,BMW3WX7,102.67,United States,-,USD,2.18,2.48,1.0,"Jun 01, 2024",3.63,2.3,-,2.36,2.07,2.36,USD,"May 23, 2014","May 23, 2014"
TRAVEL + LEISURE CO,Consumer Cyclical,Fixed Income,"11,211,611.60",0.22,"11,211,611.60","10,844,000.00",98310WAL2,US98310WAL28,B9B48W1,102.09,United States,-,USD,0.9,2.08,1.0,"Mar 01, 2023",3.9,1.13,-,1.59,0.89,1.59,USD,"Feb 22, 2013","Feb 22, 2013"
PATTERSON-UTI ENERGY INC.,Energy,Fixed Income,"11,126,674.29",0.22,"11,126,674.29","10,778,000.00",703481AC5,US703481AC52,BK8J633,102.58,United States,-,USD,6.4,4.75,1.0,"Nov 15, 2029",5.15,6.4,-,4.74,6.23,4.74,USD,"Nov 15, 2019","Nov 15, 2019"
TRANSALTA CORP,Electric,Fixed Income,"11,109,118.01",0.22,"11,109,118.01","9,413,000.00",89346DAE7,US89346DAE76,B640X20,116.11,Canada,-,USD,11.07,5.13,1.0,"Mar 15, 2040",6.5,11.01,-,5.13,11.01,5.13,USD,"Mar 12, 2010","Mar 12, 2010"
ENLINK MIDSTREAM PARTNERS LP,Energy,Fixed Income,"11,092,813.25",0.22,"11,092,813.25","10,839,000.00",29336UAC1,US29336UAC18,BKSKSC9,100.9,United States,-,USD,12.49,5.53,1.0,"Apr 01, 2044",5.6,12.51,-,5.53,12.36,5.53,USD,"Mar 19, 2014","Mar 19, 2014"
LIBERTY MUTUAL GROUP INC 144A,Insurance,Fixed Income,"11,085,656.77",0.22,"11,085,656.77","7,855,000.00",53079EAN4,US53079EAN40,B1VX855,138.83,United States,-,USD,9.79,4.29,1.0,"Mar 15, 2037",7.8,9.75,-,4.29,9.75,4.29,USD,"Mar 07, 2007","Mar 07, 2007"
HOSPITALITY PROPERTIES TRUST,Reits,Fixed Income,"11,073,462.63",0.22,"11,073,462.63","10,914,000.00",44106MAV4,US44106MAV46,BDF0WW1,99.43,United States,-,USD,3.56,5.4,1.0,"Feb 15, 2026",5.25,3.59,-,5.4,3.59,5.4,USD,"Feb 03, 2016","Feb 03, 2016"
BRINKER INTERNATIONAL INC 144A,Consumer Cyclical,Fixed Income,"11,020,855.73",0.22,"11,020,855.73","10,205,000.00",109641AH3,US109641AH39,BDCF7T1,106.7,United States,-,USD,2.37,2.46,1.0,"Oct 01, 2024",5.0,2.55,-,2.23,2.33,2.23,USD,"Sep 23, 2016","Sep 23, 2016"
MURPHY OIL CORPORATION,Energy,Fixed Income,"11,008,072.04",0.22,"11,008,072.04","10,935,000.00",626717AG7,US626717AG73,B7WNRX7,100.14,United States,-,USD,11.45,6.36,1.0,"Dec 01, 2042",6.38,11.41,-,6.36,11.28,6.36,USD,"Nov 30, 2012","Nov 30, 2012"
DCP MIDSTREAM LLC,Energy,Fixed Income,"10,965,703.41",0.22,"10,965,703.41","7,894,000.00",26439XAC7,US26439XAC74,2624516,135.87,United States,-,USD,6.52,3.31,1.0,"Aug 16, 2030",8.13,6.47,-,3.31,6.47,3.31,USD,"Aug 16, 2000","Aug 16, 2000"
NEWFIELD EXPLORATION COMPANY,Energy,Fixed Income,"10,913,040.00",0.22,"10,913,040.00","9,600,000.00",651290AR9,US651290AR99,BWB8YK4,110.99,United States,-,USD,3.38,2.47,1.0,"Jan 01, 2026",5.38,3.55,-,2.3,3.35,2.3,USD,"Mar 10, 2015","Mar 10, 2015"
MATTEL INC,Consumer Non-Cyclical,Fixed Income,"10,895,572.11",0.22,"10,895,572.11","9,067,000.00",577081AW2,US577081AW27,B604531,119.26,United States,-,USD,12.57,4.03,1.0,"Nov 01, 2041",5.45,12.69,-,4.01,12.49,4.01,USD,"Nov 08, 2011","Nov 08, 2011"
HOSPITALITY PROPERTIES TRUST,Reits,Fixed Income,"10,878,950.29",0.22,"10,878,950.29","10,813,000.00",44106MAS1,US44106MAS17,BKKMXW8,99.2,United States,-,USD,2.01,5.03,1.0,"Mar 15, 2024",4.65,2.04,-,5.03,2.04,5.03,USD,"Mar 12, 2014","Mar 12, 2014"
ROYAL CARIBBEAN CRUISES LTD,Consumer Cyclical,Fixed Income,"10,819,227.12",0.22,"10,819,227.12","9,182,000.00",780153AG7,US780153AG79,2570749,116.19,United States,-,USD,4.78,4.31,1.0,"Oct 15, 2027",7.5,4.72,-,4.31,4.72,4.31,USD,"Oct 14, 1997","Oct 14, 1997"
TRANSOCEAN INC,Energy,Fixed Income,"10,791,410.89",0.22,"10,791,410.89","18,999,000.00",893830AT6,US893830AT68,B29V1L5,54.74,United States,-,USD,7.38,13.88,1.0,"Mar 15, 2038",6.8,7.06,-,13.88,7.06,13.88,USD,"Dec 11, 2007","Dec 11, 2007"
DCP MIDSTREAM LLC 144A,Energy,Fixed Income,"10,765,568.76",0.22,"10,765,568.76","8,136,000.00",26439XAH6,US26439XAH61,B1GC716,131.28,United States,-,USD,10.23,3.69,1.0,"Nov 03, 2036",6.45,10.2,-,3.69,10.2,3.69,USD,"Oct 27, 2006","Oct 27, 2006"
ROCKIES EXPRESS PIPELINE LLC 144A,Energy,Fixed Income,"10,758,282.95",0.22,"10,758,282.95","10,244,000.00",77340RAT4,US77340RAT41,-,104.37,United States,-,USD,6.82,4.18,1.0,"May 15, 2030",4.8,6.84,-,4.16,6.68,4.16,USD,"Jan 31, 2020","Jan 31, 2020"
HCA INC,Consumer Non-Cyclical,Fixed Income,"10,746,821.27",0.22,"10,746,821.27","9,095,000.00",197677AG2,US197677AG24,2118332,117.76,United States,-,USD,3.11,2.31,1.0,"Jun 15, 2025",7.69,3.09,-,2.31,3.09,2.31,USD,"Jun 30, 1995","Jun 30, 1995"
WESTERN GAS PARTNERS LP,Energy,Fixed Income,"10,676,366.03",0.21,"10,676,366.03","9,807,000.00",958254AF1,US958254AF13,BD2NKX0,108.83,United States,-,USD,3.86,2.56,1.0,"Jul 01, 2026",4.65,4.0,-,2.45,3.79,2.45,USD,"Jul 12, 2016","Jul 12, 2016"
MACYS RETAIL HOLDINGS INC,Consumer Cyclical,Fixed Income,"10,675,721.10",0.21,"10,675,721.10","10,740,000.00",55616XAM9,US55616XAM92,BSNMB72,99.16,United States,-,USD,9.71,4.59,1.0,"Dec 15, 2034",4.5,9.7,-,4.59,9.7,4.59,USD,"Nov 18, 2014","Nov 18, 2014"
CON-WAY INC,Transportation,Fixed Income,"10,592,840.42",0.21,"10,592,840.42","8,575,000.00",12612WAB0,US12612WAB00,B02FXQ9,122.42,United States,-,USD,8.79,4.33,1.0,"May 01, 2034",6.7,8.72,-,4.33,8.72,4.33,USD,"Apr 30, 2004","Aug 05, 2004"
OCCIDENTAL PETROLEUM CORPORATION,Energy,Fixed Income,"10,562,745.86",0.21,"10,562,745.86","10,231,000.00",674599CW3,US674599CW33,BKKGQD2,102.15,United States,-,USD,2.43,2.05,1.0,"Aug 15, 2024",2.9,2.49,-,2.0,2.34,2.0,USD,"Aug 08, 2019","Aug 08, 2019"
NORDSTROM INC.,Consumer Cyclical,Fixed Income,"10,508,308.07",0.21,"10,508,308.07","9,127,000.00",655664AH3,US655664AH33,2845425,113.03,United States,-,USD,5.08,4.52,1.0,"Mar 15, 2028",6.95,5.01,-,4.52,5.01,4.52,USD,"Mar 16, 1998","Mar 16, 1998"
GTE FLORIDA INC,Communications,Fixed Income,"10,470,296.01",0.21,"10,470,296.01","9,642,000.00",362333AH9,US362333AH94,2234711,105.68,United States,-,USD,4.94,5.74,1.0,"Feb 01, 2028",6.86,4.84,-,5.74,4.84,5.74,USD,"Feb 01, 1998","Feb 03, 1998"
HEXCEL CORP,Capital Goods,Fixed Income,"10,436,654.53",0.21,"10,436,654.53","9,410,000.00",428291AM0,US428291AM05,BZ04XV8,109.0,United States,-,USD,3.11,2.34,1.0,"Aug 15, 2025",4.95,3.28,-,2.17,3.06,2.17,USD,"Aug 03, 2015","Aug 03, 2015"
FORD MOTOR CREDIT COMPANY LLC,Consumer Cyclical,Fixed Income,"10,391,219.60",0.21,"10,391,219.60","9,085,000.00",345397ZR7,US345397ZR75,BJYMJ29,113.55,United States,-,USD,6.05,3.04,1.0,"May 03, 2029",5.11,6.16,-,2.98,5.98,2.98,USD,"May 03, 2019","May 03, 2019"
NORDSTROM INC,Consumer Cyclical,Fixed Income,"10,255,337.32",0.21,"10,255,337.32","10,046,000.00",655664AS9,US655664AS97,BYXCM71,100.91,United States,-,USD,4.59,3.81,1.0,"Mar 15, 2027",4.0,4.61,-,3.8,4.41,3.8,USD,"Mar 09, 2017","Mar 09, 2017"
OCCIDENTAL PETROLEUM CORPORATION,Energy,Fixed Income,"10,216,778.63",0.2,"10,216,778.63","7,705,000.00",674599DL6,US674599DL68,BKVKRK7,130.6,United States,-,USD,13.23,4.51,1.0,"Mar 15, 2046",6.6,13.36,-,4.49,13.21,4.49,USD,"Sep 15, 2019","Sep 18, 2019"
LIBERTY MEDIA LLC,Communications,Fixed Income,"10,194,040.72",0.2,"10,194,040.72","9,021,000.00",530715AD3,US530715AD31,2915726,109.08,United States,-,USD,5.55,6.93,1.0,"Jul 15, 2029",8.5,5.42,-,6.93,5.42,6.93,USD,"Jul 07, 1999","Jan 13, 2000"
MATTEL INC,Consumer Non-Cyclical,Fixed Income,"10,143,369.25",0.2,"10,143,369.25","7,754,000.00",577081AU6,US577081AU60,B46HMW8,129.21,United States,-,USD,11.9,3.97,1.0,"Oct 01, 2040",6.2,11.9,-,3.97,11.9,3.97,USD,"Sep 28, 2010","Sep 28, 2010"
HOSPITALITY PROPERTIES TRUST,Reits,Fixed Income,"10,128,610.24",0.2,"10,128,610.24","10,207,000.00",44106MAT9,US44106MAT99,BQSNVG5,97.91,United States,-,USD,2.92,5.22,1.0,"Mar 15, 2025",4.5,2.9,-,5.22,2.9,5.22,USD,"Sep 12, 2014","Sep 12, 2014"
KRAFT HEINZ FOODS CO,Consumer Non-Cyclical,Fixed Income,"9,863,009.21",0.2,"9,863,009.21","6,832,000.00",50076QAN6,US50076QAN60,B87MC97,141.8,United States,-,USD,11.68,3.39,1.0,"Feb 09, 2040",6.5,11.7,-,3.39,11.7,3.39,USD,"Aug 09, 2012","Jan 14, 2013"
YUM! BRANDS INC,Consumer Cyclical,Fixed Income,"9,737,184.84",0.2,"9,737,184.84","9,275,000.00",988498AJ0,US988498AJ04,BFX0F62,104.31,United States,-,USD,1.54,1.49,1.0,"Nov 01, 2023",3.88,1.77,-,1.12,1.53,1.12,USD,"Oct 31, 2013","Oct 31, 2013"
FIRSTENERGY TRANSMISSION LLC 144A,Electric,Fixed Income,"9,726,347.17",0.19,"9,726,347.17","8,933,000.00",33767BAB5,US33767BAB53,BMNDKF4,106.84,United States,-,USD,2.63,2.02,1.0,"Jan 15, 2025",4.35,2.8,-,1.82,2.59,1.82,USD,"May 19, 2014","May 19, 2014"
XEROX CORPORATION,Technology,Fixed Income,"9,705,138.81",0.19,"9,705,138.81","9,325,000.00",984121CJ0,US984121CJ06,BMHDJ08,103.59,United States,-,USD,2.27,2.24,1.0,"May 15, 2024",3.8,2.26,-,2.24,2.26,2.24,USD,"May 09, 2014","May 09, 2014"
QVC INC,Consumer Cyclical,Fixed Income,"9,668,687.10",0.19,"9,668,687.10","9,511,000.00",747262AM5,US747262AM52,BD3CV99,99.91,United States,-,USD,11.82,5.96,1.0,"Mar 15, 2043",5.95,11.75,-,5.96,11.75,5.96,USD,"Mar 18, 2013","Aug 23, 2013"
METHANEX CORP,Basic Industry,Fixed Income,"9,548,490.10",0.19,"9,548,490.10","9,449,000.00",59151KAJ7,US59151KAJ79,BSNZWR8,100.54,Canada,-,USD,12.72,5.61,1.0,"Dec 01, 2044",5.65,12.73,-,5.61,12.59,5.61,USD,"Nov 18, 2014","Nov 18, 2014"
BATH & BODY WORKS INC,Consumer Cyclical,Fixed Income,"9,516,055.06",0.19,"9,516,055.06","7,601,000.00",532716AN7,US532716AN75,B23CFM3,121.63,United States,-,USD,9.53,5.51,1.0,"Jul 15, 2037",7.6,9.44,-,5.51,9.44,5.51,USD,"Jul 17, 2007","Jul 17, 2007"
QWEST CORPORATION,Communications,Fixed Income,"9,505,823.99",0.19,"9,505,823.99","8,031,000.00",912920AK1,US912920AK17,2729013,116.17,United States,-,USD,3.27,2.64,1.0,"Sep 15, 2025",7.25,3.25,-,2.64,3.25,2.64,USD,"Sep 15, 1995","Sep 15, 1995"
TRAVEL + LEISURE CO,Consumer Cyclical,Fixed Income,"9,453,990.73",0.19,"9,453,990.73","8,841,000.00",98310WAP3,US98310WAP32,BF08417,105.52,United States,-,USD,1.98,3.09,1.0,"Apr 01, 2024",5.65,2.09,-,2.9,1.94,2.9,USD,"Mar 21, 2017","Mar 21, 2017"
BED BATH & BEYOND INC,Consumer Cyclical,Fixed Income,"9,448,397.41",0.19,"9,448,397.41","9,211,000.00",075896AA8,US075896AA80,BP81YF2,100.98,United States,-,USD,2.35,3.35,1.0,"Aug 01, 2024",3.75,2.41,-,3.31,2.19,3.31,USD,"Jul 17, 2014","Jul 17, 2014"
RESORTS WORLD LAS VEGAS LLC 144A,Consumer Cyclical,Fixed Income,"9,445,220.05",0.19,"9,445,220.05","9,375,000.00",76120HAC1,US76120HAC16,-,99.66,Malaysia,-,USD,7.43,4.67,1.0,"Apr 06, 2031",4.63,7.38,-,4.67,7.38,4.67,USD,"Apr 06, 2021","Apr 06, 2021"
BUCKEYE PARTNERS LP,Energy,Fixed Income,"9,434,339.92",0.19,"9,434,339.92","8,935,000.00",118230AN1,US118230AN13,BVVN4P7,104.63,United States,-,USD,2.45,2.61,1.0,"Oct 15, 2024",4.35,2.6,-,2.46,2.38,2.46,USD,"Sep 12, 2014","Sep 12, 2014"
FORD MOTOR COMPANY,Consumer Cyclical,Fixed Income,"9,433,500.62",0.19,"9,433,500.62","8,018,000.00",345370CS7,US345370CS72,BYPL1V3,117.32,United States,-,USD,14.51,4.17,1.0,"Dec 08, 2046",5.29,14.63,-,4.16,14.48,4.16,USD,"Dec 08, 2016","Dec 08, 2016"
ADANI ABBOT POINT TERMINAL PTY LTD 144A,Transportation,Fixed Income,"9,404,821.85",0.19,"9,404,821.85","9,736,000.00",00653GAB0,US00653GAB05,BF7J6G2,96.41,Australia,-,USD,0.94,8.42,1.0,"Dec 15, 2022",4.45,0.91,-,8.42,0.91,8.42,USD,"Dec 11, 2017","Dec 11, 2017"
PERRIGO FINANCE PLC,Consumer Non-Cyclical,Fixed Income,"9,383,509.19",0.19,"9,383,509.19","9,418,000.00",714295AA0,US714295AA08,BST7814,99.42,United States,-,USD,13.59,4.94,1.0,"Dec 15, 2044",4.9,13.63,-,4.94,13.63,4.94,USD,"Dec 02, 2014","Dec 02, 2014"
MARKS AND SPENCER PLC 144A,Consumer Cyclical,Fixed Income,"9,352,775.09",0.19,"9,352,775.09","7,914,000.00",57069PAA0,US57069PAA03,B29SPW5,117.53,United Kingdom,-,USD,10.04,5.46,1.0,"Dec 01, 2037",7.13,9.95,-,5.46,9.95,5.46,USD,"Dec 06, 2007","Dec 06, 2007"
WESTERN GAS PARTNERS LP,Energy,Fixed Income,"9,333,833.62",0.19,"9,333,833.62","8,284,000.00",958254AK0,US958254AK08,BFXKXC4,110.84,United States,-,USD,5.54,2.94,1.0,"Aug 15, 2028",4.75,5.64,-,2.88,5.45,2.88,USD,"Aug 09, 2018","Aug 09, 2018"
BRIGHTSPHERE INVESTMENT GROUP INC,Brokerage/Asset Managers/Exchanges,Fixed Income,"9,238,841.04",0.19,"9,238,841.04","8,676,000.00",10948WAA1,US10948WAA18,-,104.39,United States,-,USD,4.06,3.74,1.0,"Jul 27, 2026",4.8,4.02,-,3.74,4.02,3.74,USD,"Jul 15, 2019","Jul 15, 2019"
GENWORTH FINANCIAL INC,Insurance,Fixed Income,"9,171,475.32",0.18,"9,171,475.32","8,714,000.00",37247DAB2,US37247DAB29,B01LWC7,104.96,United States,-,USD,8.68,5.93,1.0,"Jun 15, 2034",6.5,8.55,-,5.93,8.55,5.93,USD,"Jun 15, 2004","Jun 15, 2004"
IHS MARKIT LTD,Technology,Fixed Income,"9,134,275.62",0.18,"9,134,275.62","8,663,000.00",44962LAH0,US44962LAH06,BJRF806,104.85,United States,-,USD,2.17,1.51,1.0,"May 01, 2024",3.63,2.23,-,1.43,2.16,1.43,USD,"Apr 08, 2019","Apr 08, 2019"
HB FULLER CO,Basic Industry,Fixed Income,"9,128,443.96",0.18,"9,128,443.96","8,540,000.00",359694AB2,US359694AB24,BF370B3,105.35,United States,-,USD,4.49,2.87,1.0,"Feb 15, 2027",4.0,4.56,-,2.82,4.36,2.82,USD,"Feb 14, 2017","Feb 14, 2017"
HCA INC,Consumer Non-Cyclical,Fixed Income,"9,122,490.50",0.18,"9,122,490.50","6,241,000.00",197677AH0,US197677AH07,2781347,145.21,United States,-,USD,18.31,5.13,1.0,"Nov 15, 2095",7.5,18.52,-,5.13,18.52,5.13,USD,"Nov 15, 1995","Nov 27, 1995"
BRINKER INTERNATIONAL INC,Consumer Cyclical,Fixed Income,"9,025,031.49",0.18,"9,025,031.49","8,751,000.00",109641AG5,US109641AG55,B96WDR0,102.6,United States,-,USD,1.34,1.94,1.0,"May 15, 2023",3.88,1.33,-,1.94,1.33,1.94,USD,"May 15, 2013","May 15, 2013"
PACTIV CORPORATION,Capital Goods,Fixed Income,"9,012,435.37",0.18,"9,012,435.37","8,120,000.00",880394AB7,US880394AB71,2847324,110.57,United States,-,USD,3.47,4.97,1.0,"Dec 15, 2025",7.95,3.4,-,4.97,3.4,4.97,USD,"Nov 04, 1999","Nov 04, 1999"
WESTERN GAS PARTNERS LP,Energy,Fixed Income,"8,998,071.39",0.18,"8,998,071.39","8,129,000.00",958254AH7,US958254AH78,-,109.19,United States,-,USD,5.24,2.86,1.0,"Mar 01, 2028",4.5,5.34,-,2.8,5.15,2.8,USD,"Mar 02, 2018","Mar 02, 2018"
KRAFT HEINZ FOODS CO,Consumer Non-Cyclical,Fixed Income,"8,961,987.96",0.18,"8,961,987.96","7,186,000.00",50077LAL0,US50077LAL09,BZ4V7B3,122.41,United States,-,USD,9.88,2.98,1.0,"Jul 15, 2035",5.0,10.04,-,2.92,9.77,2.92,USD,"Jul 15, 2016","Aug 19, 2016"
CLIFFS NATURAL RESOURCES INC,Basic Industry,Fixed Income,"8,930,999.47",0.18,"8,930,999.47","8,165,000.00",18683KAC5,US18683KAC53,B3QD7G8,107.82,United States,-,USD,11.19,5.57,1.0,"Oct 01, 2040",6.25,11.11,-,5.57,11.11,5.57,USD,"Sep 20, 2010","Sep 20, 2010"
FIRSTENERGY CORPORATION,Electric,Fixed Income,"8,915,998.22",0.18,"8,915,998.22","8,914,000.00",337932AL1,US337932AL12,BKMGCD2,99.12,United States,-,USD,7.18,2.77,1.0,"Mar 01, 2030",2.65,7.23,-,2.77,7.23,2.77,USD,"Feb 20, 2020","Feb 20, 2020"
BOMBARDIER INC 144A,Capital Goods,Fixed Income,"8,873,611.80",0.18,"8,873,611.80","7,110,000.00",097751AL5,US097751AL51,B00SJF1,123.56,Canada,-,USD,8.52,4.88,1.0,"May 01, 2034",7.45,8.43,-,4.88,8.43,4.88,USD,"Apr 21, 2004","Apr 21, 2004"
ROCKIES EXPRESS PIPELINE LLC 144A,Energy,Fixed Income,"8,867,566.20",0.18,"8,867,566.20","7,586,000.00",77340RAD9,US77340RAD98,B3B9SZ7,113.37,United States,-,USD,9.68,6.2,1.0,"Jul 15, 2038",7.5,9.57,-,6.2,9.57,6.2,USD,"Jun 27, 2008","Jun 27, 2008"
FORD MOTOR COMPANY,Consumer Cyclical,Fixed Income,"8,849,077.63",0.18,"8,849,077.63","8,092,000.00",345370CR9,US345370CR99,BYPL1T1,109.04,United States,-,USD,4.32,2.39,1.0,"Dec 08, 2026",4.35,4.45,-,2.3,4.25,2.3,USD,"Dec 08, 2016","Dec 08, 2016"
WESTERN MIDSTREAM OPERATING LP,Energy,Fixed Income,"8,817,647.34",0.18,"8,817,647.34","8,388,000.00",958254AE4,US958254AE48,BYLHT44,104.79,United States,-,USD,3.06,2.48,1.0,"Jun 01, 2025",3.95,3.19,-,2.37,2.96,2.37,USD,"Jun 04, 2015","Jun 04, 2015"
MURPHY OIL CORPORATION,Energy,Fixed Income,"8,794,908.32",0.18,"8,794,908.32","7,792,000.00",626717AA0,US626717AA04,2765965,111.7,United States,-,USD,5.83,5.12,1.0,"May 01, 2029",7.05,5.74,-,5.12,5.74,5.12,USD,"May 04, 1999","May 04, 1999"
METHANEX CORPORATION,Basic Industry,Fixed Income,"8,785,667.17",0.18,"8,785,667.17","8,322,000.00",59151KAK4,US59151KAK43,BSNZWW3,105.18,Canada,-,USD,2.58,2.4,1.0,"Dec 01, 2024",4.25,2.74,-,2.24,2.51,2.24,USD,"Nov 18, 2014","Nov 18, 2014"
BELO CORPORATION,Communications,Fixed Income,"8,766,495.59",0.18,"8,766,495.59","7,480,000.00",080555AF2,US080555AF20,2401645,115.0,United States,-,USD,4.72,4.26,1.0,"Sep 15, 2027",7.25,4.66,-,4.26,4.66,4.26,USD,"Sep 26, 1997","Sep 26, 1997"
WESTERN GAS PARTNERS LP,Energy,Fixed Income,"8,754,331.23",0.18,"8,754,331.23","7,167,000.00",958254AL8,US958254AL80,BFX84M5,120.07,United States,-,USD,14.66,4.24,1.0,"Aug 15, 2048",5.5,14.79,-,4.22,14.65,4.22,USD,"Aug 09, 2018","Aug 09, 2018"
FIRSTENERGY TRANSMISSION LLC 144A,Electric,Fixed Income,"8,747,664.43",0.18,"8,747,664.43","7,531,000.00",33767BAC3,US33767BAC37,BH3W5T5,114.98,United States,-,USD,16.06,3.67,1.0,"Apr 01, 2049",4.55,16.23,-,3.67,16.06,3.67,USD,"Mar 28, 2019","Mar 28, 2019"
OCCIDENTAL PETROLEUM CORPORATION,Energy,Fixed Income,"8,728,257.86",0.17,"8,728,257.86","7,723,000.00",674599DC6,US674599DC69,BK8VN94,111.34,United States,-,USD,3.58,2.68,1.0,"Mar 15, 2026",5.55,3.73,-,2.52,3.53,2.52,USD,"Sep 15, 2019","Sep 18, 2019"
SPIRIT AEROSYSTEMS INC,Capital Goods,Fixed Income,"8,712,871.66",0.17,"8,712,871.66","8,465,000.00",85205TAG5,US85205TAG58,BYZ97L9,102.72,United States,-,USD,4.01,3.19,1.0,"Jun 15, 2026",3.85,4.07,-,3.15,3.86,3.15,USD,"Jun 01, 2016","Jun 01, 2016"
OCCIDENTAL PETROLEUM COR,Energy,Fixed Income,"8,689,388.88",0.17,"8,689,388.88","8,345,000.00",674599CJ2,US674599CJ22,BDBFN16,103.2,United States,-,USD,14.76,4.19,1.0,"Apr 15, 2046",4.4,14.87,-,4.19,14.69,4.19,USD,"Apr 04, 2016","Apr 04, 2016"
SAFEWAY INC,Consumer Non-Cyclical,Fixed Income,"8,610,303.74",0.17,"8,610,303.74","7,121,000.00",786514BA6,US786514BA67,2723866,117.83,United States,-,USD,6.78,4.8,1.0,"Feb 01, 2031",7.25,6.68,-,4.8,6.68,4.8,USD,"Jan 31, 2001","Jan 31, 2001"
CARPENTER TECHNOLOGY CORP,Basic Industry,Fixed Income,"8,544,320.98",0.17,"8,544,320.98","8,245,000.00",144285AK9,US144285AK99,B9J9PX8,102.15,United States,-,USD,0.9,2.57,1.0,"Mar 01, 2023",4.45,1.12,-,2.07,0.89,2.07,USD,"Feb 26, 2013","Feb 26, 2013"
PITNEY BOWES INC,Technology,Fixed Income,"8,481,729.03",0.17,"8,481,729.03","8,176,000.00",724479AJ9,US724479AJ97,BKJ9BR1,102.34,United States,-,USD,1.93,3.51,1.0,"Mar 15, 2024",4.63,2.06,-,3.38,1.84,3.38,USD,"Mar 13, 2014","Mar 13, 2014"
YUM! BRANDS INC,Consumer Cyclical,Fixed Income,"8,446,063.43",0.17,"8,446,063.43","7,598,000.00",988498AK7,US988498AK76,BFX8793,110.27,United States,-,USD,13.09,4.6,1.0,"Nov 01, 2043",5.35,13.16,-,4.59,12.99,4.59,USD,"Oct 31, 2013","Oct 31, 2013"
BUCKEYE PARTNERS LP,Energy,Fixed Income,"8,399,315.11",0.17,"8,399,315.11","8,468,000.00",118230AP6,US118230AP60,BSNH724,97.96,United States,-,USD,12.53,5.76,1.0,"Oct 15, 2044",5.6,12.53,-,5.76,12.53,5.76,USD,"Sep 12, 2014","Sep 12, 2014"
SPIRIT AEROSYSTEMS INC,Capital Goods,Fixed Income,"8,180,612.42",0.16,"8,180,612.42","8,089,000.00",85205TAJ9,US85205TAJ97,BDR7P76,100.96,United States,-,USD,1.38,3.27,1.0,"Jun 15, 2023",3.95,1.4,-,3.23,1.33,3.23,USD,"May 30, 2018","May 30, 2018"
OCCIDENTAL PETROLEUM CORPORATION,Energy,Fixed Income,"8,180,159.42",0.16,"8,180,159.42","6,157,000.00",674599DD4,US674599DD43,BKTC909,131.55,United States,-,USD,7.1,3.51,1.0,"May 01, 2031",7.5,7.04,-,3.51,7.04,3.51,USD,"May 01, 2019","Sep 18, 2019"
FORD MOTOR CREDIT COMPANY LLC,Consumer Cyclical,Fixed Income,"8,139,580.59",0.16,"8,139,580.59","7,444,000.00",345397ZQ9,US345397ZQ92,BJ0M5H0,107.7,United States,-,USD,2.01,2.01,1.0,"Mar 18, 2024",5.58,2.07,-,1.88,1.99,1.88,USD,"Mar 18, 2019","Mar 18, 2019"
APACHE CORPORATION,Energy,Fixed Income,"8,088,451.72",0.16,"8,088,451.72","6,326,000.00",03746AAA8,US03746AAA88,2528997,127.52,United States,-,USD,6.26,3.72,1.0,"Dec 15, 2029",7.75,6.2,-,3.72,6.2,3.72,USD,"Dec 13, 1999","Dec 13, 1999"
SENIOR HOUSING PROPERTIES TRUST,Reits,Fixed Income,"7,987,173.67",0.16,"7,987,173.67","7,670,000.00",81721MAK5,US81721MAK53,BM4P510,103.3,United States,-,USD,1.83,3.27,1.0,"May 01, 2024",4.75,2.19,-,2.88,1.74,2.88,USD,"Apr 28, 2014","Apr 28, 2014"
FORD MOTOR CREDIT COMPANY LLC,Consumer Cyclical,Fixed Income,"7,879,631.46",0.16,"7,879,631.46","7,440,000.00",345397ZX4,US345397ZX44,-,105.2,United States,-,USD,2.62,2.16,1.0,"Nov 01, 2024",4.06,2.66,-,2.11,2.59,2.11,USD,"Nov 01, 2019","Nov 01, 2019"
AVON PRODUCTS INC,Consumer Non-Cyclical,Fixed Income,"7,878,880.45",0.16,"7,878,880.45","6,257,000.00",054303AZ5,US054303AZ59,B8YPH38,123.43,United States,-,USD,10.76,6.41,1.0,"Mar 15, 2043",8.45,10.69,-,6.41,10.69,6.41,USD,"Mar 12, 2013","Mar 12, 2013"
DOMTAR CORP,Basic Industry,Fixed Income,"7,841,334.45",0.16,"7,841,334.45","7,579,000.00",257559AJ3,US257559AJ34,B84VV12,101.38,United States,-,USD,11.43,6.13,1.0,"Sep 01, 2042",6.25,11.35,-,6.13,11.35,6.13,USD,"Aug 23, 2012","Aug 23, 2012"
XEROX CORPORATION,Technology,Fixed Income,"7,834,976.24",0.16,"7,834,976.24","7,650,000.00",984121CL5,US984121CL51,BW9H6R4,100.78,United States,-,USD,9.64,4.72,1.0,"Mar 01, 2035",4.8,9.55,-,4.72,9.55,4.72,USD,"Mar 03, 2015","Mar 03, 2015"
DOMTAR CORP,Basic Industry,Fixed Income,"7,770,325.28",0.16,"7,770,325.28","7,408,000.00",257559AK0,US257559AK07,BGPGP87,102.34,United States,-,USD,11.29,6.55,1.0,"Feb 15, 2044",6.75,11.25,-,6.55,11.14,6.55,USD,"Nov 26, 2013","Nov 26, 2013"
KRAFT HEINZ FOODS CO,Consumer Non-Cyclical,Fixed Income,"7,764,298.83",0.16,"7,764,298.83","6,658,000.00",50077LAT3,US50077LAT35,BG1ZYX6,114.69,United States,-,USD,5.89,2.36,1.0,"Jan 30, 2029",4.63,6.02,-,2.29,5.84,2.29,USD,"Jun 15, 2018","Jun 15, 2018"
FORD MOTOR CREDIT COMPANY LLC,Consumer Cyclical,Fixed Income,"7,751,570.22",0.16,"7,751,570.22","7,525,000.00",345397A29,US345397A290,-,101.54,United States,-,USD,1.0,1.57,1.0,"Jan 09, 2023",3.09,0.99,-,1.57,0.99,1.57,USD,"Jan 09, 2020","Jan 09, 2020"
MACYS RETAIL HOLDINGS INC,Consumer Cyclical,Fixed Income,"7,719,604.74",0.15,"7,719,604.74","7,792,000.00",55616XAG2,US55616XAG25,B7KGR83,96.67,United States,-,USD,12.0,5.4,1.0,"Jan 15, 2042",5.13,11.99,-,5.4,11.99,5.4,USD,"Jan 13, 2012","Jan 13, 2012"
FORD MOTOR CREDIT COMPANY LLC,Consumer Cyclical,Fixed Income,"7,608,314.90",0.15,"7,608,314.90","7,060,000.00",345397XL2,US345397XL24,BYZ3FB7,106.04,United States,-,USD,3.31,2.37,1.0,"Aug 04, 2025",4.13,3.29,-,2.37,3.29,2.37,USD,"Aug 04, 2015","Aug 04, 2015"
FIRSTENERGY TRANSMISSION LLC 144A,Electric,Fixed Income,"7,552,804.47",0.15,"7,552,804.47","5,880,000.00",33767BAA7,US33767BAA70,BMNDL73,125.94,United States,-,USD,13.61,3.74,1.0,"Jul 15, 2044",5.45,13.77,-,3.72,13.59,3.72,USD,"May 19, 2014","May 19, 2014"
TRANSOCEAN INC,Energy,Fixed Income,"7,531,945.23",0.15,"7,531,945.23","12,340,000.00",893830AF6,US893830AF64,2780775,59.39,United States,-,USD,5.8,16.05,1.0,"Apr 15, 2031",7.5,5.43,-,16.05,5.43,16.05,USD,"Apr 05, 2001","Jun 15, 2001"
FORD MOTOR CREDIT COMPANY LLC MTN,Consumer Cyclical,Fixed Income,"7,464,522.45",0.15,"7,464,522.45","6,805,000.00",345397XU2,US345397XU23,BD0SY80,107.55,United States,-,USD,3.65,2.41,1.0,"Jan 08, 2026",4.39,3.63,-,2.41,3.63,2.41,USD,"Jan 08, 2016","Jan 08, 2016"
MATTEL INC,Consumer Non-Cyclical,Fixed Income,"7,379,307.01",0.15,"7,379,307.01","7,178,000.00",577081AY8,US577081AY82,B99J185,101.88,United States,-,USD,0.94,1.57,1.0,"Mar 15, 2023",3.15,1.17,-,1.17,0.93,1.17,USD,"Mar 07, 2013","Mar 07, 2013"
PROVIDENT FINANCING TRUST I,Insurance,Fixed Income,"7,362,014.12",0.15,"7,362,014.12","5,904,000.00",743863AA0,US743863AA09,2209270,122.52,United States,-,USD,9.99,5.31,1.0,"Mar 15, 2038",7.41,9.91,-,5.31,9.91,5.31,USD,"Mar 16, 1998","Mar 16, 1998"
BLK CSH FND TREASURY SL AGENCY,Cash and/or Derivatives,Money Market,"7,310,000.00",0.15,"7,310,000.00","7,310,000.00",066922477,US0669224778,6922477,1.0,United States,-,USD,0.07,0.07,1.0,-,0.1,0.1,-,0.07,0.1,0.07,USD,-,"Feb 04, 2009"
OWENS & MINOR INC,Consumer Non-Cyclical,Fixed Income,"7,191,732.31",0.14,"7,191,732.31","6,721,000.00",690732AE2,US690732AE23,BQVC7B6,106.77,United States,-,USD,2.6,2.0,1.0,"Dec 15, 2024",4.38,2.78,-,1.8,2.55,1.8,USD,"Sep 16, 2014","Sep 16, 2014"
OCCIDENTAL PETROLEUM CORPORATION,Energy,Fixed Income,"7,177,531.15",0.14,"7,177,531.15","7,068,000.00",674599CN3,US674599CN34,BFN8K61,100.31,United States,-,USD,15.52,4.18,1.0,"Mar 15, 2048",4.2,15.63,-,4.18,15.46,4.18,USD,"Mar 02, 2018","Mar 02, 2018"
AMERICAN AIRLINES INC 144A,Transportation,Fixed Income,"7,148,236.58",0.14,"7,148,236.58","5,550,000.00",023771S58,US023771S586,-,123.38,United States,-,USD,2.91,4.52,1.0,"Jul 15, 2025",11.75,2.86,-,4.52,2.86,4.52,USD,"Jun 30, 2020","Jun 30, 2020"
AMERICAN AIRLINES 2013-1 PASS THRO,Transportation,Fixed Income,"7,125,630.99",0.14,"7,125,630.99","7,063,211.00",90346WAA1,US90346WAA18,B94MBG7,100.38,United States,-,USD,2.79,3.81,1.0,"Nov 15, 2025",3.95,2.76,-,3.81,2.76,3.81,USD,"Apr 24, 2013","Apr 24, 2013"
MACYS RETAIL HOLDINGS INC,Consumer Cyclical,Fixed Income,"7,037,983.68",0.14,"7,037,983.68","7,823,000.00",55616XAJ6,US55616XAJ63,B92RSZ2,88.31,United States,-,USD,13.01,5.22,1.0,"Feb 15, 2043",4.3,13.0,-,5.22,13.0,5.22,USD,"Nov 20, 2012","Nov 20, 2012"
RITE AID CORPORATION,Consumer Cyclical,Fixed Income,"7,019,052.10",0.14,"7,019,052.10","7,378,000.00",767754AJ3,US767754AJ35,2770550,92.23,United States,-,USD,4.13,9.66,1.0,"Feb 15, 2027",7.7,3.97,-,9.66,3.97,9.66,USD,"Dec 20, 1996","Dec 20, 1996"
CARNIVAL CORPORATION,Consumer Cyclical,Fixed Income,"6,765,833.96",0.14,"6,765,833.96","6,386,000.00",143658AH5,US143658AH53,B39DS95,102.9,United States,-,USD,4.91,6.07,1.0,"Jan 15, 2028",6.65,4.8,-,6.07,4.8,6.07,USD,"Jan 15, 1998","Jan 15, 1998"
OCCIDENTAL PETROLEUM CORPORATION,Energy,Fixed Income,"6,715,005.56",0.13,"6,715,005.56","6,500,000.00",674599CH6,US674599CH65,BDBFN27,102.59,United States,-,USD,3.87,2.75,1.0,"Apr 15, 2026",3.4,3.95,-,2.72,3.73,2.72,USD,"Apr 04, 2016","Apr 04, 2016"
IHS MARKIT LTD 144A,Technology,Fixed Income,"6,706,687.07",0.13,"6,706,687.07","6,497,000.00",44962LAA5,US44962LAA52,BDG22W6,102.41,United States,-,USD,0.58,2.08,1.0,"Nov 01, 2022",5.0,0.82,-,0.86,0.57,0.86,USD,"Jul 28, 2016","Jul 28, 2016"
FIRSTENERGY CORPORATION,Electric,Fixed Income,"6,673,476.81",0.13,"6,673,476.81","6,873,000.00",337932AP2,US337932AP26,-,96.35,United States,-,USD,7.72,2.73,1.0,"Sep 01, 2030",2.25,7.74,-,2.73,7.74,2.73,USD,"Jun 08, 2020","Jun 08, 2020"
OCCIDENTAL PETROLEUM CORPORATION,Energy,Fixed Income,"6,591,967.18",0.13,"6,591,967.18","5,281,000.00",674599DJ1,US674599DJ13,BJCRNM4,122.95,United States,-,USD,11.5,4.36,1.0,"Mar 15, 2040",6.2,11.47,-,4.36,11.47,4.36,USD,"Sep 15, 2019","Sep 18, 2019"
MACYS INC,Consumer Cyclical,Fixed Income,"6,580,031.98",0.13,"6,580,031.98","6,111,000.00",314275AC2,US314275AC25,B1TWZV9,105.75,United States,-,USD,9.77,5.8,1.0,"Mar 15, 2037",6.38,9.66,-,5.8,9.66,5.8,USD,"Mar 12, 2007","Mar 12, 2007"
APACHE CORP,Energy,Fixed Income,"6,578,649.91",0.13,"6,578,649.91","6,324,000.00",037411BC8,US037411BC83,B90LGN0,102.07,United States,-,USD,13.95,4.11,1.0,"Jan 15, 2044",4.25,14.04,-,4.1,13.84,4.1,USD,"Dec 03, 2012","Dec 03, 2012"
BED BATH & BEYOND INC,Consumer Cyclical,Fixed Income,"6,575,359.88",0.13,"6,575,359.88","7,140,000.00",075896AB6,US075896AB63,BP81YH4,90.0,United States,-,USD,8.97,6.06,1.0,"Aug 01, 2034",4.92,8.86,-,6.06,8.86,6.06,USD,"Jul 17, 2014","Jul 17, 2014"
OVINTIV INC,Energy,Fixed Income,"6,575,050.00",0.13,"6,575,050.00","5,000,000.00",698900AG2,US698900AG20,B3CTX73,130.3,United States,-,USD,7.44,3.53,1.0,"Nov 01, 2031",7.2,7.38,-,3.53,7.38,3.53,USD,"Nov 05, 2001","Nov 05, 2001"
PACTIV CORPORATION,Capital Goods,Fixed Income,"6,549,614.88",0.13,"6,549,614.88","5,793,000.00",880394AE1,US880394AE11,B5ZPCJ7,111.22,United States,-,USD,4.33,5.87,1.0,"Apr 15, 2027",8.38,4.24,-,5.87,4.24,5.87,USD,"Nov 04, 1999","Nov 04, 1999"
TRANSALTA CORP,Electric,Fixed Income,"6,543,036.76",0.13,"6,543,036.76","6,388,000.00",89346DAF4,US89346DAF42,B8BJX80,101.85,Canada,-,USD,0.62,2.34,1.0,"Nov 15, 2022",4.5,0.85,-,1.5,0.61,1.5,USD,"Nov 07, 2012","Nov 07, 2012"
OCCIDENTAL PETROLEUM CORPORATION,Energy,Fixed Income,"6,509,012.12",0.13,"6,509,012.12","6,246,000.00",674599CR4,US674599CR48,BKKGQF4,103.0,United States,-,USD,4.2,2.51,1.0,"Aug 15, 2026",3.2,4.24,-,2.49,4.09,2.49,USD,"Aug 08, 2019","Aug 08, 2019"
P & O PRINCESS CRUISES PLC,Consumer Cyclical,Fixed Income,"6,471,605.83",0.13,"6,471,605.83","5,461,000.00",693070AD6,US693070AD69,BD03XX3,117.78,United States,-,USD,4.54,4.17,1.0,"Jun 01, 2027",7.88,4.48,-,4.17,4.48,4.17,USD,"Dec 01, 2000","Jan 31, 2001"
BELO CORPORATION,Communications,Fixed Income,"6,467,852.28",0.13,"6,467,852.28","5,486,000.00",080555AE5,US080555AE54,2840464,117.19,United States,-,USD,4.54,4.17,1.0,"Jun 01, 2027",7.75,4.49,-,4.17,4.49,4.17,USD,"Jun 01, 1997","Jun 13, 1997"
FRONTIER NORTH INC,Communications,Fixed Income,"6,289,266.22",0.13,"6,289,266.22","5,756,000.00",362337AK3,US362337AK38,2717160,106.67,United States,-,USD,5.0,5.43,1.0,"Feb 15, 2028",6.73,4.9,-,5.43,4.9,5.43,USD,"Feb 15, 1998","Feb 24, 1998"
HCA INC,Consumer Non-Cyclical,Fixed Income,"6,065,255.47",0.12,"6,065,255.47","5,680,000.00",404119CA5,US404119CA57,BLF2KK7,105.62,United States,-,USD,7.22,2.77,1.0,"Sep 01, 2030",3.5,7.4,-,2.73,7.03,2.73,USD,"Feb 26, 2020","Feb 26, 2020"
NEWELL RUBBERMAID INC,Consumer Non-Cyclical,Fixed Income,"5,953,275.95",0.12,"5,953,275.95","5,657,000.00",651229AQ9,US651229AQ96,BSTLKM1,104.9,United States,-,USD,2.6,2.25,1.0,"Dec 01, 2024",4.0,2.75,-,2.1,2.52,2.1,USD,"Nov 19, 2014","Nov 19, 2014"
AMERICAN AIRLINES 2013-1 CLASS A P,Transportation,Fixed Income,"5,853,748.19",0.12,"5,853,748.19","5,956,653.00",023772AB2,US023772AB21,BPBGFV7,96.43,United States,-,USD,2.68,5.35,1.0,"Jul 15, 2025",4.0,2.63,-,5.35,2.63,5.35,USD,"Jul 15, 2014","Jul 18, 2014"
DELL INC,Technology,Fixed Income,"5,812,140.89",0.12,"5,812,140.89","4,600,000.00",247025AE9,US247025AE93,2240871,124.85,United States,-,USD,5.21,2.77,1.0,"Apr 15, 2028",7.1,5.18,-,2.77,5.18,2.77,USD,"Apr 15, 1998","Apr 27, 1998"
AADVANTAGE LOYALTY IP LTD 144A,Transportation,Fixed Income,"5,703,869.11",0.11,"5,703,869.11","5,425,000.00",00253XAA9,US00253XAA90,-,104.07,United States,-,USD,3.79,4.48,1.0,"Apr 20, 2026",5.5,3.78,-,4.48,3.78,4.48,USD,"Mar 24, 2021","Mar 24, 2021"
OCCIDENTAL PETROLEUM CORPORATION,Energy,Fixed Income,"5,614,801.46",0.11,"5,614,801.46","5,438,000.00",674599CY9,US674599CY98,BKKGQH6,101.59,United States,-,USD,15.63,4.3,1.0,"Aug 15, 2049",4.4,15.74,-,4.3,15.59,4.3,USD,"Aug 08, 2019","Aug 08, 2019"
AMERICAN AIRLINES PASS THROUGH TRU,Transportation,Fixed Income,"5,562,728.89",0.11,"5,562,728.89","5,637,793.00",02376WAA9,US02376WAA99,BYW8LB7,96.78,United States,-,USD,4.22,4.87,1.0,"Jul 15, 2029",4.1,4.15,-,4.87,4.15,4.87,USD,"Jan 19, 2016","Jan 19, 2016"
OCCIDENTAL PETROLEUM CORPORATION,Energy,Fixed Income,"5,522,698.22",0.11,"5,522,698.22","5,296,000.00",674599CF0,US674599CF00,BYQ27T5,104.08,United States,-,USD,14.31,4.35,1.0,"Jun 15, 2045",4.63,14.4,-,4.34,14.22,4.34,USD,"Jun 23, 2015","Jun 23, 2015"
GLOBAL MARINE INC.,Energy,Fixed Income,"5,473,863.19",0.11,"5,473,863.19","8,063,000.00",379352AL1,US379352AL15,2248143,67.25,United States,-,USD,4.89,15.16,1.0,"Jun 01, 2028",7.0,4.59,-,15.16,4.59,15.16,USD,"May 26, 1998","May 26, 1998"
FORD MOTOR CREDIT COMPANY LLC,Consumer Cyclical,Fixed Income,"5,410,416.89",0.11,"5,410,416.89","4,925,000.00",345397A45,US345397A456,BKM3QM0,107.78,United States,-,USD,4.39,2.61,1.0,"Jan 09, 2027",4.27,4.45,-,2.56,4.32,2.56,USD,"Jan 09, 2020","Jan 09, 2020"
FORD MOTOR CREDIT COMPANY LLC,Consumer Cyclical,Fixed Income,"5,403,903.01",0.11,"5,403,903.01","5,112,000.00",345397WK5,US345397WK59,BCVYH69,103.95,United States,-,USD,1.53,1.85,1.0,"Aug 06, 2023",4.38,1.52,-,1.85,1.52,1.85,USD,"Aug 06, 2013","Aug 06, 2013"
OCCIDENTAL PETROLEUM CORPORATION,Energy,Fixed Income,"5,381,109.31",0.11,"5,381,109.31","5,307,000.00",674599CX1,US674599CX16,BKKGQG5,99.77,United States,-,USD,12.02,4.32,1.0,"Aug 15, 2039",4.3,12.07,-,4.32,12.07,4.32,USD,"Aug 08, 2019","Aug 08, 2019"
GOODYEAR TIRE & RUBBER COMPANY (TH,Consumer Cyclical,Fixed Income,"5,369,569.28",0.11,"5,369,569.28","4,608,000.00",382550AD3,US382550AD35,2895129,114.47,United States,-,USD,5.09,4.32,1.0,"Mar 15, 2028",7.0,5.02,-,4.32,5.02,4.32,USD,"Mar 16, 1998","Mar 16, 1998"
OCCIDENTAL PETROLEUM CORPORATION,Energy,Fixed Income,"5,306,454.18",0.11,"5,306,454.18","5,161,000.00",674599CM5,US674599CM50,BZ1C634,101.69,United States,-,USD,4.62,2.65,1.0,"Feb 15, 2027",3.0,4.68,-,2.63,4.46,2.63,USD,"Nov 07, 2016","Nov 07, 2016"
CONTINENTAL RESOURCES INC,Energy,Fixed Income,"5,210,250.00",0.1,"5,210,250.00","5,000,000.00",212015AL5,US212015AL58,BCCWFC4,103.26,United States,-,USD,1.02,1.93,1.0,"Apr 15, 2023",4.5,1.24,-,1.33,1.01,1.33,USD,"Apr 05, 2013","Jul 12, 2013"
OCCIDENTAL PETROLEUM CORPORATION,Energy,Fixed Income,"5,158,671.82",0.1,"5,158,671.82","5,161,000.00",674599CL7,US674599CL77,BZ1C623,98.41,United States,-,USD,15.17,4.2,1.0,"Feb 15, 2047",4.1,15.27,-,4.2,15.27,4.2,USD,"Nov 07, 2016","Nov 07, 2016"
HAWAIIAN HOLDINGS INC PT 13-1A,Transportation,Fixed Income,"5,152,276.66",0.1,"5,152,276.66","5,170,719.00",419838AA5,US419838AA57,B99L590,97.84,United States,-,USD,3.01,4.62,1.0,"Jul 15, 2027",3.9,2.96,-,4.62,2.96,4.62,USD,"May 29, 2013","May 29, 2013"
ARCELORMITTAL,Basic Industry,Fixed Income,"5,113,004.78",0.1,"5,113,004.78","4,600,000.00",03938LBA1,US03938LBA17,BJNXWZ7,109.76,Luxembourg,-,USD,3.81,2.11,1.0,"Mar 11, 2026",4.55,3.8,-,2.11,3.8,2.11,USD,"Mar 11, 2019","Mar 11, 2019"
AMERICAN AIRLINES 2016-2 CLASS A P,Transportation,Fixed Income,"5,083,627.65",0.1,"5,083,627.65","5,287,282.00",023764AA1,US023764AA14,BYPF911,95.99,United States,-,USD,4.73,4.52,1.0,"Dec 15, 2029",3.65,4.67,-,4.52,4.67,4.52,USD,"May 16, 2016","May 16, 2016"
OCCIDENTAL PETROLEUM CORPORATION,Energy,Fixed Income,"5,075,962.50",0.1,"5,075,962.50","4,438,000.00",674599DB8,US674599DB86,BJSFZS2,110.9,United States,-,USD,2.27,2.43,1.0,"Jul 01, 2024",6.95,2.25,-,2.43,2.25,2.43,USD,"Jul 01, 2019","Sep 18, 2019"
OCCIDENTAL PETROLEUM CORPORATION,Energy,Fixed Income,"5,014,322.50",0.1,"5,014,322.50","3,682,000.00",674599DE2,US674599DE26,-,133.87,United States,-,USD,7.18,3.69,1.0,"Sep 15, 2031",7.88,7.12,-,3.69,7.12,3.69,USD,"Sep 15, 2019","Sep 18, 2019"
FORD MOTOR CREDIT COMPANY LLC,Consumer Cyclical,Fixed Income,"4,991,703.20",0.1,"4,991,703.20","4,880,000.00",345397XZ1,US345397XZ10,BD076V4,101.77,United States,-,USD,1.31,1.75,1.0,"May 04, 2023",3.1,1.31,-,1.75,1.31,1.75,USD,"May 04, 2016","May 04, 2016"
AMERICAN AIRLINES 2013-2 CLASS A P,Transportation,Fixed Income,"4,938,796.25",0.1,"4,938,796.25","4,774,898.00",02377UAB0,US02377UAB08,BCDY886,101.15,United States,-,USD,0.93,3.71,1.0,"Jul 15, 2024",4.95,0.9,-,3.71,0.9,3.71,USD,"Jul 15, 2014","Jul 25, 2014"
MACYS RETAIL HOLDINGS INC,Consumer Cyclical,Fixed Income,"4,850,203.96",0.1,"4,850,203.96","4,638,000.00",55616XAK3,US55616XAK37,BCZS983,103.12,United States,-,USD,1.38,2.45,1.0,"Sep 01, 2023",4.38,1.59,-,2.13,1.36,2.13,USD,"Sep 06, 2013","Sep 06, 2013"
OCCIDENTAL PETROLEUM CORPORATION,Energy,Fixed Income,"4,819,837.75",0.1,"4,819,837.75","4,550,000.00",674599DK8,US674599DK85,BJCRNP7,103.82,United States,-,USD,13.88,4.24,1.0,"Jul 15, 2044",4.5,13.97,-,4.23,13.79,4.23,USD,"Jul 15, 2019","Sep 18, 2019"
IHS MARKIT LTD,Technology,Fixed Income,"4,778,731.82",0.1,"4,778,731.82","4,503,000.00",44962LAG2,US44962LAG23,BFMJLX9,104.42,United States,-,USD,1.44,1.3,1.0,"Aug 01, 2023",4.13,1.52,-,1.15,1.44,1.15,USD,"Jul 23, 2018","Jul 23, 2018"
FORD MOTOR CREDIT COMPANY LLC,Consumer Cyclical,Fixed Income,"4,627,634.40",0.09,"4,627,634.40","4,440,000.00",345397ZB2,US345397ZB24,BFMCK53,102.66,United States,-,USD,1.01,1.73,1.0,"Feb 15, 2023",4.14,1.08,-,1.55,1.0,1.55,USD,"May 03, 2018","May 03, 2018"
FIRSTENERGY CORPORATION,Electric,Fixed Income,"4,544,501.90",0.09,"4,544,501.90","4,476,000.00",337932AK3,US337932AK39,-,100.83,United States,-,USD,3.02,1.78,1.0,"Mar 01, 2025",2.05,3.04,-,1.77,2.95,1.77,USD,"Feb 20, 2020","Feb 20, 2020"
FORD MOTOR CREDIT COMPANY LLC,Consumer Cyclical,Fixed Income,"4,525,553.35",0.09,"4,525,553.35","4,100,000.00",345397ZW6,US345397ZW60,BKPHQ30,108.45,United States,-,USD,4.01,2.58,1.0,"Aug 01, 2026",4.54,4.08,-,2.51,3.95,2.51,USD,"Aug 01, 2019","Aug 01, 2019"
FORD MOTOR CREDIT COMPANY LLC,Consumer Cyclical,Fixed Income,"4,510,262.27",0.09,"4,510,262.27","4,241,000.00",345397YT4,US345397YT41,BF00101,105.69,United States,-,USD,5.12,2.75,1.0,"Nov 02, 2027",3.81,5.2,-,2.71,5.0,2.71,USD,"Nov 02, 2017","Nov 02, 2017"
FIRSTENERGY CORPORATION,Electric,Fixed Income,"4,461,780.75",0.09,"4,461,780.75","4,509,000.00",337932AN7,US337932AN77,-,98.22,United States,-,USD,3.86,2.06,1.0,"Jan 15, 2026",1.6,3.86,-,2.06,3.86,2.06,USD,"Jun 08, 2020","Jun 08, 2020"
KRAFT HEINZ FOODS CO,Consumer Non-Cyclical,Fixed Income,"4,451,764.38",0.09,"4,451,764.38","3,235,000.00",42307TAG3,US42307TAG31,2920247,135.63,United States,-,USD,7.77,2.73,1.0,"Mar 15, 2032",6.75,7.75,-,2.73,7.75,2.73,USD,"Mar 15, 2003","Mar 21, 2003"
FORD MOTOR CREDIT COMPANY LLC,Consumer Cyclical,Fixed Income,"4,000,152.04",0.08,"4,000,152.04","3,796,000.00",345397YG2,US345397YG20,BDDXTB0,103.53,United States,-,USD,1.79,2.02,1.0,"Jan 09, 2024",3.81,1.91,-,1.87,1.76,1.87,USD,"Jan 09, 2017","Jan 09, 2017"
FORD MOTOR COMPANY,Consumer Cyclical,Fixed Income,"3,977,028.34",0.08,"3,977,028.34","3,253,000.00",345370BY5,US345370BY59,5546736,120.6,United States,-,USD,5.56,3.21,1.0,"Oct 01, 2028",6.63,5.51,-,3.21,5.51,3.21,USD,"Sep 30, 1998","Sep 30, 1998"
MECCANICA HOLDINGS USA INC 144A,Capital Goods,Fixed Income,"3,882,936.11",0.08,"3,882,936.11","3,261,000.00",583491AC9,US583491AC98,B520DN6,116.19,Italy,-,USD,11.1,4.89,1.0,"Jan 15, 2040",6.25,11.05,-,4.89,11.05,4.89,USD,"Oct 27, 2009","Oct 27, 2009"
FORD MOTOR CREDIT COMPANY LLC,Consumer Cyclical,Fixed Income,"3,867,666.37",0.08,"3,867,666.37","3,675,000.00",345397WW9,US345397WW97,BQRRZ11,104.06,United States,-,USD,2.55,2.1,1.0,"Sep 08, 2024",3.66,2.53,-,2.1,2.53,2.1,USD,"Sep 08, 2014","Sep 08, 2014"
PERRIGO COMPANY PLC,Consumer Non-Cyclical,Fixed Income,"3,773,082.06",0.08,"3,773,082.06","3,650,000.00",714294AD7,US714294AD71,BRHY9H3,102.86,United States,-,USD,1.6,2.43,1.0,"Nov 15, 2023",4.0,1.79,-,2.2,1.56,2.2,USD,"May 15, 2014","Oct 01, 2014"
APACHE CORPORATION,Energy,Fixed Income,"3,690,609.35",0.07,"3,690,609.35","2,872,000.00",037411AM7,US037411AM74,2307453,125.72,United States,-,USD,12.63,5.49,1.0,"Aug 15, 2047",7.38,12.62,-,5.49,12.62,5.49,USD,"Aug 13, 1997","Aug 13, 1997"
OCCIDENTAL PETROLEUM CORPORATION,Energy,Fixed Income,"3,687,051.97",0.07,"3,687,051.97","3,595,000.00",674599CG8,US674599CG82,BYQ2814,102.41,United States,-,USD,3.16,2.77,1.0,"Jun 15, 2025",3.5,3.24,-,2.71,3.01,2.71,USD,"Jun 23, 2015","Jun 23, 2015"
HCA INC,Consumer Non-Cyclical,Fixed Income,"3,515,860.69",0.07,"3,515,860.69","2,835,000.00",197677AJ6,US197677AJ62,2086592,123.37,United States,-,USD,4.99,2.74,1.0,"Dec 01, 2027",7.05,4.96,-,2.74,4.96,2.74,USD,"Dec 08, 1995","Dec 08, 1995"
EQT CORP,Energy,Fixed Income,"3,480,268.48",0.07,"3,480,268.48","3,419,000.00",26884LAE9,US26884LAE92,BZ2Z1K4,101.04,United States,-,USD,0.67,1.59,1.0,"Oct 01, 2022",3.0,0.74,-,1.42,0.66,1.42,USD,"Oct 04, 2017","Oct 04, 2017"
FORD MOTOR CREDIT COMPANY LLC,Consumer Cyclical,Fixed Income,"3,450,447.56",0.07,"3,450,447.56","3,200,000.00",345397ZJ5,US345397ZJ59,BG84447,107.5,United States,-,USD,3.08,2.4,1.0,"Jun 09, 2025",4.69,3.18,-,2.29,3.04,2.29,USD,"Aug 09, 2018","Aug 09, 2018"
OCCIDENTAL PETROLEUM CORPORATION,Energy,Fixed Income,"3,301,175.60",0.07,"3,301,175.60","2,490,000.00",674599DH5,US674599DH56,BK8VN72,132.22,United States,-,USD,10.51,5.13,1.0,"Jun 15, 2039",7.95,10.46,-,5.13,10.46,5.13,USD,"Jun 15, 2019","Sep 18, 2019"
FORD MOTOR COMPANY,Consumer Cyclical,Fixed Income,"3,288,315.83",0.07,"3,288,315.83","2,350,000.00",345370BR0,US345370BR09,B010WF7,138.69,United States,-,USD,13.14,4.73,1.0,"Nov 01, 2046",7.4,13.16,-,4.73,13.16,4.73,USD,"Nov 01, 1996","Nov 04, 1996"
TRANSOCEAN INC,Energy,Fixed Income,"3,213,732.32",0.06,"3,213,732.32","5,287,000.00",893830AZ2,US893830AZ29,B6Y7V27,60.37,United States,-,USD,6.63,15.99,1.0,"Dec 15, 2041",9.35,6.33,-,15.99,6.33,15.99,USD,"Dec 05, 2011","Dec 05, 2011"
OCCIDENTAL PETROLEUM CORP,Energy,Fixed Income,"3,103,183.62",0.06,"3,103,183.62","3,033,000.00",674599CE3,US674599CE35,B89F625,101.29,United States,-,USD,0.62,1.53,1.0,"Feb 15, 2023",2.7,1.09,-,0.61,0.61,0.61,USD,"Jun 22, 2012","Jun 22, 2012"
YUM! BRANDS INC.,Consumer Cyclical,Fixed Income,"2,775,158.98",0.06,"2,775,158.98","2,587,000.00",988498AP6,US988498AP63,-,106.12,United States,-,USD,6.03,3.89,1.0,"Jan 31, 2032",4.63,7.99,-,3.66,4.21,3.66,USD,"Apr 01, 2021","Apr 01, 2021"
MICHAEL KORS USA INC 144A,Consumer Cyclical,Fixed Income,"2,763,410.00",0.06,"2,763,410.00","2,600,000.00",59408TAA8,US59408TAA88,BD352L7,105.54,United States,-,USD,2.55,2.46,1.0,"Nov 01, 2024",4.5,2.65,-,2.34,2.5,2.34,USD,"Oct 20, 2017","Oct 20, 2017"
CF INDUSTRIES INC,Basic Industry,Fixed Income,"2,687,477.00",0.05,"2,687,477.00","2,600,000.00",12527GAC7,US12527GAC78,B9XZVB2,103.08,United States,-,USD,1.39,1.25,1.0,"Jun 01, 2023",3.45,1.38,-,1.25,1.38,1.25,USD,"May 23, 2013","May 23, 2013"
DELL INC,Technology,Fixed Income,"2,610,581.76",0.05,"2,610,581.76","2,266,000.00",24702RAM3,US24702RAM34,B3PXSG6,113.54,United States,-,USD,12.03,4.33,1.0,"Sep 10, 2040",5.4,12.0,-,4.33,12.0,4.33,USD,"Sep 10, 2010","Sep 10, 2010"
ALLEGHENY LUDLUM LLC,Basic Industry,Fixed Income,"2,601,165.19",0.05,"2,601,165.19","2,370,000.00",016900AC6,US016900AC60,2014195,109.39,United States,-,USD,3.52,4.34,1.0,"Dec 15, 2025",6.95,3.46,-,4.34,3.46,4.34,USD,"Dec 15, 1995","Dec 20, 1995"
RESORTS WORLD LAS VEGAS LLC 144A,Consumer Cyclical,Fixed Income,"2,537,930.36",0.05,"2,537,930.36","2,500,000.00",76120HAA5,US76120HAA59,BJJHXD8,100.57,Malaysia,-,USD,6.08,4.53,1.0,"Apr 16, 2029",4.63,6.08,-,4.53,5.9,4.53,USD,"Apr 16, 2019","Apr 16, 2019"
US AIRWAYS 2012-2 CLASS A PASS THR,Transportation,Fixed Income,"2,495,781.02",0.05,"2,495,781.02","2,511,106.00",90345WAD6,US90345WAD65,B92P6C9,99.03,United States,-,USD,2.74,4.99,1.0,"Jun 03, 2025",4.63,2.68,-,4.99,2.68,4.99,USD,"Dec 13, 2012","Dec 13, 2012"
DCP MIDSTREAM OPERATING LP,Energy,Fixed Income,"2,425,302.89",0.05,"2,425,302.89","2,089,000.00",23311VAJ6,US23311VAJ61,-,113.51,United States,-,USD,4.59,2.96,1.0,"Jul 15, 2027",5.63,4.71,-,2.86,4.52,2.86,USD,"Jun 24, 2020","Jun 24, 2020"
TENET HEALTHCARE CORPORATION 144A,Consumer Non-Cyclical,Fixed Income,"2,133,145.67",0.04,"2,133,145.67","1,990,000.00",88033GDJ6,US88033GDJ67,-,105.66,United States,-,USD,3.2,5.12,1.0,"Oct 01, 2028",6.13,5.45,-,4.42,1.63,4.42,USD,"Sep 16, 2020","Sep 16, 2020"
KRAFT HEINZ FOODS CO,Consumer Non-Cyclical,Fixed Income,"2,071,867.23",0.04,"2,071,867.23","1,635,000.00",423074AF0,US423074AF08,2874797,123.73,United States,-,USD,5.41,2.43,1.0,"Jul 15, 2028",6.38,5.38,-,2.43,5.38,2.43,USD,"Jul 15, 1998","Jul 15, 1998"
FIRSTENERGY CORPORATION,Electric,Fixed Income,"1,939,115.53",0.04,"1,939,115.53","1,900,000.00",337932AG2,US337932AG27,BDGGZV8,100.51,United States,-,USD,0.36,2.37,1.0,"Jul 15, 2022",3.35,0.52,-,1.92,0.36,1.92,USD,"Jun 21, 2017","Jun 21, 2017"
HCA INC,Consumer Non-Cyclical,Fixed Income,"1,893,471.86",0.04,"1,893,471.86","1,636,000.00",197677AC1,US197677AC10,B02LW93,113.97,United States,-,USD,2.1,2.08,1.0,"Apr 15, 2024",8.36,2.09,-,2.08,2.09,2.08,USD,"Apr 15, 1994","Apr 27, 1994"
DCP MIDSTREAM OPERATING LP,Energy,Fixed Income,"1,825,431.53",0.04,"1,825,431.53","1,608,000.00",23311VAH0,US23311VAH06,BK77J84,112.87,United States,-,USD,6.08,3.15,1.0,"May 15, 2029",5.13,6.18,-,3.1,6.0,3.1,USD,"May 10, 2019","May 10, 2019"
BOMBARDIER INC 144A,Capital Goods,Fixed Income,"1,687,032.00",0.03,"1,687,032.00","1,600,000.00",097751BT7,US097751BT78,BHL3S24,103.78,Canada,-,USD,2.12,7.0,1.0,"Apr 15, 2027",7.88,4.23,-,6.08,2.05,6.08,USD,"Mar 07, 2019","Mar 07, 2019"
FORD MOTOR COMPANY,Consumer Cyclical,Fixed Income,"1,662,739.07",0.03,"1,662,739.07","1,387,000.00",345370BZ2,US345370BZ25,5619865,117.22,United States,-,USD,5.75,3.6,1.0,"Feb 01, 2029",6.38,5.69,-,3.6,5.69,3.6,USD,"Feb 09, 1999","Feb 09, 1999"
SYMANTEC CORP,Technology,Fixed Income,"1,614,888.89",0.03,"1,614,888.89","1,600,000.00",871503AK4,US871503AK44,B83W5X6,100.76,United States,-,USD,0.2,2.27,1.0,"Jun 15, 2022",3.95,0.45,-,0.27,0.21,0.27,USD,"Jun 14, 2012","Jun 14, 2012"
AADVANTAGE LOYALTY IP LTD 144A,Transportation,Fixed Income,"1,565,783.31",0.03,"1,565,783.31","1,450,000.00",00253XAB7,US00253XAB73,BM8H783,106.87,United States,-,USD,5.94,4.66,1.0,"Apr 20, 2029",5.75,5.93,-,4.66,5.93,4.66,USD,"Mar 24, 2021","Mar 24, 2021"
HCA INC,Consumer Non-Cyclical,Fixed Income,"1,366,625.24",0.03,"1,366,625.24","1,193,000.00",404121AH8,US404121AH82,BYZLW87,112.76,United States,-,USD,3.77,2.46,1.0,"Sep 01, 2026",5.38,4.11,-,2.16,3.72,2.16,USD,"Aug 23, 2018","Aug 23, 2018"
MBIA INC,Insurance,Fixed Income,"1,302,989.79",0.03,"1,302,989.79","1,311,000.00",55262CAJ9,US55262CAJ99,B047ZK1,98.91,United States,-,USD,9.12,5.82,1.0,"Dec 01, 2034",5.7,8.99,-,5.82,8.99,5.82,USD,"Nov 24, 2004","Nov 24, 2004"
HCA INC,Consumer Non-Cyclical,Fixed Income,"1,282,240.80",0.03,"1,282,240.80","1,080,000.00",404121AJ4,US404121AJ49,BYZLW98,116.85,United States,-,USD,5.3,2.83,1.0,"Sep 01, 2028",5.63,5.57,-,2.64,5.22,2.64,USD,"Aug 23, 2018","Aug 23, 2018"
MIDLAND COGENERATION VENTURE LP 144A,Electric,Fixed Income,"933,371.66",0.02,"933,371.66","893,301.00",59748TAA7,US59748TAA79,B6Y9695,102.72,United States,-,USD,1.64,4.35,1.0,"Mar 15, 2025",6.0,1.62,-,4.35,1.62,4.35,USD,"Aug 24, 2011","Aug 24, 2011"
KRAFT HEINZ FOODS CO,Consumer Non-Cyclical,Fixed Income,"789,992.62",0.02,"789,992.62","725,000.00",50077LAV8,US50077LAV80,BKSYG27,108.03,United States,-,USD,6.98,2.66,1.0,"Apr 01, 2030",3.75,7.07,-,2.63,6.88,2.63,USD,"Oct 01, 2020","Jan 19, 2021"
CENTURYLINK INC,Communications,Fixed Income,"615,958.67",0.01,"615,958.67","600,000.00",156700AS5,US156700AS50,B7M5R33,100.95,United States,-,USD,0.2,1.14,1.0,"Mar 15, 2022",5.8,0.2,-,1.14,0.2,1.14,USD,"Mar 12, 2012","Mar 12, 2012"
BUCKEYE PARTNERS L.P.,Energy,Fixed Income,"530,376.76",0.01,"530,376.76","449,000.00",118230AC5,US118230AC57,2261656,115.57,United States,-,USD,8.22,4.97,1.0,"Aug 15, 2033",6.75,8.12,-,4.97,8.12,4.97,USD,"Aug 19, 2003","Dec 15, 2003"
UAL PASS THROUGH TRUST SERIES 2007,Transportation,Fixed Income,"469,139.02",0.01,"469,139.02","445,239.00",909287AA2,US909287AA20,B1Z5MS8,102.07,United States,-,USD,0.42,1.78,1.0,"Jul 02, 2022",6.64,0.41,-,1.78,0.41,1.78,USD,"Jun 26, 2007","Jun 26, 2007"
MATTEL INC 144A,Consumer Non-Cyclical,Fixed Income,"438,020.11",0.01,"438,020.11","418,000.00",577081BF8,US577081BF84,-,103.85,United States,-,USD,4.04,3.15,1.0,"Apr 01, 2029",3.75,6.28,-,2.78,3.03,2.78,USD,"Mar 19, 2021","Mar 19, 2021"
PANOCHE ENERGY CENTER LLC 144A,Electric,Fixed Income,"227,945.47",0.0,"227,945.47","227,766.00",698525AA0,US698525AA05,B2PCZP4,97.78,United States,-,USD,3.45,7.53,1.0,"Jul 31, 2029",6.88,3.36,-,7.53,3.36,7.53,USD,"Jan 29, 2008","Jan 29, 2008"
OVINTIV INC,Energy,Fixed Income,"136,162.36",0.0,"136,162.36","100,000.00",012873AH8,US012873AH83,2687519,133.77,United States,-,USD,6.58,3.58,1.0,"Sep 15, 2030",8.13,6.52,-,3.58,6.52,3.58,USD,"Sep 15, 2000","Sep 15, 2000"
DELTA AIR LINES INC,Transportation,Fixed Income,"101,180.36",0.0,"101,180.36","100,000.00",247361ZJ0,US247361ZJ00,BDH3QZ9,100.11,United States,-,USD,0.13,3.04,1.0,"Mar 15, 2022",3.63,0.2,-,2.61,0.12,2.61,USD,"Mar 14, 2017","Mar 14, 2017"
USD CASH,Cash and/or Derivatives,Cash,"-647,591.91",-0.01,"-647,591.91","-647,592.00",-,-,-,100.0,United States,-,USD,0.0,0.1,1.0,-,0.0,0.0,-,0.1,0.0,0.1,USD,-,"Jan 01, 1989"
