,,,,,,,,,,,,,,,,,,,,,,,,,,iShares GNMA Bond ETF
BLK CSH FND TREASURY SL AGENCY,Cash and/or Derivatives,Money Market,"94,974,000.07",20.5,"94,974,000.07","94,974,000.00",066922477,US0669224778,6922477,1.0,United States,-,USD,0.07,0.07,1.0,-,0.1,0.1,-,0.07,0.1,0.07,USD,-,"Feb 04, 2009"
GNMA2 30YR TBA(REG C),Agency Fixed Rate,Fixed Income,"64,338,555.45",13.88,"64,338,555.45","63,664,000.00",21H020618,US21H0206183,-,100.95,United States,-,USD,5.86,1.83,1.0,"Jan 20, 2022",2.0,6.01,-,1.83,6.01,1.83,USD,"Jan 01, 2022","Jan 01, 2022"
GNMA2 30YR,Agency Fixed Rate,Fixed Income,"43,115,147.60",9.3,"43,115,147.60","42,600,000.00",36179WTX6,US36179WTX64,-,101.04,United States,-,USD,5.74,1.81,1.0,"Dec 20, 2051",2.0,5.87,-,1.81,5.87,1.81,USD,"Dec 01, 2021","Dec 01, 2021"
GNMA2 30YR,Agency Fixed Rate,Fixed Income,"30,110,993.53",6.5,"30,110,993.53","29,296,283.00",36179WLP1,US36179WLP13,-,102.57,United States,-,USD,4.61,1.96,1.0,"Aug 20, 2051",2.5,4.88,-,1.96,4.88,1.96,USD,"Aug 01, 2021","Aug 01, 2021"
GNMA2 30YR,Agency Fixed Rate,Fixed Income,"22,027,886.35",4.75,"22,027,886.35","21,431,880.00",36179WJR0,US36179WJR07,-,102.57,United States,-,USD,4.61,1.96,1.0,"Jul 20, 2051",2.5,4.88,-,1.96,4.88,1.96,USD,"Jul 01, 2021","Jul 01, 2021"
GNMA II 30YR SF - JUMBO-CONFORMING,Agency Fixed Rate,Fixed Income,"16,371,447.76",3.53,"16,371,447.76","15,707,387.00",36179VQT0,US36179VQT07,-,103.98,United States,-,USD,3.34,2.03,1.0,"Jul 20, 2050",3.0,4.19,-,2.03,4.19,2.03,USD,"Jul 01, 2020","Jul 01, 2020"
GNMA2 30YR TBA(REG C),Agency Fixed Rate,Fixed Income,"15,361,734.78",3.32,"15,361,734.78","14,971,000.00",21H022614,US21H0226140,-,102.48,United States,-,USD,4.51,1.97,1.0,"Jan 20, 2022",2.5,4.78,-,1.97,4.78,1.97,USD,"Jan 01, 2022","Jan 01, 2022"
GNMA2 30YR,Agency Fixed Rate,Fixed Income,"14,004,020.30",3.02,"14,004,020.30","13,639,023.00",3617NWEY4,US3617NWEY42,-,102.47,United States,-,USD,4.04,1.92,1.0,"Aug 20, 2050",2.5,4.37,-,1.92,4.37,1.92,USD,"Aug 01, 2020","Aug 01, 2020"
GNMA II 30YR SF - JUMBO-CONFORMING,Agency Fixed Rate,Fixed Income,"13,639,632.33",2.94,"13,639,632.33","13,032,803.00",36179VKM1,US36179VKM18,-,104.36,United States,-,USD,3.39,2.25,1.0,"Apr 20, 2050",3.5,3.61,-,2.25,3.61,2.25,USD,"Apr 01, 2020","Apr 01, 2020"
GNMA II 30YR SF - JUMBO-CONFORMING,Agency Fixed Rate,Fixed Income,"12,919,350.97",2.79,"12,919,350.97","12,395,314.00",36179VKL3,US36179VKL35,-,103.98,United States,-,USD,3.34,2.03,1.0,"Apr 20, 2050",3.0,4.19,-,2.03,4.19,2.03,USD,"Apr 01, 2020","Apr 01, 2020"
GNMA2 30YR,Agency Fixed Rate,Fixed Income,"11,456,154.10",2.47,"11,456,154.10","11,021,754.00",36179WQB7,US36179WQB71,-,103.69,United States,-,USD,3.84,2.11,1.0,"Oct 20, 2051",3.0,4.25,-,2.11,4.25,2.11,USD,"Oct 01, 2021","Oct 01, 2021"
GNMA2 30YR,Agency Fixed Rate,Fixed Income,"9,818,071.55",2.12,"9,818,071.55","9,195,781.00",36179UGC0,US36179UGC09,-,106.43,United States,-,USD,3.06,2.3,1.0,"Nov 20, 2048",4.0,3.88,-,2.3,3.88,2.3,USD,"Nov 01, 2018","Nov 01, 2018"
GNMA 30YR,Agency Fixed Rate,Fixed Income,"9,711,495.38",2.1,"9,711,495.38","9,224,868.00",36179TJX4,US36179TJX46,-,104.98,United States,-,USD,3.39,2.2,1.0,"Oct 20, 2047",3.5,3.93,-,2.2,3.93,2.2,USD,"Oct 01, 2017","Oct 01, 2017"
GNMA2 30YR,Agency Fixed Rate,Fixed Income,"8,929,023.65",1.93,"8,929,023.65","8,531,770.00",36179VME7,US36179VME73,-,104.36,United States,-,USD,3.39,2.25,1.0,"May 20, 2050",3.5,3.61,-,2.25,3.61,2.25,USD,"May 01, 2020","May 01, 2020"
GNMA2 30YR,Agency Fixed Rate,Fixed Income,"7,284,040.68",1.57,"7,284,040.68","7,086,957.00",36179WFG8,US36179WFG87,-,102.57,United States,-,USD,4.61,1.96,1.0,"May 20, 2051",2.5,4.88,-,1.96,4.88,1.96,USD,"May 01, 2021","May 01, 2021"
GNMA2 30YR,Agency Fixed Rate,Fixed Income,"7,172,846.29",1.55,"7,172,846.29","6,978,771.00",36179WR26,US36179WR263,-,102.57,United States,-,USD,4.61,1.96,1.0,"Nov 20, 2051",2.5,4.88,-,1.96,4.88,1.96,USD,"Nov 01, 2021","Nov 01, 2021"
GNMA2 30YR TBA(REG C),Agency Fixed Rate,Fixed Income,"6,312,113.81",1.36,"6,312,113.81","5,894,000.00",21H050615,US21H0506152,-,106.83,United States,-,USD,2.16,2.39,1.0,"Jan 20, 2022",5.0,2.73,-,2.39,2.73,2.39,USD,"Jan 01, 2022","Jan 01, 2022"
GNMA2 30YR,Agency Fixed Rate,Fixed Income,"5,081,782.05",1.1,"5,081,782.05","4,944,285.00",36179V7E4,US36179V7E46,-,102.57,United States,-,USD,4.61,1.96,1.0,"Feb 20, 2051",2.5,4.88,-,1.96,4.88,1.96,USD,"Feb 01, 2021","Feb 01, 2021"
GNMA2 30YR,Agency Fixed Rate,Fixed Income,"4,924,764.67",1.06,"4,924,764.67","4,634,780.00",36179UCC4,US36179UCC45,-,105.88,United States,-,USD,2.79,2.74,1.0,"Sep 20, 2048",4.5,3.45,-,2.74,3.45,2.74,USD,"Sep 01, 2018","Sep 01, 2018"
GNMA2 30YR,Agency Fixed Rate,Fixed Income,"4,920,808.80",1.06,"4,920,808.80","4,696,069.00",36179SJS7,US36179SJS77,-,104.54,United States,-,USD,3.34,1.96,1.0,"Aug 20, 2046",3.0,4.44,-,1.96,4.44,1.96,USD,"Aug 01, 2016","Aug 01, 2016"
GNMA2 30YR,Agency Fixed Rate,Fixed Income,"4,666,179.38",1.01,"4,666,179.38","4,408,679.00",36179SGL5,US36179SGL51,-,105.55,United States,-,USD,3.39,2.13,1.0,"Jul 20, 2046",3.5,4.15,-,2.13,4.15,2.13,USD,"Jul 01, 2016","Jul 01, 2016"
GNMA2 30YR,Agency Fixed Rate,Fixed Income,"4,415,428.89",0.95,"4,415,428.89","4,295,961.00",36179V4V9,US36179V4V97,-,102.57,United States,-,USD,4.61,1.96,1.0,"Jan 20, 2051",2.5,4.88,-,1.96,4.88,1.96,USD,"Jan 01, 2021","Jan 01, 2021"
GNMA2 30YR,Agency Fixed Rate,Fixed Income,"4,215,337.67",0.91,"4,215,337.67","4,052,664.00",36179VDN7,US36179VDN73,-,103.76,United States,-,USD,3.72,2.0,1.0,"Jan 20, 2050",3.0,3.87,-,2.0,3.87,2.0,USD,"Jan 01, 2020","Jan 01, 2020"
GNMA2 30YR,Agency Fixed Rate,Fixed Income,"4,101,685.74",0.89,"4,101,685.74","3,919,201.00",36179VDP2,US36179VDP22,-,104.36,United States,-,USD,3.39,2.25,1.0,"Jan 20, 2050",3.5,3.61,-,2.25,3.61,2.25,USD,"Jan 01, 2020","Jan 01, 2020"
GNMA2 30YR TBA(REG C),Agency Fixed Rate,Fixed Income,"4,031,428.14",0.87,"4,031,428.14","3,889,000.00",21H030617,US21H0306173,-,103.5,United States,-,USD,3.34,2.06,1.0,"Jan 20, 2022",3.0,3.86,-,2.06,3.86,2.06,USD,"Jan 01, 2022","Jan 01, 2022"
GNMA2 30YR,Agency Fixed Rate,Fixed Income,"4,001,322.97",0.86,"4,001,322.97","3,766,633.00",36179RNW5,US36179RNW50,-,105.94,United States,-,USD,3.39,2.09,1.0,"Sep 20, 2045",3.5,4.29,-,2.09,4.29,2.09,USD,"Sep 01, 2015","Sep 01, 2015"
GNMA2 30YR,Agency Fixed Rate,Fixed Income,"3,964,140.03",0.86,"3,964,140.03","3,915,928.00",36179VTV2,US36179VTV26,-,101.06,United States,-,USD,5.66,1.8,1.0,"Sep 20, 2050",2.0,5.69,-,1.8,5.69,1.8,USD,"Sep 01, 2020","Sep 01, 2020"
GNMA2 30YR,Agency Fixed Rate,Fixed Income,"3,784,794.27",0.82,"3,784,794.27","3,621,443.00",36179VSJ0,US36179VSJ07,-,104.22,United States,-,USD,3.52,2.34,1.0,"Aug 20, 2050",3.5,3.73,-,2.34,3.73,2.34,USD,"Aug 01, 2020","Aug 01, 2020"
GNMA2 30YR PLATINUM,Agency Fixed Rate,Fixed Income,"3,593,481.25",0.78,"3,593,481.25","3,339,162.00",3622A2B92,US3622A2B922,-,107.32,United States,-,USD,3.39,1.98,1.0,"Jun 20, 2042",3.5,4.85,-,1.98,4.85,1.98,USD,"Sep 01, 2012","Sep 01, 2012"
GNMA2 30YR,Agency Fixed Rate,Fixed Income,"3,506,313.38",0.76,"3,506,313.38","3,350,317.00",36179VHT0,US36179VHT08,-,104.36,United States,-,USD,3.39,2.25,1.0,"Mar 20, 2050",3.5,3.61,-,2.25,3.61,2.25,USD,"Mar 01, 2020","Mar 01, 2020"
GNMA2 30YR,Agency Fixed Rate,Fixed Income,"3,445,576.49",0.74,"3,445,576.49","3,194,152.00",36179TCZ6,US36179TCZ66,-,107.5,United States,-,USD,2.79,2.43,1.0,"Jul 20, 2047",4.5,3.71,-,2.43,3.71,2.43,USD,"Jul 01, 2017","Jul 01, 2017"
GNMA 30YR PLATINUM,Agency Fixed Rate,Fixed Income,"3,363,172.31",0.73,"3,363,172.31","3,154,273.00",3622A22D3,US3622A22D35,-,106.29,United States,-,USD,3.06,2.08,1.0,"Aug 15, 2045",4.0,3.34,-,2.08,3.34,2.08,USD,"Sep 01, 2017","Sep 01, 2017"
GNMA2 SINGLE FAMILY 30YR,Agency Fixed Rate,Fixed Income,"3,266,683.18",0.7,"3,266,683.18","3,117,489.00",36179SLR6,US36179SLR66,BFX17F8,104.54,United States,-,USD,3.34,1.96,1.0,"Sep 20, 2046",3.0,4.44,-,1.96,4.44,1.96,USD,"Sep 01, 2016","Sep 01, 2016"
GNMA2 30YR,Agency Fixed Rate,Fixed Income,"2,703,397.98",0.58,"2,703,397.98","2,586,720.00",36179WFJ2,US36179WFJ27,-,104.22,United States,-,USD,3.52,2.34,1.0,"May 20, 2051",3.5,3.73,-,2.34,3.73,2.34,USD,"May 01, 2021","May 01, 2021"
GNMA2 30YR PLATINUM,Agency Fixed Rate,Fixed Income,"2,637,541.17",0.57,"2,637,541.17","2,523,185.00",3622AAP40,US3622AAP407,-,104.28,United States,-,USD,3.34,2.0,1.0,"Apr 20, 2049",3.0,4.37,-,2.0,4.37,2.0,USD,"Jun 01, 2020","Jun 01, 2020"
GNMA2 30YR,Agency Fixed Rate,Fixed Income,"2,554,732.15",0.55,"2,554,732.15","2,392,808.00",36179UCB6,US36179UCB61,-,106.43,United States,-,USD,3.06,2.3,1.0,"Sep 20, 2048",4.0,3.88,-,2.3,3.88,2.3,USD,"Sep 01, 2018","Sep 01, 2018"
GNMA2 30YR,Agency Fixed Rate,Fixed Income,"2,536,934.94",0.55,"2,536,934.94","2,421,070.00",36179R4D8,US36179R4D89,-,104.54,United States,-,USD,3.34,1.96,1.0,"Mar 20, 2046",3.0,4.44,-,1.96,4.44,1.96,USD,"Mar 01, 2016","Mar 01, 2016"
GNMA2 30YR,Agency Fixed Rate,Fixed Income,"2,504,598.92",0.54,"2,504,598.92","2,381,603.00",36179RS83,US36179RS832,-,104.91,United States,-,USD,3.34,1.9,1.0,"Nov 20, 2045",3.0,4.53,-,1.9,4.53,1.9,USD,"Nov 01, 2015","Nov 01, 2015"
GNMA2 30YR,Agency Fixed Rate,Fixed Income,"2,413,898.91",0.52,"2,413,898.91","2,260,901.00",36179TAL9,US36179TAL98,BF5Q3Z3,106.43,United States,-,USD,3.06,2.3,1.0,"Jun 20, 2047",4.0,3.88,-,2.3,3.88,2.3,USD,"Jun 01, 2017","Jun 01, 2017"
GNMA2 30YR,Agency Fixed Rate,Fixed Income,"2,337,890.82",0.5,"2,337,890.82","2,276,840.00",3617QG3N2,US3617QG3N23,-,102.47,United States,-,USD,3.97,1.9,1.0,"Sep 20, 2050",2.5,4.23,-,1.9,4.23,1.9,USD,"Sep 01, 2020","Sep 01, 2020"
GNMA2 30YR,Agency Fixed Rate,Fixed Income,"2,333,577.30",0.5,"2,333,577.30","2,305,695.00",36179WP93,US36179WP937,-,101.04,United States,-,USD,5.74,1.81,1.0,"Oct 20, 2051",2.0,5.87,-,1.81,5.87,1.81,USD,"Oct 01, 2021","Oct 01, 2021"
GNMA 30YR PLATINUM,Agency Fixed Rate,Fixed Income,"2,191,658.35",0.47,"2,191,658.35","2,087,758.00",3622AADT8,US3622AADT85,-,104.73,United States,-,USD,3.34,1.79,1.0,"Jan 15, 2044",3.0,3.95,-,1.79,3.95,1.79,USD,"Apr 01, 2019","Apr 01, 2019"
GNMA2 30YR,Agency Fixed Rate,Fixed Income,"2,125,739.28",0.46,"2,125,739.28","2,028,654.00",36179SB71,US36179SB711,-,104.54,United States,-,USD,3.34,1.96,1.0,"May 20, 2046",3.0,4.44,-,1.96,4.44,1.96,USD,"May 01, 2016","May 01, 2016"
GNMA2 30YR,Agency Fixed Rate,Fixed Income,"2,041,500.41",0.44,"2,041,500.41","1,849,288.00",3617G9E64,US3617G9E641,-,110.06,United States,-,USD,3.06,2.17,1.0,"May 20, 2048",4.0,5.5,-,2.17,5.5,2.17,USD,"May 01, 2018","May 01, 2018"
GNMA2 30YR,Agency Fixed Rate,Fixed Income,"1,869,546.46",0.4,"1,869,546.46","1,776,629.00",36179TSG1,US36179TSG12,-,104.94,United States,-,USD,3.39,2.23,1.0,"Feb 20, 2048",3.5,4.0,-,2.23,4.0,2.23,USD,"Feb 01, 2018","Feb 01, 2018"
GNMA2 30YR,Agency Fixed Rate,Fixed Income,"1,801,061.77",0.39,"1,801,061.77","1,686,907.00",36179UD90,US36179UD903,-,106.43,United States,-,USD,3.06,2.3,1.0,"Oct 20, 2048",4.0,3.88,-,2.3,3.88,2.3,USD,"Oct 01, 2018","Oct 01, 2018"
GNMA2 30YR,Agency Fixed Rate,Fixed Income,"1,762,125.20",0.38,"1,762,125.20","1,690,650.00",36179VFP0,US36179VFP04,-,103.98,United States,-,USD,3.34,2.03,1.0,"Feb 20, 2050",3.0,4.19,-,2.03,4.19,2.03,USD,"Feb 01, 2020","Feb 01, 2020"
GNMA2 15YR,Agency Fixed Rate,Fixed Income,"1,761,046.59",0.38,"1,761,046.59","1,695,390.00",36179VM80,US36179VM803,-,103.66,United States,-,USD,2.25,1.18,1.0,"Jul 20, 2035",2.5,2.85,-,1.18,2.85,1.18,USD,"Jun 01, 2020","Jun 01, 2020"
GNMA2 30YR,Agency Fixed Rate,Fixed Income,"1,730,611.28",0.37,"1,730,611.28","1,660,414.00",36179VSH4,US36179VSH41,-,103.98,United States,-,USD,3.34,2.03,1.0,"Aug 20, 2050",3.0,4.19,-,2.03,4.19,2.03,USD,"Aug 01, 2020","Aug 01, 2020"
GNMA2 30YR,Agency Fixed Rate,Fixed Income,"1,677,329.57",0.36,"1,677,329.57","1,600,724.00",36179R7H6,US36179R7H66,-,104.54,United States,-,USD,3.34,1.96,1.0,"Apr 20, 2046",3.0,4.44,-,1.96,4.44,1.96,USD,"Apr 01, 2016","Apr 01, 2016"
GNMA2 30YR,Agency Fixed Rate,Fixed Income,"1,653,035.19",0.36,"1,653,035.19","1,589,243.00",36179U6U1,US36179U6U15,-,103.76,United States,-,USD,3.72,2.0,1.0,"Nov 20, 2049",3.0,3.87,-,2.0,3.87,2.0,USD,"Nov 01, 2019","Nov 01, 2019"
GNMA2 30YR,Agency Fixed Rate,Fixed Income,"1,640,205.65",0.35,"1,640,205.65","1,588,310.00",36179SSN8,US36179SSN89,-,103.06,United States,-,USD,4.51,1.83,1.0,"Dec 20, 2046",2.5,4.7,-,1.83,4.7,1.83,USD,"Dec 01, 2016","Dec 01, 2016"
GNMA2 30YR TBA(REG C),Agency Fixed Rate,Fixed Income,"1,589,932.50",0.34,"1,589,932.50","1,500,000.00",21H042612,US21H0426120,-,105.76,United States,-,USD,2.79,2.62,1.0,"Jan 20, 2022",4.5,3.16,-,2.62,3.16,2.62,USD,"Jan 01, 2022","Jan 01, 2022"
GNMA2 30YR,Agency Fixed Rate,Fixed Income,"1,567,486.99",0.34,"1,567,486.99","1,474,882.00",36179TXV2,US36179TXV24,-,105.95,United States,-,USD,3.06,2.33,1.0,"May 20, 2048",4.0,3.66,-,2.33,3.66,2.33,USD,"May 01, 2018","May 01, 2018"
GNMA2 30YR,Agency Fixed Rate,Fixed Income,"1,549,355.96",0.33,"1,549,355.96","1,508,975.00",3617NWHH8,US3617NWHH81,-,102.47,United States,-,USD,4.04,1.92,1.0,"Aug 20, 2050",2.5,4.41,-,1.92,4.41,1.92,USD,"Sep 01, 2020","Sep 01, 2020"
GNMA2 30YR,Agency Fixed Rate,Fixed Income,"1,461,457.06",0.32,"1,461,457.06","1,423,393.00",3617NWHS4,US3617NWHS47,-,102.47,United States,-,USD,4.08,1.92,1.0,"Sep 20, 2050",2.5,4.42,-,1.92,4.42,1.92,USD,"Sep 01, 2020","Sep 01, 2020"
GNMA2 30YR,Agency Fixed Rate,Fixed Income,"1,448,886.76",0.31,"1,448,886.76","1,333,364.00",36179Q6Q9,US36179Q6Q92,-,108.33,United States,-,USD,3.06,2.16,1.0,"Mar 20, 2045",4.0,4.56,-,2.16,4.56,2.16,USD,"Mar 01, 2015","Mar 01, 2015"
GNMA2 30YR TBA(REG C),Agency Fixed Rate,Fixed Income,"1,438,560.12",0.31,"1,438,560.12","1,475,000.00",21H012615,US21H0126159,-,97.53,United States,-,USD,0.0,0.0,1.0,"Jan 20, 2022",1.5,0.0,-,0.0,0.0,0.0,USD,"Jan 01, 2022","Jan 01, 2022"
GNMA2 30YR,Agency Fixed Rate,Fixed Income,"1,420,941.60",0.31,"1,420,941.60","1,330,879.00",36179TUB9,US36179TUB96,-,106.43,United States,-,USD,3.06,2.3,1.0,"Mar 20, 2048",4.0,3.88,-,2.3,3.88,2.3,USD,"Mar 01, 2018","Mar 01, 2018"
GNMA2 30YR,Agency Fixed Rate,Fixed Income,"1,354,392.23",0.29,"1,354,392.23","1,286,526.00",36179TG41,US36179TG411,-,104.98,United States,-,USD,3.39,2.2,1.0,"Sep 20, 2047",3.5,3.93,-,2.2,3.93,2.2,USD,"Sep 01, 2017","Sep 01, 2017"
GNMA2 30YR,Agency Fixed Rate,Fixed Income,"1,348,796.76",0.29,"1,348,796.76","1,281,211.00",36179S2P1,US36179S2P10,-,104.98,United States,-,USD,3.39,2.2,1.0,"Apr 20, 2047",3.5,3.93,-,2.2,3.93,2.2,USD,"Apr 01, 2017","Apr 01, 2017"
GNMA2 30YR,Agency Fixed Rate,Fixed Income,"1,307,962.34",0.28,"1,307,962.34","1,242,422.00",36179TLS2,US36179TLS23,-,104.98,United States,-,USD,3.39,2.2,1.0,"Nov 20, 2047",3.5,3.93,-,2.2,3.93,2.2,USD,"Nov 01, 2017","Nov 01, 2017"
GNMA2 30YR,Agency Fixed Rate,Fixed Income,"1,297,699.89",0.28,"1,297,699.89","1,241,436.00",36179TCW3,US36179TCW36,-,104.28,United States,-,USD,3.34,2.0,1.0,"Jul 20, 2047",3.0,4.37,-,2.0,4.37,2.0,USD,"Jul 01, 2017","Jul 01, 2017"
GNMA2 30YR PLATINUM,Agency Fixed Rate,Fixed Income,"1,224,897.82",0.26,"1,224,897.82","1,164,746.00",3622A2RT1,US3622A2RT17,-,104.91,United States,-,USD,3.34,1.9,1.0,"Dec 20, 2045",3.0,4.53,-,1.9,4.53,1.9,USD,"Feb 01, 2016","Feb 01, 2016"
GNMA2 30YR,Agency Fixed Rate,Fixed Income,"1,202,150.17",0.26,"1,202,150.17","1,170,822.00",3617NX3P3,US3617NX3P31,-,102.47,United States,-,USD,3.96,1.91,1.0,"Aug 20, 2050",2.5,4.33,-,1.91,4.33,1.91,USD,"Aug 01, 2020","Aug 01, 2020"
GNMA2 30YR,Agency Fixed Rate,Fixed Income,"1,187,681.68",0.26,"1,187,681.68","1,115,733.00",36179VDR8,US36179VDR87,-,106.07,United States,-,USD,3.38,2.8,1.0,"Jan 20, 2050",4.5,3.67,-,2.8,3.67,2.8,USD,"Jan 01, 2020","Jan 01, 2020"
GNMA2 30YR,Agency Fixed Rate,Fixed Income,"1,184,806.50",0.26,"1,184,806.50","1,100,955.00",36179MSX9,US36179MSX91,-,107.32,United States,-,USD,3.39,1.98,1.0,"Nov 20, 2042",3.5,4.85,-,1.98,4.85,1.98,USD,"Nov 01, 2012","Nov 01, 2012"
GNMA2 30YR,Agency Fixed Rate,Fixed Income,"1,183,062.55",0.26,"1,183,062.55","1,152,185.00",3617QG2H6,US3617QG2H63,-,102.47,United States,-,USD,3.88,1.88,1.0,"Sep 20, 2050",2.5,4.16,-,1.88,4.16,1.88,USD,"Sep 01, 2020","Sep 01, 2020"
GNMA2 30YR,Agency Fixed Rate,Fixed Income,"1,175,328.49",0.25,"1,175,328.49","1,130,762.00",36179WR34,US36179WR347,-,103.69,United States,-,USD,3.84,2.11,1.0,"Nov 20, 2051",3.0,4.25,-,2.11,4.25,2.11,USD,"Nov 01, 2021","Nov 01, 2021"
GNMA2 30YR,Agency Fixed Rate,Fixed Income,"1,164,194.67",0.25,"1,164,194.67","1,095,644.00",36179UH54,US36179UH540,-,105.88,United States,-,USD,2.79,2.74,1.0,"Dec 20, 2048",4.5,3.45,-,2.74,3.45,2.74,USD,"Dec 01, 2018","Dec 01, 2018"
GNMA 30YR,Agency Fixed Rate,Fixed Income,"1,094,302.25",0.24,"1,094,302.25","1,048,101.00",3617BKN98,US3617BKN987,-,104.16,United States,-,USD,4.26,2.06,1.0,"Oct 15, 2049",3.0,4.47,-,2.06,4.47,2.06,USD,"Oct 01, 2019","Oct 01, 2019"
GNMA2 30YR,Agency Fixed Rate,Fixed Income,"1,005,600.80",0.22,"1,005,600.80","934,432.00",36179F6W0,US36179F6W06,-,107.32,United States,-,USD,3.39,1.98,1.0,"Feb 20, 2043",3.5,4.85,-,1.98,4.85,1.98,USD,"Feb 01, 2013","Feb 01, 2013"
GNMA2 30YR,Agency Fixed Rate,Fixed Income,"1,002,188.37",0.22,"1,002,188.37","990,000.00",36179VSF8,US36179VSF84,-,101.06,United States,-,USD,5.66,1.8,1.0,"Aug 20, 2050",2.0,5.69,-,1.8,5.69,1.8,USD,"Aug 01, 2020","Aug 01, 2020"
GNMA2 30YR,Agency Fixed Rate,Fixed Income,"1,001,138.77",0.22,"1,001,138.77","942,189.00",36179UKY7,US36179UKY72,-,105.88,United States,-,USD,2.79,2.74,1.0,"Jan 20, 2049",4.5,3.45,-,2.74,3.45,2.74,USD,"Jan 01, 2019","Jan 01, 2019"
GNMA2 30YR,Agency Fixed Rate,Fixed Income,"976,625.78",0.21,"976,625.78","917,463.00",36179UUL4,US36179UUL42,-,106.07,United States,-,USD,3.38,2.8,1.0,"Jun 20, 2049",4.5,3.67,-,2.8,3.67,2.8,USD,"Jun 01, 2019","Jun 01, 2019"
GNMA2 30YR,Agency Fixed Rate,Fixed Income,"956,750.39",0.21,"956,750.39","909,200.00",36179UGB2,US36179UGB26,-,104.94,United States,-,USD,3.39,2.23,1.0,"Nov 20, 2048",3.5,4.0,-,2.23,4.0,2.23,USD,"Nov 01, 2018","Nov 01, 2018"
GNMA2 30YR,Agency Fixed Rate,Fixed Income,"952,410.44",0.21,"952,410.44","866,830.00",3617HF4Q6,US3617HF4Q61,-,109.54,United States,-,USD,3.06,2.12,1.0,"Nov 20, 2048",4.0,5.11,-,2.12,5.11,2.12,USD,"Nov 01, 2018","Nov 01, 2018"
GNMA2 30YR,Agency Fixed Rate,Fixed Income,"879,443.90",0.19,"879,443.90","831,202.00",36179NM96,US36179NM966,-,105.55,United States,-,USD,3.34,1.78,1.0,"Sep 20, 2043",3.0,4.63,-,1.78,4.63,1.78,USD,"Sep 01, 2013","Sep 01, 2013"
GNMA2 30YR,Agency Fixed Rate,Fixed Income,"867,407.10",0.19,"867,407.10","829,970.00",36179VN48,US36179VN488,-,104.22,United States,-,USD,3.52,2.34,1.0,"Jun 20, 2050",3.5,3.73,-,2.34,3.73,2.34,USD,"Jun 01, 2020","Jun 01, 2020"
GNMA2 30YR,Agency Fixed Rate,Fixed Income,"804,991.28",0.17,"804,991.28","743,551.00",36179RNX3,US36179RNX34,-,107.93,United States,-,USD,3.06,2.13,1.0,"Sep 20, 2045",4.0,4.3,-,2.13,4.3,2.13,USD,"Sep 01, 2015","Sep 01, 2015"
GNMA2 30YR,Agency Fixed Rate,Fixed Income,"790,793.70",0.17,"790,793.70","747,154.00",36179SEH6,US36179SEH67,2DQRKH1,105.55,United States,-,USD,3.39,2.13,1.0,"Jun 20, 2046",3.5,4.15,-,2.13,4.15,2.13,USD,"Jun 01, 2016","Jun 01, 2016"
GNMA 30YR,Agency Fixed Rate,Fixed Income,"773,186.08",0.17,"773,186.08","740,655.00",3617M5KT8,US3617M5KT81,-,104.14,United States,-,USD,3.67,1.95,1.0,"Feb 15, 2050",3.0,4.0,-,1.95,4.0,1.95,USD,"Feb 01, 2020","Feb 01, 2020"
GNMA2 30YR TBA(REG C),Agency Fixed Rate,Fixed Income,"770,092.41",0.17,"770,092.41","730,000.00",21H040616,US21H0406163,-,105.28,United States,-,USD,3.06,2.38,1.0,"Jan 20, 2022",4.0,3.37,-,2.38,3.37,2.38,USD,"Jan 01, 2022","Jan 01, 2022"
GNMA2 30YR,Agency Fixed Rate,Fixed Income,"769,101.62",0.17,"769,101.62","733,976.00",36179SGK7,US36179SGK78,-,104.54,United States,-,USD,3.34,1.96,1.0,"Jul 20, 2046",3.0,4.44,-,1.96,4.44,1.96,USD,"Jul 01, 2016","Jul 01, 2016"
GNMA2 30YR,Agency Fixed Rate,Fixed Income,"759,097.03",0.16,"759,097.03","721,819.00",36179RVA4,US36179RVA49,-,104.91,United States,-,USD,3.34,1.9,1.0,"Dec 20, 2045",3.0,4.53,-,1.9,4.53,1.9,USD,"Dec 01, 2015","Dec 01, 2015"
GNMA2 30YR,Agency Fixed Rate,Fixed Income,"754,944.64",0.16,"754,944.64","720,465.00",36179SEG8,US36179SEG84,-,104.54,United States,-,USD,3.34,1.96,1.0,"Jun 20, 2046",3.0,4.44,-,1.96,4.44,1.96,USD,"Jun 01, 2016","Jun 01, 2016"
GNMA2 30YR,Agency Fixed Rate,Fixed Income,"745,580.21",0.16,"745,580.21","705,188.00",36179VDQ0,US36179VDQ05,-,105.39,United States,-,USD,3.21,2.42,1.0,"Jan 20, 2050",4.0,3.52,-,2.42,3.52,2.42,USD,"Jan 01, 2020","Jan 01, 2020"
GNMA2 30YR TBA(REG C),Agency Fixed Rate,Fixed Income,"694,343.54",0.15,"694,343.54","625,000.00",21H052611,US21H0526119,-,110.8,United States,-,USD,3.01,2.51,1.0,"Jan 20, 2022",5.5,3.63,-,2.51,3.63,2.51,USD,"Jan 01, 2022","Jan 01, 2022"
GNMA2 30YR PLATINUM,Agency Fixed Rate,Fixed Income,"677,882.07",0.15,"677,882.07","608,868.00",3622A24E9,US3622A24E99,-,111.04,United States,-,USD,3.55,1.08,1.0,"Dec 20, 2047",3.5,4.61,-,1.08,4.61,1.08,USD,"Jan 01, 2018","Jan 01, 2018"
GNMA2 30YR PLATINUM,Agency Fixed Rate,Fixed Income,"658,141.98",0.14,"658,141.98","625,822.00",3622A2R87,US3622A2R878,-,104.91,United States,-,USD,3.34,1.9,1.0,"Jan 20, 2046",3.0,4.53,-,1.9,4.53,1.9,USD,"Feb 01, 2016","Feb 01, 2016"
GNMA2 30YR,Agency Fixed Rate,Fixed Income,"627,377.13",0.14,"627,377.13","600,176.00",36179SWW3,US36179SWW33,BGB6N76,104.28,United States,-,USD,3.34,2.0,1.0,"Feb 20, 2047",3.0,4.37,-,2.0,4.37,2.0,USD,"Feb 01, 2017","Feb 01, 2017"
GNMA2 30YR PLATINUM,Agency Fixed Rate,Fixed Income,"617,987.54",0.13,"617,987.54","589,763.00",3622A2SG8,US3622A2SG86,-,104.54,United States,-,USD,3.34,1.96,1.0,"Feb 20, 2046",3.0,4.44,-,1.96,4.44,1.96,USD,"Mar 01, 2016","Mar 01, 2016"
GNMA 30YR PLATINUM,Agency Fixed Rate,Fixed Income,"601,031.79",0.13,"601,031.79","538,211.00",3622A2ES7,US3622A2ES70,-,111.38,United States,-,USD,3.39,0.59,1.0,"Mar 15, 2043",3.5,3.97,-,0.59,3.97,0.59,USD,"Apr 01, 2013","Apr 01, 2013"
GNMA2 30YR PLATINUM,Agency Fixed Rate,Fixed Income,"587,269.45",0.13,"587,269.45","542,446.00",3622A2TM4,US3622A2TM46,-,107.93,United States,-,USD,3.06,2.13,1.0,"Aug 20, 2045",4.0,4.3,-,2.13,4.3,2.13,USD,"May 01, 2016","May 01, 2016"
GNMA 30YR PLATINUM,Agency Fixed Rate,Fixed Income,"576,383.09",0.12,"576,383.09","516,834.00",3622A25T5,US3622A25T59,-,111.23,United States,-,USD,3.47,0.92,1.0,"Dec 15, 2047",3.5,4.38,-,0.92,4.38,0.92,USD,"Apr 01, 2018","Apr 01, 2018"
GNMA2 30YR,Agency Fixed Rate,Fixed Income,"564,446.15",0.12,"564,446.15","538,667.00",36179SSP3,US36179SSP38,BFX80H2,104.54,United States,-,USD,3.34,1.96,1.0,"Dec 20, 2046",3.0,4.44,-,1.96,4.44,1.96,USD,"Dec 01, 2016","Dec 01, 2016"
GNMA2 30YR,Agency Fixed Rate,Fixed Income,"559,908.71",0.12,"559,908.71","538,301.00",36179UV74,US36179UV749,-,103.76,United States,-,USD,3.72,2.0,1.0,"Jul 20, 2049",3.0,3.87,-,2.0,3.87,2.0,USD,"Jul 01, 2019","Jul 01, 2019"
GNMA2 30YR,Agency Fixed Rate,Fixed Income,"538,206.05",0.12,"538,206.05","504,093.00",36179T4P7,US36179T4P73,BFXTST3,106.43,United States,-,USD,3.06,2.3,1.0,"Jul 20, 2048",4.0,3.88,-,2.3,3.88,2.3,USD,"Jul 01, 2018","Jul 01, 2018"
GNMA2 30YR,Agency Fixed Rate,Fixed Income,"511,888.84",0.11,"511,888.84","483,641.00",36179R4E6,US36179R4E62,BJ0CNM1,105.55,United States,-,USD,3.39,2.13,1.0,"Mar 20, 2046",3.5,4.15,-,2.13,4.15,2.13,USD,"Mar 01, 2016","Mar 01, 2016"
GNMA2 30YR,Agency Fixed Rate,Fixed Income,"505,448.84",0.11,"505,448.84","478,066.00",36179VTZ3,US36179VTZ30,-,105.39,United States,-,USD,3.21,2.42,1.0,"Sep 20, 2050",4.0,3.52,-,2.42,3.52,2.42,USD,"Sep 01, 2020","Sep 01, 2020"
GNMA2 30YR,Agency Fixed Rate,Fixed Income,"505,184.57",0.11,"505,184.57","473,165.00",36179TCY9,US36179TCY91,BF5Q6D2,106.43,United States,-,USD,3.06,2.3,1.0,"Jul 20, 2047",4.0,3.88,-,2.3,3.88,2.3,USD,"Jul 01, 2017","Jul 01, 2017"
GNMA2 30YR,Agency Fixed Rate,Fixed Income,"504,938.29",0.11,"504,938.29","469,587.00",36179TSJ5,US36179TSJ50,-,107.15,United States,-,USD,2.79,2.47,1.0,"Feb 20, 2048",4.5,3.62,-,2.47,3.62,2.47,USD,"Feb 01, 2018","Feb 01, 2018"
GNMA2 30YR,Agency Fixed Rate,Fixed Income,"501,627.92",0.11,"501,627.92","475,979.00",36179QL41,US36179QL417,-,105.14,United States,-,USD,3.34,1.82,1.0,"Aug 20, 2044",3.0,4.42,-,1.82,4.42,1.82,USD,"Aug 01, 2014","Aug 01, 2014"
GNMA2 30YR,Agency Fixed Rate,Fixed Income,"470,853.02",0.1,"470,853.02","425,009.00",36179SJV0,US36179SJV07,-,110.41,United States,-,USD,2.79,2.16,1.0,"Aug 20, 2046",4.5,4.48,-,2.16,4.48,2.16,USD,"Aug 01, 2016","Aug 01, 2016"
GNMA2 30YR PLATINUM,Agency Fixed Rate,Fixed Income,"437,879.17",0.09,"437,879.17","406,930.00",3622A26G2,US3622A26G20,-,107.31,United States,-,USD,4.73,2.13,1.0,"Aug 20, 2047",3.5,5.38,-,2.13,5.38,2.13,USD,"Apr 01, 2018","Apr 01, 2018"
GNMA2 30YR,Agency Fixed Rate,Fixed Income,"431,407.34",0.09,"431,407.34","409,790.00",36179TQP3,US36179TQP39,-,104.98,United States,-,USD,3.39,2.2,1.0,"Jan 20, 2048",3.5,3.93,-,2.2,3.93,2.2,USD,"Jan 01, 2018","Jan 01, 2018"
GNMA2 30YR,Agency Fixed Rate,Fixed Income,"424,291.97",0.09,"424,291.97","405,896.00",36179TJW6,US36179TJW62,-,104.28,United States,-,USD,3.34,2.0,1.0,"Oct 20, 2047",3.0,4.37,-,2.0,4.37,2.0,USD,"Oct 01, 2017","Oct 01, 2017"
GNMA2 30YR,Agency Fixed Rate,Fixed Income,"422,449.15",0.09,"422,449.15","399,276.00",36179MX39,US36179MX395,B97HV58,105.55,United States,-,USD,3.34,1.78,1.0,"Jan 20, 2043",3.0,4.63,-,1.78,4.63,1.78,USD,"Jan 01, 2013","Jan 01, 2013"
GNMA2 30YR PLATINUM,Agency Fixed Rate,Fixed Income,"415,945.38",0.09,"415,945.38","376,943.00",3622A23R1,US3622A23R12,-,110.06,United States,-,USD,3.63,1.27,1.0,"Oct 20, 2047",3.5,4.53,-,1.27,4.53,1.27,USD,"Dec 01, 2017","Dec 01, 2017"
GNMA2 30YR,Agency Fixed Rate,Fixed Income,"407,781.96",0.09,"407,781.96","378,670.00",36179SLT2,US36179SLT23,BYP9XN3,107.35,United States,-,USD,3.06,2.16,1.0,"Sep 20, 2046",4.0,4.07,-,2.16,4.07,2.16,USD,"Sep 01, 2016","Sep 01, 2016"
GNMA2 30YR,Agency Fixed Rate,Fixed Income,"386,018.02",0.08,"386,018.02","349,673.00",3617GN5F3,US3617GN5F36,-,110.06,United States,-,USD,3.06,2.17,1.0,"Apr 20, 2048",4.0,5.5,-,2.17,5.5,2.17,USD,"Apr 01, 2018","Apr 01, 2018"
GNMA2 30YR,Agency Fixed Rate,Fixed Income,"379,455.72",0.08,"379,455.72","347,962.00",36179TXX8,US36179TXX89,-,108.63,United States,-,USD,2.16,2.39,1.0,"May 20, 2048",5.0,3.4,-,2.39,3.4,2.39,USD,"May 01, 2018","May 01, 2018"
GNMA2 30YR,Agency Fixed Rate,Fixed Income,"364,837.95",0.08,"364,837.95","343,439.00",36179RBX6,US36179RBX61,BJ0CBC7,105.94,United States,-,USD,3.39,2.09,1.0,"Apr 20, 2045",3.5,4.29,-,2.09,4.29,2.09,USD,"Apr 01, 2015","Apr 01, 2015"
GNMA2 30YR,Agency Fixed Rate,Fixed Income,"364,172.39",0.08,"364,172.39","346,289.00",36179RD63,US36179RD636,-,104.91,United States,-,USD,3.34,1.9,1.0,"May 20, 2045",3.0,4.53,-,1.9,4.53,1.9,USD,"May 01, 2015","May 01, 2015"
GNMA2 30YR,Agency Fixed Rate,Fixed Income,"363,714.91",0.08,"363,714.91","334,715.00",36179QRZ6,US36179QRZ62,BYZBFR7,108.33,United States,-,USD,3.06,2.16,1.0,"Oct 20, 2044",4.0,4.56,-,2.16,4.56,2.16,USD,"Oct 01, 2014","Oct 01, 2014"
GNMA2 30YR,Agency Fixed Rate,Fixed Income,"356,997.49",0.08,"356,997.49","331,732.00",36179MQP8,US36179MQP85,-,107.32,United States,-,USD,3.39,1.98,1.0,"Oct 20, 2042",3.5,4.85,-,1.98,4.85,1.98,USD,"Oct 01, 2012","Oct 01, 2012"
GNMA2 30YR,Agency Fixed Rate,Fixed Income,"351,342.63",0.08,"351,342.63","333,737.00",36179SYS0,US36179SYS03,-,104.98,United States,-,USD,3.39,2.2,1.0,"Mar 20, 2047",3.5,3.93,-,2.2,3.93,2.2,USD,"Mar 01, 2017","Mar 01, 2017"
GNMA2 30YR,Agency Fixed Rate,Fixed Income,"321,610.77",0.07,"321,610.77","300,489.00",36179VT34,US36179VT345,-,106.61,United States,-,USD,2.16,3.14,1.0,"Sep 20, 2050",5.0,3.63,-,3.14,3.63,3.14,USD,"Sep 01, 2020","Sep 01, 2020"
GNMA2 30YR PLATINUM,Agency Fixed Rate,Fixed Income,"292,955.50",0.06,"292,955.50","274,807.00",3622AABZ6,US3622AABZ63,-,106.23,United States,-,USD,2.1,2.0,1.0,"Dec 20, 2048",4.5,2.59,-,2.0,2.59,2.0,USD,"Jan 01, 2019","Jan 01, 2019"
GNMA2 30YR,Agency Fixed Rate,Fixed Income,"292,485.95",0.06,"292,485.95","275,264.00",36179UXV9,US36179UXV96,-,105.88,United States,-,USD,2.79,2.74,1.0,"Aug 20, 2049",4.5,3.45,-,2.74,3.45,2.74,USD,"Aug 01, 2019","Aug 01, 2019"
GNMA 30YR PLATINUM,Agency Fixed Rate,Fixed Income,"291,763.79",0.06,"291,763.79","272,252.00",3622AAQ23,US3622AAQ231,-,106.83,United States,-,USD,3.06,1.84,1.0,"Sep 15, 2049",4.0,3.37,-,1.84,3.37,1.84,USD,"Jul 01, 2020","Jul 01, 2020"
GNMA2 30YR,Agency Fixed Rate,Fixed Income,"268,559.87",0.06,"268,559.87","256,074.00",36179SFT9,US36179SFT96,-,104.63,United States,-,USD,1.91,1.31,1.0,"Jul 20, 2031",3.0,2.79,-,1.31,2.79,1.31,USD,"Jul 01, 2016","Jul 01, 2016"
GNMA2 30YR,Agency Fixed Rate,Fixed Income,"266,217.32",0.06,"266,217.32","243,340.00",36178MB91,US36178MB914,-,109.07,United States,-,USD,3.06,2.11,1.0,"Sep 20, 2042",4.0,4.81,-,2.11,4.81,2.11,USD,"Oct 01, 2012","Oct 01, 2012"
GNMA2 30YR,Agency Fixed Rate,Fixed Income,"262,419.04",0.06,"262,419.04","236,869.00",36179RTB5,US36179RTB59,-,110.41,United States,-,USD,2.79,2.16,1.0,"Nov 20, 2045",4.5,4.48,-,2.16,4.48,2.16,USD,"Nov 01, 2015","Nov 01, 2015"
GNMA2 30YR PLATINUM,Agency Fixed Rate,Fixed Income,"258,839.43",0.06,"258,839.43","220,543.00",36241LLT1,US36241LLT16,-,116.91,United States,-,USD,3.01,1.58,1.0,"Jul 20, 2040",5.5,4.29,-,1.58,4.29,1.58,USD,"Jul 01, 2010","Jul 01, 2010"
GNMA2 30YR,Agency Fixed Rate,Fixed Income,"250,003.85",0.05,"250,003.85","232,774.00",36179UKZ4,US36179UKZ48,-,106.99,United States,-,USD,2.16,2.86,1.0,"Jan 20, 2049",5.0,3.37,-,2.86,3.37,2.86,USD,"Jan 01, 2019","Jan 01, 2019"
GNMA2 30YR,Agency Fixed Rate,Fixed Income,"239,924.85",0.05,"239,924.85","225,750.00",36179TV69,US36179TV691,-,105.95,United States,-,USD,3.06,2.33,1.0,"Apr 20, 2048",4.0,3.66,-,2.33,3.66,2.33,USD,"Apr 01, 2018","Apr 01, 2018"
GNMA2 30YR,Agency Fixed Rate,Fixed Income,"220,519.65",0.05,"220,519.65","207,535.00",36179U4E9,US36179U4E90,-,105.88,United States,-,USD,2.79,2.74,1.0,"Oct 20, 2049",4.5,3.45,-,2.74,3.45,2.74,USD,"Oct 01, 2019","Oct 01, 2019"
GNMA 30YR TBA(REG C),Agency Fixed Rate,Fixed Income,"219,164.58",0.05,"219,164.58","200,000.00",01N060619,US01N0606192,-,109.27,United States,-,USD,3.14,3.35,1.0,"Jan 20, 2022",6.0,3.47,-,3.35,3.47,3.35,USD,"Jan 01, 2022","Jan 01, 2022"
GNMA2 30YR,Agency Fixed Rate,Fixed Income,"203,504.59",0.04,"203,504.59","191,522.00",36179T4Q5,US36179T4Q56,BD5J4R7,105.88,United States,-,USD,2.79,2.74,1.0,"Jul 20, 2048",4.5,3.45,-,2.74,3.45,2.74,USD,"Jul 01, 2018","Jul 01, 2018"
GNMA 30YR PLATINUM,Agency Fixed Rate,Fixed Income,"203,322.00",0.04,"203,322.00","195,687.00",3622A27M8,US3622A27M88,-,103.65,United States,-,USD,4.18,2.21,1.0,"Feb 15, 2047",3.0,4.65,-,2.21,4.65,2.21,USD,"Jun 01, 2018","Jun 01, 2018"
GNMA2 15YR,Agency Fixed Rate,Fixed Income,"202,106.30",0.04,"202,106.30","192,562.00",36179SV46,US36179SV461,-,104.71,United States,-,USD,1.91,1.19,1.0,"Feb 20, 2032",3.0,2.66,-,1.19,2.66,1.19,USD,"Feb 01, 2017","Feb 01, 2017"
GNMA2 30YR,Agency Fixed Rate,Fixed Income,"197,429.23",0.04,"197,429.23","184,560.00",3617B5CZ5,US3617B5CZ52,-,106.68,United States,-,USD,3.39,2.16,1.0,"Aug 20, 2047",3.5,5.01,-,2.16,5.01,2.16,USD,"Aug 01, 2017","Aug 01, 2017"
GNMA2 30YR,Agency Fixed Rate,Fixed Income,"191,483.17",0.04,"191,483.17","180,916.00",36179SSQ1,US36179SSQ11,-,105.55,United States,-,USD,3.39,2.13,1.0,"Dec 20, 2046",3.5,4.15,-,2.13,4.15,2.13,USD,"Dec 01, 2016","Dec 01, 2016"
GNMA 30YR PLATINUM,Agency Fixed Rate,Fixed Income,"173,230.88",0.04,"173,230.88","165,933.00",3622A25U2,US3622A25U23,-,104.15,United States,-,USD,3.34,2.09,1.0,"Dec 15, 2046",3.0,4.58,-,2.09,4.58,2.09,USD,"Apr 01, 2018","Apr 01, 2018"
GNMA2 30YR,Agency Fixed Rate,Fixed Income,"171,445.48",0.04,"171,445.48","161,350.00",36179T7L3,US36179T7L33,-,105.88,United States,-,USD,2.79,2.74,1.0,"Aug 20, 2048",4.5,3.45,-,2.74,3.45,2.74,USD,"Aug 01, 2018","Aug 01, 2018"
GNMA2 SF 30YR,Agency Fixed Rate,Fixed Income,"170,099.93",0.04,"170,099.93","161,577.00",36179SWX1,US36179SWX16,-,104.98,United States,-,USD,3.39,2.2,1.0,"Feb 20, 2047",3.5,3.93,-,2.2,3.93,2.2,USD,"Feb 01, 2017","Feb 01, 2017"
GNMA2 30YR,Agency Fixed Rate,Fixed Income,"165,338.45",0.04,"165,338.45","155,603.00",36179UEA6,US36179UEA60,-,105.88,United States,-,USD,2.79,2.74,1.0,"Oct 20, 2048",4.5,3.45,-,2.74,3.45,2.74,USD,"Oct 01, 2018","Oct 01, 2018"
GNMA2 15YR,Agency Fixed Rate,Fixed Income,"163,427.51",0.04,"163,427.51","155,830.00",36179RWJ4,US36179RWJ49,-,104.63,United States,-,USD,1.91,1.31,1.0,"Jan 20, 2031",3.0,2.79,-,1.31,2.79,1.31,USD,"Jan 01, 2016","Jan 01, 2016"
GNMA2 30YR,Agency Fixed Rate,Fixed Income,"162,480.31",0.04,"162,480.31","150,881.00",36179SQX8,US36179SQX89,BYWMFB7,107.35,United States,-,USD,3.06,2.16,1.0,"Nov 20, 2046",4.0,4.07,-,2.16,4.07,2.16,USD,"Nov 01, 2016","Nov 01, 2016"
GNMA2 30YR,Agency Fixed Rate,Fixed Income,"160,438.06",0.03,"160,438.06","152,559.00",36179RQZ5,US36179RQZ54,-,104.91,United States,-,USD,3.34,1.9,1.0,"Oct 20, 2045",3.0,4.53,-,1.9,4.53,1.9,USD,"Oct 01, 2015","Oct 01, 2015"
GNMA 30YR TBA(REG C),Agency Fixed Rate,Fixed Income,"160,331.17",0.03,"160,331.17","143,200.00",01N050610,US01N0506103,-,111.7,United States,-,USD,3.25,2.08,1.0,"Jan 20, 2022",5.0,3.99,-,2.08,3.99,2.08,USD,"Jan 01, 2022","Jan 01, 2022"
GNMA2 30YR,Agency Fixed Rate,Fixed Income,"155,423.92",0.03,"155,423.92","150,506.00",36179SUT2,US36179SUT22,-,103.06,United States,-,USD,4.51,1.83,1.0,"Jan 20, 2047",2.5,4.7,-,1.83,4.7,1.83,USD,"Jan 01, 2017","Jan 01, 2017"
GNMA2 30YR,Agency Fixed Rate,Fixed Income,"152,275.12",0.03,"152,275.12","141,498.00",36179MNH9,US36179MNH96,-,107.32,United States,-,USD,3.39,1.98,1.0,"Sep 20, 2042",3.5,4.85,-,1.98,4.85,1.98,USD,"Sep 01, 2012","Sep 01, 2012"
GNMA 30YR,Agency Fixed Rate,Fixed Income,"148,809.10",0.03,"148,809.10","133,975.00",3622A2FW7,US3622A2FW73,-,110.78,United States,-,USD,3.39,0.61,1.0,"Jun 15, 2043",3.5,3.96,-,0.61,3.96,0.61,USD,"Jul 01, 2013","Jul 01, 2013"
GNMA2 30YR,Agency Fixed Rate,Fixed Income,"148,590.67",0.03,"148,590.67","139,173.00",36179TLT0,US36179TLT06,BKVK246,106.43,United States,-,USD,3.06,2.3,1.0,"Nov 20, 2047",4.0,3.88,-,2.3,3.88,2.3,USD,"Nov 01, 2017","Nov 01, 2017"
GNMA2 30YR,Agency Fixed Rate,Fixed Income,"147,773.56",0.03,"147,773.56","129,692.00",36179MG87,US36179MG879,BDZVYN9,113.53,United States,-,USD,2.16,1.85,1.0,"Jul 20, 2042",5.0,4.28,-,1.85,4.28,1.85,USD,"Jul 01, 2012","Jul 01, 2012"
GNMA2 15YR,Agency Fixed Rate,Fixed Income,"147,132.73",0.03,"147,132.73","139,200.00",36179TB53,US36179TB537,-,105.41,United States,-,USD,1.81,1.32,1.0,"Jul 20, 2032",3.5,2.54,-,1.32,2.54,1.32,USD,"Jul 01, 2017","Jul 01, 2017"
GNMA2 30YR,Agency Fixed Rate,Fixed Income,"144,222.37",0.03,"144,222.37","133,215.00",36179R4F3,US36179R4F38,BYP9XG6,107.93,United States,-,USD,3.06,2.13,1.0,"Mar 20, 2046",4.0,4.3,-,2.13,4.3,2.13,USD,"Mar 01, 2016","Mar 01, 2016"
GNMA2 30YR,Agency Fixed Rate,Fixed Income,"142,504.19",0.03,"142,504.19","133,215.00",36197EFP6,US36197EFP60,-,106.68,United States,-,USD,3.39,2.16,1.0,"Apr 20, 2047",3.5,5.01,-,2.16,5.01,2.16,USD,"Apr 01, 2017","Apr 01, 2017"
GNMA2 30YR,Agency Fixed Rate,Fixed Income,"126,462.97",0.03,"126,462.97","117,513.00",36179MVS6,US36179MVS69,-,107.32,United States,-,USD,3.39,1.98,1.0,"Dec 20, 2042",3.5,4.85,-,1.98,4.85,1.98,USD,"Dec 01, 2012","Dec 01, 2012"
GNMA2 15YR,Agency Fixed Rate,Fixed Income,"122,037.82",0.03,"122,037.82","117,262.00",36179RWH8,US36179RWH82,-,103.86,United States,-,USD,2.32,1.11,1.0,"Jan 20, 2031",2.5,2.84,-,1.11,2.84,1.11,USD,"Jan 01, 2016","Jan 01, 2016"
GNMA 30YR,Agency Fixed Rate,Fixed Income,"117,983.45",0.03,"117,983.45","106,192.00",36297FSM5,US36297FSM58,-,110.73,United States,-,USD,2.79,1.93,1.0,"Aug 15, 2039",4.5,4.16,-,1.93,4.16,1.93,USD,"Aug 01, 2009","Aug 01, 2009"
GNMA2 30YR,Agency Fixed Rate,Fixed Income,"99,918.15",0.02,"99,918.15","95,011.00",36179RJD2,US36179RJD26,BFX80D8,104.91,United States,-,USD,3.34,1.9,1.0,"Jul 20, 2045",3.0,4.53,-,1.9,4.53,1.9,USD,"Jul 01, 2015","Jul 01, 2015"
GNMA2 30YR,Agency Fixed Rate,Fixed Income,"99,535.86",0.02,"99,535.86","93,698.00",36179RVB2,US36179RVB22,-,105.94,United States,-,USD,3.39,2.09,1.0,"Dec 20, 2045",3.5,4.29,-,2.09,4.29,2.09,USD,"Dec 01, 2015","Dec 01, 2015"
GNMA2 30YR,Agency Fixed Rate,Fixed Income,"90,131.47",0.02,"90,131.47","83,920.00",36179UGE6,US36179UGE64,-,106.99,United States,-,USD,2.16,2.86,1.0,"Nov 20, 2048",5.0,3.37,-,2.86,3.37,2.86,USD,"Nov 01, 2018","Nov 01, 2018"
GNMA2 30YR,Agency Fixed Rate,Fixed Income,"85,830.91",0.02,"85,830.91","79,916.00",36179UH62,US36179UH623,BHZT981,106.99,United States,-,USD,2.16,2.86,1.0,"Dec 20, 2048",5.0,3.37,-,2.86,3.37,2.86,USD,"Dec 01, 2018","Dec 01, 2018"
GNMA2 30YR,Agency Fixed Rate,Fixed Income,"82,789.33",0.02,"82,789.33","74,409.00",36179SQY6,US36179SQY62,-,110.89,United States,-,USD,2.79,2.11,1.0,"Nov 20, 2046",4.5,4.58,-,2.11,4.58,2.11,USD,"Nov 01, 2016","Nov 01, 2016"
GNMA2 30YR,Agency Fixed Rate,Fixed Income,"80,723.31",0.02,"80,723.31","76,269.00",36179R7J2,US36179R7J23,BFX80C7,105.55,United States,-,USD,3.39,2.13,1.0,"Apr 20, 2046",3.5,4.15,-,2.13,4.15,2.13,USD,"Apr 01, 2016","Apr 01, 2016"
GNMA2 30YR,Agency Fixed Rate,Fixed Income,"80,103.88",0.02,"80,103.88","71,995.00",36179SNX1,US36179SNX17,-,110.89,United States,-,USD,2.79,2.11,1.0,"Oct 20, 2046",4.5,4.58,-,2.11,4.58,2.11,USD,"Oct 01, 2016","Oct 01, 2016"
GNMA2 30YR,Agency Fixed Rate,Fixed Income,"74,851.23",0.02,"74,851.23","71,606.00",36179TAJ4,US36179TAJ43,-,104.28,United States,-,USD,3.34,2.0,1.0,"Jun 20, 2047",3.0,4.37,-,2.0,4.37,2.0,USD,"Jun 01, 2017","Jun 01, 2017"
GNMA 30YR PLATINUM,Agency Fixed Rate,Fixed Income,"73,427.87",0.02,"73,427.87","69,947.00",3622A2N81,US3622A2N810,-,104.73,United States,-,USD,3.34,1.79,1.0,"Jul 15, 2043",3.0,3.95,-,1.79,3.95,1.79,USD,"Jul 01, 2015","Jul 01, 2015"
GNMA2 30YR,Agency Fixed Rate,Fixed Income,"71,533.89",0.02,"71,533.89","65,597.00",36179TV85,US36179TV857,-,108.63,United States,-,USD,2.16,2.39,1.0,"Apr 20, 2048",5.0,3.4,-,2.39,3.4,2.39,USD,"Apr 01, 2018","Apr 01, 2018"
GNMA2 30YR,Agency Fixed Rate,Fixed Income,"71,407.00",0.02,"71,407.00","64,787.00",36179SLU9,US36179SLU95,-,109.84,United States,-,USD,2.79,2.35,1.0,"Sep 20, 2046",4.5,4.58,-,2.35,4.58,2.35,USD,"Sep 01, 2016","Sep 01, 2016"
GNMA2 30YR PLATINUM,Agency Fixed Rate,Fixed Income,"71,163.41",0.02,"71,163.41","64,697.00",3622A26R8,US3622A26R84,-,109.7,United States,-,USD,4.48,1.72,1.0,"Apr 20, 2048",3.5,5.49,-,1.72,5.49,1.72,USD,"May 01, 2018","May 01, 2018"
GNMA2 30YR,Agency Fixed Rate,Fixed Income,"69,298.53",0.01,"69,298.53","65,474.00",36179SUV7,US36179SUV77,-,105.55,United States,-,USD,3.39,2.13,1.0,"Jan 20, 2047",3.5,4.15,-,2.13,4.15,2.13,USD,"Jan 01, 2017","Jan 01, 2017"
GNMA2 30YR,Agency Fixed Rate,Fixed Income,"60,025.12",0.01,"60,025.12","57,364.00",36179TSF3,US36179TSF39,-,104.39,United States,-,USD,3.34,1.94,1.0,"Feb 20, 2048",3.0,4.24,-,1.94,4.24,1.94,USD,"Feb 01, 2018","Feb 01, 2018"
GNMA2 30YR PLATINUM,Agency Fixed Rate,Fixed Income,"56,460.69",0.01,"56,460.69","53,882.00",3622A2SC7,US3622A2SC72,-,104.54,United States,-,USD,3.34,1.96,1.0,"Feb 20, 2046",3.0,4.44,-,1.96,4.44,1.96,USD,"Mar 01, 2016","Mar 01, 2016"
GNMA2 30YR,Agency Fixed Rate,Fixed Income,"56,334.06",0.01,"56,334.06","49,639.00",36179SGP6,US36179SGP65,-,113.07,United States,-,USD,2.16,2.17,1.0,"Jul 20, 2046",5.0,4.61,-,2.17,4.61,2.17,USD,"Jul 01, 2016","Jul 01, 2016"
GNMA 30YR,Agency Fixed Rate,Fixed Income,"55,724.78",0.01,"55,724.78","51,428.00",36198K6C0,US36198K6C00,-,108.02,United States,-,USD,3.07,1.63,1.0,"May 15, 2044",4.0,3.43,-,1.63,3.43,1.63,USD,"May 01, 2014","May 01, 2014"
GNMA2 15YR,Agency Fixed Rate,Fixed Income,"54,377.63",0.01,"54,377.63","51,290.00",36179RWK1,US36179RWK12,-,105.73,United States,-,USD,2.21,1.26,1.0,"Jan 20, 2031",3.5,2.61,-,1.26,2.61,1.26,USD,"Jan 01, 2016","Jan 01, 2016"
GNMA2 30YR,Agency Fixed Rate,Fixed Income,"50,238.94",0.01,"50,238.94","49,628.00",36179VQR4,US36179VQR41,-,101.06,United States,-,USD,5.66,1.8,1.0,"Jul 20, 2050",2.0,5.69,-,1.8,5.69,1.8,USD,"Jul 01, 2020","Jul 01, 2020"
GNMA 30YR,Agency Fixed Rate,Fixed Income,"50,010.03",0.01,"50,010.03","45,638.00",36176XFG9,US36176XFG97,-,109.25,United States,-,USD,3.07,1.3,1.0,"Mar 15, 2042",4.0,3.48,-,1.3,3.48,1.3,USD,"Mar 01, 2012","Mar 01, 2012"
GNMA2 30YR PLATINUM,Agency Fixed Rate,Fixed Income,"49,562.08",0.01,"49,562.08","44,861.00",3622A26Q0,US3622A26Q02,-,110.19,United States,-,USD,5.08,1.84,1.0,"Apr 20, 2048",3.5,6.1,-,1.84,6.1,1.84,USD,"May 01, 2018","May 01, 2018"
GNMA 30YR,Agency Fixed Rate,Fixed Income,"48,055.16",0.01,"48,055.16","44,350.00",36181CGT9,US36181CGT99,-,108.02,United States,-,USD,3.07,1.63,1.0,"Apr 15, 2044",4.0,3.43,-,1.63,3.43,1.63,USD,"Apr 01, 2014","Apr 01, 2014"
GNMA 30YR,Agency Fixed Rate,Fixed Income,"45,344.35",0.01,"45,344.35","40,814.00",3620A7ZP3,US3620A7ZP36,-,110.72,United States,-,USD,2.79,2.04,1.0,"Aug 15, 2040",4.5,4.35,-,2.04,4.35,2.04,USD,"Aug 01, 2010","Aug 01, 2010"
GNMA2 30YR,Agency Fixed Rate,Fixed Income,"43,196.70",0.01,"43,196.70","41,530.00",36179UZS4,US36179UZS40,-,103.76,United States,-,USD,3.72,2.0,1.0,"Sep 20, 2049",3.0,3.87,-,2.0,3.87,2.0,USD,"Sep 01, 2019","Sep 01, 2019"
GNMA 30YR,Agency Fixed Rate,Fixed Income,"34,146.38",0.01,"34,146.38","31,996.00",36180MXS1,US36180MXS15,-,106.43,United States,-,USD,3.39,1.76,1.0,"Mar 15, 2043",3.5,3.76,-,1.76,3.76,1.76,USD,"Mar 01, 2013","Mar 01, 2013"
GNMA2 30YR,Agency Fixed Rate,Fixed Income,"33,416.45",0.01,"33,416.45","30,752.00",36179QL66,US36179QL664,-,108.33,United States,-,USD,3.06,2.16,1.0,"Aug 20, 2044",4.0,4.56,-,2.16,4.56,2.16,USD,"Aug 01, 2014","Aug 01, 2014"
GNMA2 30YR,Agency Fixed Rate,Fixed Income,"31,808.08",0.01,"31,808.08","29,935.00",36179TZ65,US36179TZ650,-,105.88,United States,-,USD,2.79,2.74,1.0,"Jun 20, 2048",4.5,3.45,-,2.74,3.45,2.74,USD,"Jun 01, 2018","Jun 01, 2018"
GNMA 30YR,Agency Fixed Rate,Fixed Income,"30,201.83",0.01,"30,201.83","27,045.00",36178YRE7,US36178YRE76,-,111.38,United States,-,USD,3.39,0.59,1.0,"Nov 15, 2042",3.5,3.97,-,0.59,3.97,0.59,USD,"Nov 01, 2012","Nov 01, 2012"
GNMA 30YR,Agency Fixed Rate,Fixed Income,"27,879.08",0.01,"27,879.08","25,094.00",3620C04Y1,US3620C04Y16,-,110.72,United States,-,USD,2.79,2.04,1.0,"Jul 15, 2040",4.5,4.35,-,2.04,4.35,2.04,USD,"Jul 01, 2010","Jul 01, 2010"
GNMA 30YR PLATINUM,Agency Fixed Rate,Fixed Income,"27,622.67",0.01,"27,622.67","24,072.00",36241LAR7,US36241LAR78,-,114.33,United States,-,USD,2.16,1.48,1.0,"Jul 15, 2039",5.0,4.05,-,1.48,4.05,1.48,USD,"Jul 01, 2009","Jul 01, 2009"
GNMA 30YR,Agency Fixed Rate,Fixed Income,"27,580.24",0.01,"27,580.24","25,277.00",3620ASDV8,US3620ASDV83,-,108.78,United States,-,USD,3.06,2.14,1.0,"Apr 15, 2041",4.0,4.69,-,2.14,4.69,2.14,USD,"Apr 01, 2011","Apr 01, 2011"
GNMA 30YR,Agency Fixed Rate,Fixed Income,"26,971.99",0.01,"26,971.99","25,273.00",36180DVC8,US36180DVC81,-,106.43,United States,-,USD,3.39,1.76,1.0,"May 15, 2043",3.5,3.76,-,1.76,3.76,1.76,USD,"May 01, 2013","May 01, 2013"
GNMA 30YR,Agency Fixed Rate,Fixed Income,"26,820.34",0.01,"26,820.34","25,154.00",3622A2ZU9,US3622A2ZU97,-,106.29,United States,-,USD,3.06,2.08,1.0,"Dec 15, 2046",4.0,3.34,-,2.08,3.34,2.08,USD,"Aug 01, 2017","Aug 01, 2017"
GNMA 30YR,Agency Fixed Rate,Fixed Income,"25,998.91",0.01,"25,998.91","24,675.00",36178WDK2,US36178WDK27,-,105.12,United States,-,USD,3.41,1.69,1.0,"Oct 15, 2042",3.0,4.03,-,1.69,4.03,1.69,USD,"Oct 01, 2012","Oct 01, 2012"
GNMA2 30YR,Agency Fixed Rate,Fixed Income,"25,073.51",0.01,"25,073.51","23,597.00",36179UPB2,US36179UPB25,-,105.88,United States,-,USD,2.79,2.74,1.0,"Mar 20, 2049",4.5,3.45,-,2.74,3.45,2.74,USD,"Mar 01, 2019","Mar 01, 2019"
GNMA2 30YR,Agency Fixed Rate,Fixed Income,"24,631.32",0.01,"24,631.32","20,855.00",36202EWE5,US36202EWE57,B8GQ869,117.61,United States,-,USD,3.13,1.76,1.0,"Sep 20, 2038",6.0,4.12,-,1.76,4.12,1.76,USD,"Sep 01, 2008","Sep 01, 2008"
GNMA2 30YR PLATINUM,Agency Fixed Rate,Fixed Income,"23,511.26",0.01,"23,511.26","21,960.00",3622A26S6,US3622A26S67,-,106.77,United States,-,USD,4.16,2.1,1.0,"Apr 20, 2048",3.5,4.9,-,2.1,4.9,2.1,USD,"May 01, 2018","May 01, 2018"
GNMA 30YR,Agency Fixed Rate,Fixed Income,"18,680.57",0.0,"18,680.57","17,745.00",36179TEZ4,US36179TEZ49,-,104.98,United States,-,USD,3.39,2.2,1.0,"Aug 20, 2047",3.5,3.93,-,2.2,3.93,2.2,USD,"Aug 01, 2017","Aug 01, 2017"
GNMA 30YR PLATINUM,Agency Fixed Rate,Fixed Income,"17,832.27",0.0,"17,832.27","15,682.00",36241KVH8,US36241KVH84,-,113.25,United States,-,USD,3.01,2.17,1.0,"Oct 15, 2038",5.5,3.95,-,2.17,3.95,2.17,USD,"Oct 01, 2008","Oct 01, 2008"
GNMA2 30YR,Agency Fixed Rate,Fixed Income,"17,177.60",0.0,"17,177.60","16,717.00",36179NA99,US36179NA995,-,102.55,United States,-,USD,4.51,1.97,1.0,"Apr 20, 2043",2.5,4.9,-,1.97,4.9,1.97,USD,"Apr 01, 2013","Apr 01, 2013"
GNMA2 30YR,Agency Fixed Rate,Fixed Income,"17,139.79",0.0,"17,139.79","15,815.00",3617BKPT2,US3617BKPT28,-,108.04,United States,-,USD,3.06,2.03,1.0,"Apr 20, 2048",4.0,4.14,-,2.03,4.14,2.03,USD,"Apr 01, 2018","Apr 01, 2018"
GNMA 30YR,Agency Fixed Rate,Fixed Income,"16,402.25",0.0,"16,402.25","15,514.00",36179VFR6,US36179VFR69,-,105.39,United States,-,USD,3.21,2.42,1.0,"Feb 20, 2050",4.0,3.52,-,2.42,3.52,2.42,USD,"Feb 01, 2020","Feb 01, 2020"
GNMA2 30YR,Agency Fixed Rate,Fixed Income,"16,030.81",0.0,"16,030.81","14,926.00",36179UQ70,US36179UQ707,-,106.99,United States,-,USD,2.16,2.86,1.0,"Apr 20, 2049",5.0,3.37,-,2.86,3.37,2.86,USD,"Apr 01, 2019","Apr 01, 2019"
GNMA 30YR,Agency Fixed Rate,Fixed Income,"15,461.65",0.0,"15,461.65","14,595.00",36294UWX6,US36294UWX61,-,105.69,United States,-,USD,3.34,1.84,1.0,"Oct 15, 2042",3.0,4.92,-,1.84,4.92,1.84,USD,"Oct 01, 2012","Oct 01, 2012"
GNMA 30YR,Agency Fixed Rate,Fixed Income,"14,940.26",0.0,"14,940.26","13,451.00",36178XCG0,US36178XCG07,-,110.78,United States,-,USD,3.39,0.61,1.0,"May 15, 2043",3.5,3.96,-,0.61,3.96,0.61,USD,"May 01, 2013","May 01, 2013"
GNMA2 30YR,Agency Fixed Rate,Fixed Income,"14,430.92",0.0,"14,430.92","13,585.00",36179RS91,US36179RS915,-,105.94,United States,-,USD,3.39,2.09,1.0,"Nov 20, 2045",3.5,4.29,-,2.09,4.29,2.09,USD,"Nov 01, 2015","Nov 01, 2015"
GNMA2 30YR,Agency Fixed Rate,Fixed Income,"14,072.94",0.0,"14,072.94","13,068.00",36179SGM3,US36179SGM35,-,107.35,United States,-,USD,3.06,2.16,1.0,"Jul 20, 2046",4.0,4.07,-,2.16,4.07,2.16,USD,"Jul 01, 2016","Jul 01, 2016"
GNMA2 30YR,Agency Fixed Rate,Fixed Income,"14,049.92",0.0,"14,049.92","13,275.00",36179SQW0,US36179SQW07,-,105.55,United States,-,USD,3.39,2.13,1.0,"Nov 20, 2046",3.5,4.15,-,2.13,4.15,2.13,USD,"Nov 01, 2016","Nov 01, 2016"
GNMA2 30YR,Agency Fixed Rate,Fixed Income,"12,377.18",0.0,"12,377.18","11,432.00",36179RXE4,US36179RXE43,BYYPF03,107.93,United States,-,USD,3.06,2.13,1.0,"Jan 20, 2046",4.0,4.3,-,2.13,4.3,2.13,USD,"Jan 01, 2016","Jan 01, 2016"
GNMA 30YR,Agency Fixed Rate,Fixed Income,"10,985.27",0.0,"10,985.27","10,025.00",36178DDU2,US36178DDU28,-,109.25,United States,-,USD,3.07,1.3,1.0,"Aug 15, 2042",4.0,3.48,-,1.3,3.48,1.3,USD,"Aug 01, 2012","Aug 01, 2012"
GNMA 30YR,Agency Fixed Rate,Fixed Income,"10,690.82",0.0,"10,690.82","10,002.00",36178LZ97,US36178LZ972,-,106.6,United States,-,USD,3.39,1.72,1.0,"Sep 15, 2042",3.5,3.76,-,1.72,3.76,1.72,USD,"Sep 01, 2012","Sep 01, 2012"
GNMA 30YR,Agency Fixed Rate,Fixed Income,"10,607.83",0.0,"10,607.83","9,694.00",3620ASEY1,US3620ASEY14,-,109.1,United States,-,USD,3.09,1.33,1.0,"Apr 15, 2041",4.0,3.48,-,1.33,3.48,1.33,USD,"Apr 01, 2011","Apr 01, 2011"
GNMA 30YR,Agency Fixed Rate,Fixed Income,"9,606.27",0.0,"9,606.27","8,767.00",36176HTR5,US36176HTR56,-,109.25,United States,-,USD,3.07,1.3,1.0,"May 15, 2042",4.0,3.48,-,1.3,3.48,1.3,USD,"May 01, 2012","May 01, 2012"
GNMA 30YR,Agency Fixed Rate,Fixed Income,"9,506.52",0.0,"9,506.52","8,687.00",36176W2M2,US36176W2M29,-,109.1,United States,-,USD,3.09,1.33,1.0,"Dec 15, 2041",4.0,3.48,-,1.33,3.48,1.33,USD,"Dec 01, 2011","Dec 01, 2011"
GNMA2 30YR,Agency Fixed Rate,Fixed Income,"9,442.12",0.0,"9,442.12","8,753.00",36179TAM7,US36179TAM71,-,107.5,United States,-,USD,2.79,2.43,1.0,"Jun 20, 2047",4.5,3.71,-,2.43,3.71,2.43,USD,"Jun 01, 2017","Jun 01, 2017"
GNMA2 30YR,Agency Fixed Rate,Fixed Income,"9,408.34",0.0,"9,408.34","8,812.00",36179TE27,US36179TE275,BD5N4L3,106.43,United States,-,USD,3.06,2.3,1.0,"Aug 20, 2047",4.0,3.88,-,2.3,3.88,2.3,USD,"Aug 01, 2017","Aug 01, 2017"
GNMA 30YR,Agency Fixed Rate,Fixed Income,"8,809.02",0.0,"8,809.02","8,039.00",36230PCB4,US36230PCB40,-,109.25,United States,-,USD,3.07,1.3,1.0,"Feb 15, 2042",4.0,3.48,-,1.3,3.48,1.3,USD,"Feb 01, 2012","Feb 01, 2012"
GNMA 30YR,Agency Fixed Rate,Fixed Income,"8,752.77",0.0,"8,752.77","7,999.00",36230NJM8,US36230NJM83,-,109.1,United States,-,USD,3.09,1.33,1.0,"Feb 15, 2041",4.0,3.48,-,1.33,3.48,1.33,USD,"Feb 01, 2011","Feb 01, 2011"
GNMA 30YR,Agency Fixed Rate,Fixed Income,"8,585.43",0.0,"8,585.43","8,045.00",36180DQF7,US36180DQF77,-,106.43,United States,-,USD,3.39,1.76,1.0,"Mar 15, 2043",3.5,3.76,-,1.76,3.76,1.76,USD,"Mar 01, 2013","Mar 01, 2013"
GNMA 30YR,Agency Fixed Rate,Fixed Income,"8,136.93",0.0,"8,136.93","7,436.00",3620ASF79,US3620ASF792,-,109.1,United States,-,USD,3.09,1.33,1.0,"May 15, 2041",4.0,3.48,-,1.33,3.48,1.33,USD,"May 01, 2011","May 01, 2011"
GNMA2 30YR,Agency Fixed Rate,Fixed Income,"8,135.35",0.0,"8,135.35","7,542.00",36179S2R7,US36179S2R75,-,107.5,United States,-,USD,2.79,2.43,1.0,"Apr 20, 2047",4.5,3.71,-,2.43,3.71,2.43,USD,"Apr 01, 2017","Apr 01, 2017"
GNMA2 15YR,Agency Fixed Rate,Fixed Income,"8,076.52",0.0,"8,076.52","7,759.00",36179MZV5,US36179MZV52,-,103.88,United States,-,USD,2.32,0.81,1.0,"Feb 20, 2028",2.5,2.35,-,0.81,2.35,0.81,USD,"Feb 01, 2013","Feb 01, 2013"
GNMA 15YR,Agency Fixed Rate,Fixed Income,"7,890.67",0.0,"7,890.67","7,523.00",36178QE32,US36178QE323,-,104.63,United States,-,USD,1.91,0.77,1.0,"Sep 15, 2027",3.0,2.1,-,0.77,2.1,0.77,USD,"Sep 01, 2012","Sep 01, 2012"
GNMA 30YR,Agency Fixed Rate,Fixed Income,"7,348.24",0.0,"7,348.24","6,706.00",36177KPD2,US36177KPD27,-,109.25,United States,-,USD,3.07,1.3,1.0,"Feb 15, 2042",4.0,3.48,-,1.3,3.48,1.3,USD,"Feb 01, 2012","Feb 01, 2012"
GNMA2 30YR,Agency Fixed Rate,Fixed Income,"7,292.85",0.0,"7,292.85","6,736.00",36179RQ36,US36179RQ364,BYP9XK0,107.93,United States,-,USD,3.06,2.13,1.0,"Oct 20, 2045",4.0,4.3,-,2.13,4.3,2.13,USD,"Oct 01, 2015","Oct 01, 2015"
GNMA 30YR,Agency Fixed Rate,Fixed Income,"7,213.01",0.0,"7,213.01","6,591.00",36176AEA3,US36176AEA34,-,109.1,United States,-,USD,3.09,1.33,1.0,"Mar 15, 2041",4.0,3.48,-,1.33,3.48,1.33,USD,"Mar 01, 2011","Mar 01, 2011"
GNMA2 15YR,Agency Fixed Rate,Fixed Income,"6,740.54",0.0,"6,740.54","6,399.00",36202F3J3,US36202F3J30,-,105.05,United States,-,USD,1.81,1.06,1.0,"Feb 20, 2027",3.5,2.11,-,1.06,2.11,1.06,USD,"Feb 01, 2012","Feb 01, 2012"
GNMA 30YR,Agency Fixed Rate,Fixed Income,"6,218.24",0.0,"6,218.24","5,818.00",36178NLP2,US36178NLP23,-,106.6,United States,-,USD,3.39,1.72,1.0,"Oct 15, 2042",3.5,3.76,-,1.72,3.76,1.72,USD,"Oct 01, 2012","Oct 01, 2012"
GNMA 30YR,Agency Fixed Rate,Fixed Income,"5,721.21",0.0,"5,721.21","5,353.00",36178MSR3,US36178MSR33,-,106.6,United States,-,USD,3.39,1.72,1.0,"Sep 15, 2042",3.5,3.76,-,1.72,3.76,1.72,USD,"Sep 01, 2012","Sep 01, 2012"
GNMA 30YR PLATINUM,Agency Fixed Rate,Fixed Income,"5,518.09",0.0,"5,518.09","5,154.00",36241LX84,US36241LX841,-,106.78,United States,-,USD,3.39,2.06,1.0,"Sep 15, 2041",3.5,4.7,-,2.06,4.7,2.06,USD,"Sep 01, 2011","Sep 01, 2011"
GNMA 30YR,Agency Fixed Rate,Fixed Income,"5,514.96",0.0,"5,514.96","5,033.00",36176Q4K7,US36176Q4K70,-,109.25,United States,-,USD,3.07,1.3,1.0,"Jan 15, 2042",4.0,3.48,-,1.3,3.48,1.3,USD,"Jan 01, 2012","Jan 01, 2012"
GNMA 30YR,Agency Fixed Rate,Fixed Income,"5,518.97",0.0,"5,518.97","5,210.00",36294UWN8,US36294UWN89,-,105.69,United States,-,USD,3.34,1.84,1.0,"Sep 15, 2042",3.0,4.92,-,1.84,4.92,1.84,USD,"Sep 01, 2012","Sep 01, 2012"
GNMA 30YR,Agency Fixed Rate,Fixed Income,"5,118.90",0.0,"5,118.90","4,671.00",36294UUY6,US36294UUY62,-,109.25,United States,-,USD,3.07,1.3,1.0,"Mar 15, 2042",4.0,3.48,-,1.3,3.48,1.3,USD,"Mar 01, 2012","Mar 01, 2012"
GNMA 15YR,Agency Fixed Rate,Fixed Income,"5,048.13",0.0,"5,048.13","4,813.00",36178GE42,US36178GE423,-,104.63,United States,-,USD,1.91,0.77,1.0,"Jul 15, 2027",3.0,2.1,-,0.77,2.1,0.77,USD,"Jul 01, 2012","Jul 01, 2012"
GNMA 15YR,Agency Fixed Rate,Fixed Income,"4,634.16",0.0,"4,634.16","4,457.00",36179BVQ4,US36179BVQ49,-,103.76,United States,-,USD,2.32,0.89,1.0,"Jan 15, 2028",2.5,2.37,-,0.89,2.37,0.89,USD,"Jan 01, 2013","Jan 01, 2013"
GNMA 30YR,Agency Fixed Rate,Fixed Income,"3,842.39",0.0,"3,842.39","3,507.00",36177QZG1,US36177QZG18,-,109.25,United States,-,USD,3.07,1.3,1.0,"Feb 15, 2042",4.0,3.48,-,1.3,3.48,1.3,USD,"Feb 01, 2012","Feb 01, 2012"
GNMA2 30YR,Agency Fixed Rate,Fixed Income,"3,107.66",0.0,"3,107.66","2,917.00",3617J3E56,US3617J3E567,-,106.17,United States,-,USD,2.42,2.28,1.0,"Dec 20, 2048",4.5,2.88,-,2.28,2.88,2.28,USD,"Dec 01, 2018","Dec 01, 2018"
GNMA 15YR,Agency Fixed Rate,Fixed Income,"3,013.39",0.0,"3,013.39","2,859.00",3620ARZF1,US3620ARZF13,-,105.09,United States,-,USD,1.81,0.67,1.0,"Feb 15, 2026",3.5,1.82,-,0.67,1.82,0.67,USD,"Feb 01, 2011","Feb 01, 2011"
GNMA 15YR,Agency Fixed Rate,Fixed Income,"2,289.84",0.0,"2,289.84","2,173.00",3620AS6F1,US3620AS6F15,-,105.09,United States,-,USD,1.81,0.67,1.0,"Nov 15, 2026",3.5,1.82,-,0.67,1.82,0.67,USD,"Nov 01, 2011","Nov 01, 2011"
GNMA2 15YR,Agency Fixed Rate,Fixed Income,"2,245.98",0.0,"2,245.98","2,131.00",36202FQ41,US36202FQ419,-,105.05,United States,-,USD,2.24,1.14,1.0,"Mar 20, 2026",4.0,1.81,-,1.14,1.81,1.14,USD,"Mar 01, 2011","Mar 01, 2011"
GNMA2 15YR,Agency Fixed Rate,Fixed Income,"1,766.42",0.0,"1,766.42","1,676.00",36202FU87,US36202FU874,-,105.05,United States,-,USD,2.24,1.14,1.0,"Jul 20, 2026",4.0,1.81,-,1.14,1.81,1.14,USD,"Jul 01, 2011","Jul 01, 2011"
GNMA2 15YR,Agency Fixed Rate,Fixed Income,"1,252.10",0.0,"1,252.10","1,191.00",36202E6Q7,US36202E6Q72,-,104.72,United States,-,USD,1.26,0.66,1.0,"Jul 20, 2024",4.5,1.27,-,0.66,1.27,0.66,USD,"Jul 01, 2009","Jul 01, 2009"
USD CASH,Cash and/or Derivatives,Cash,"-92,990,778.88",-20.07,"-92,990,778.88","-92,990,779.00",-,-,-,100.0,United States,-,USD,0.0,0.1,1.0,-,0.0,0.0,-,0.1,0.0,0.1,USD,-,"Jan 01, 1989"
