,,,,,,,,,,,,,,,,,,,,,,,,,,iShares® iBonds® 2026 Term High Yield and Income ETF
TRANSDIGM INC 144A,Corporates,Fixed Income,"449,476.93",1.97,"449,476.93","425,000.00",893647BE6,US893647BE67,BJJQH22,103.92,United States,-,USD,0.2,5.2,1.0,"Mar 15, 2026",6.25,3.62,-,2.26,0.2,2.26,USD,"Feb 13, 2019","Feb 13, 2019"
AADVANTAGE LOYALTY IP LTD 144A,Corporates,Fixed Income,"367,991.56",1.61,"367,991.56","350,000.00",00253XAA9,US00253XAA90,-,104.07,United States,-,USD,3.79,4.48,1.0,"Apr 20, 2026",5.5,3.78,-,4.48,3.78,4.48,USD,"Mar 24, 2021","Mar 24, 2021"
TENET HEALTHCARE CORPORATION 144A,Corporates,Fixed Income,"268,261.28",1.18,"268,261.28","255,000.00",88033GCY4,US88033GCY44,BKFV9N3,102.76,United States,-,USD,0.74,4.12,1.0,"Jan 01, 2026",4.88,3.53,-,2.8,0.16,2.8,USD,"Aug 26, 2019","Aug 26, 2019"
DISH DBS CORP 144A,Corporates,Fixed Income,"260,218.36",1.14,"260,218.36","255,000.00",25470XBE4,US25470XBE40,-,101.54,United States,-,USD,4.19,4.89,1.0,"Dec 01, 2026",5.25,4.28,-,4.86,3.89,4.86,USD,"Nov 26, 2021","Nov 26, 2021"
WESTERN DIGITAL CORPORATION,Corporates,Fixed Income,"245,151.38",1.07,"245,151.38","220,000.00",958102AM7,US958102AM75,BFZHJV4,109.64,United States,-,USD,3.56,2.29,1.0,"Feb 15, 2026",4.75,3.71,-,2.14,3.5,2.14,USD,"Feb 13, 2018","Feb 13, 2018"
NGL ENERGY OPERATING LLC 144A,Corporates,Fixed Income,"238,898.25",1.05,"238,898.25","225,000.00",62922LAA6,US62922LAA61,-,103.05,United States,-,USD,2.89,6.63,1.0,"Feb 01, 2026",7.5,3.38,-,6.39,2.65,6.39,USD,"Feb 04, 2021","Feb 04, 2021"
NEWELL BRANDS INC,Corporates,Fixed Income,"231,613.20",1.02,"231,613.20","210,000.00",651229AW6,US651229AW64,BD3J3H2,109.12,United States,-,USD,3.68,2.43,1.0,"Apr 01, 2026",4.7,3.83,-,2.3,3.63,2.3,USD,"Mar 30, 2016","Mar 30, 2016"
FORD MOTOR CREDIT COMPANY LLC MTN,Corporates,Fixed Income,"230,275.83",1.01,"230,275.83","210,000.00",345397XU2,US345397XU23,BD0SY80,107.55,United States,-,USD,3.65,2.41,1.0,"Jan 08, 2026",4.39,3.63,-,2.41,3.63,2.41,USD,"Jan 08, 2016","Jan 08, 2016"
CONNECT FINCO SARL 144A,Corporates,Fixed Income,"229,393.71",1.01,"229,393.71","215,000.00",20752TAA2,US20752TAA25,BKPGWK6,105.03,United Kingdom,-,USD,1.68,5.53,1.0,"Oct 01, 2026",6.75,3.99,-,4.34,0.72,4.34,USD,"Oct 07, 2019","Oct 07, 2019"
KRAFT HEINZ FOODS CO,Corporates,Fixed Income,"225,580.15",0.99,"225,580.15","215,000.00",50077LAD8,US50077LAD82,BD31G91,104.67,United States,-,USD,4.01,1.89,1.0,"Jun 01, 2026",3.0,4.13,-,1.83,3.91,1.83,USD,"May 24, 2016","Aug 19, 2016"
ALLIED UNIVERSAL HOLDCO LLC 144A,Corporates,Fixed Income,"221,264.42",0.97,"221,264.42","205,000.00",019576AA5,US019576AA51,BJYCQ73,104.88,United States,-,USD,1.0,5.4,1.0,"Jul 15, 2026",6.63,3.79,-,3.54,0.51,3.54,USD,"Jul 12, 2019","Jul 12, 2019"
STAPLES INC 144A,Corporates,Fixed Income,"219,003.40",0.96,"219,003.40","210,000.00",855030AN2,US855030AN20,BK0L4K0,102.7,United States,-,USD,2.51,6.76,1.0,"Apr 15, 2026",7.5,3.58,-,6.21,2.05,6.21,USD,"Apr 16, 2019","Apr 16, 2019"
DISH DBS CORP,Corporates,Fixed Income,"218,836.00",0.96,"218,836.00","200,000.00",25470XAY1,US25470XAY13,BYVR0K7,105.54,United States,-,USD,3.74,6.31,1.0,"Jul 01, 2026",7.75,3.65,-,6.31,3.65,6.31,USD,"Jun 13, 2016","Oct 03, 2016"
UNITED AIRLINES INC 144A,Corporates,Fixed Income,"210,527.22",0.92,"210,527.22","200,000.00",90932LAG2,US90932LAG23,-,104.34,United States,-,USD,3.65,3.28,1.0,"Apr 15, 2026",4.38,3.87,-,3.15,3.45,3.15,USD,"Apr 21, 2021","Apr 21, 2021"
FORD MOTOR CREDIT COMPANY LLC,Corporates,Fixed Income,"203,981.02",0.89,"203,981.02","200,000.00",345397B77,US345397B777,-,100.93,United States,-,USD,4.27,2.48,1.0,"Aug 10, 2026",2.7,4.27,-,2.48,4.19,2.48,USD,"Aug 10, 2021","Aug 10, 2021"
SPRINGLEAF FINANCE CORP,Corporates,Fixed Income,"198,043.06",0.87,"198,043.06","170,000.00",85172FAN9,US85172FAN96,BDTMS47,114.4,United States,-,USD,3.66,3.42,1.0,"Mar 15, 2026",7.13,3.62,-,3.42,3.62,3.42,USD,"May 11, 2018","May 11, 2018"
SPRINT CORP,Corporates,Fixed Income,"195,914.67",0.86,"195,914.67","160,000.00",85207UAK1,US85207UAK16,BFZYL64,119.91,United States,-,USD,3.35,2.56,1.0,"Mar 01, 2026",7.63,3.58,-,2.18,3.33,2.18,USD,"Feb 22, 2018","Feb 22, 2018"
CHS/COMMUNITY HEALTH SYSTEMS INC 144A,Corporates,Fixed Income,"193,331.80",0.85,"193,331.80","180,000.00",12543DBC3,US12543DBC39,BHL3S91,105.05,United States,-,USD,0.2,6.6,1.0,"Mar 15, 2026",8.0,3.48,-,2.69,0.2,2.69,USD,"Mar 06, 2019","Mar 06, 2019"
HCA INC,Corporates,Fixed Income,"183,285.87",0.8,"183,285.87","160,000.00",404121AH8,US404121AH82,BYZLW87,112.76,United States,-,USD,3.77,2.46,1.0,"Sep 01, 2026",5.38,4.11,-,2.16,3.72,2.16,USD,"Aug 23, 2018","Aug 23, 2018"
T-MOBILE USA INC,Corporates,Fixed Income,"182,322.30",0.8,"182,322.30","180,000.00",87264ABU8,US87264ABU88,BLF7WN9,100.74,United States,-,USD,3.2,2.44,1.0,"Apr 15, 2026",2.63,4.01,-,2.39,3.12,2.39,USD,"Mar 23, 2021","Mar 23, 2021"
HUB INTERNATIONAL LTD 144A,Corporates,Fixed Income,"181,840.17",0.8,"181,840.17","175,000.00",44332PAD3,US44332PAD33,BFXTLW7,102.74,United States,-,USD,0.49,6.26,1.0,"May 01, 2026",7.0,3.66,-,3.87,0.33,3.87,USD,"Apr 25, 2018","Apr 25, 2018"
BAUSCH HEALTH AMERICAS INC 144A,Corporates,Fixed Income,"173,620.00",0.76,"173,620.00","160,000.00",91911XAV6,US91911XAV64,BG487H7,106.2,United States,-,USD,0.25,7.51,1.0,"Apr 01, 2026",9.25,3.43,-,2.72,0.25,2.72,USD,"Mar 26, 2018","Mar 26, 2018"
HCA INC,Corporates,Fixed Income,"172,866.67",0.76,"172,866.67","150,000.00",404119BS7,US404119BS74,BYQ2966,113.03,United States,-,USD,3.28,2.53,1.0,"Feb 15, 2026",5.88,3.63,-,2.12,3.24,2.12,USD,"Nov 13, 2015","Nov 13, 2015"
CENTURYLINK INC 144A,Corporates,Fixed Income,"164,278.47",0.72,"164,278.47","155,000.00",156700BB1,US156700BB17,BJ170W4,104.05,United States,-,USD,2.15,4.21,1.0,"Dec 15, 2026",5.13,4.28,-,3.44,0.91,3.44,USD,"Dec 16, 2019","Dec 16, 2019"
COMMSCOPE INC 144A,Corporates,Fixed Income,"163,442.85",0.72,"163,442.85","155,000.00",20338QAD5,US20338QAD51,BGDS1B0,103.45,United States,-,USD,0.5,5.07,1.0,"Mar 01, 2026",6.0,3.6,-,3.15,0.16,3.15,USD,"Feb 19, 2019","Feb 19, 2019"
UBER TECHNOLOGIES INC 144A,Corporates,Fixed Income,"162,029.00",0.71,"162,029.00","150,000.00",90353TAC4,US90353TAC45,BG87FX2,106.69,United States,-,USD,0.08,6.37,1.0,"Nov 01, 2026",8.0,3.96,-,-0.46,0.08,-0.46,USD,"Nov 07, 2018","Nov 07, 2018"
INTESA SANPAOLO SPA MTN 144A,Corporates,Fixed Income,"152,957.62",0.67,"152,957.62","135,000.00",46115HAW7,US46115HAW79,BDFYVB5,110.67,Italy,-,USD,3.58,2.89,1.0,"Jan 15, 2026",5.71,3.55,-,2.89,3.55,2.89,USD,"Jan 15, 2016","Jan 15, 2016"
VICI PROPERTIES LP 144A,Corporates,Fixed Income,"151,506.39",0.66,"151,506.39","145,000.00",92564RAA3,US92564RAA32,-,104.13,United States,-,USD,1.73,3.31,1.0,"Dec 01, 2026",4.25,4.44,-,1.98,0.9,1.98,USD,"Nov 26, 2019","Nov 26, 2019"
NETFLIX INC,Corporates,Fixed Income,"150,565.54",0.66,"150,565.54","135,000.00",64110LAN6,US64110LAN64,BDGJMQ1,110.97,United States,-,USD,4.42,2.0,1.0,"Nov 15, 2026",4.38,4.4,-,2.0,4.4,2.0,USD,"Oct 27, 2016","Oct 27, 2016"
PRIME SECURITY SERVICES BORROWER L 144A,Corporates,Fixed Income,"147,209.48",0.65,"147,209.48","135,000.00",74166MAC0,US74166MAC01,BJTRRK3,107.35,United States,-,USD,3.8,3.87,1.0,"Apr 15, 2026",5.75,3.75,-,3.87,3.75,3.87,USD,"Apr 04, 2019","Apr 04, 2019"
NEW FORTRESS ENERGY INC 144A,Corporates,Fixed Income,"147,205.45",0.65,"147,205.45","145,000.00",644393AB6,US644393AB64,-,99.9,United States,-,USD,3.64,6.52,1.0,"Sep 30, 2026",6.5,3.97,-,6.52,3.97,6.52,USD,"Apr 12, 2021","Apr 12, 2021"
SELECT MEDICAL CORPORATION 144A,Corporates,Fixed Income,"146,080.95",0.64,"146,080.95","135,000.00",816196AT6,US816196AT67,BKPHQM9,105.85,United States,-,USD,0.62,4.82,1.0,"Aug 15, 2026",6.25,3.92,-,1.77,0.6,1.77,USD,"Aug 01, 2019","Aug 01, 2019"
LIFEPOINT HEALTH INC 144A,Corporates,Fixed Income,"143,546.18",0.63,"143,546.18","135,000.00",53219LAR0,US53219LAR06,BGYDGW0,105.52,United States,-,USD,0.08,8.36,1.0,"Dec 01, 2026",9.75,3.86,-,1.61,0.08,1.61,USD,"Nov 16, 2018","Nov 16, 2018"
NCL CORPORATION LTD 144A,Corporates,Fixed Income,"142,606.14",0.63,"142,606.14","140,000.00",62886HBA8,US62886HBA86,-,100.15,United States,-,USD,3.64,5.83,1.0,"Mar 15, 2026",5.88,3.62,-,5.83,3.62,5.83,USD,"Dec 18, 2020","Dec 18, 2020"
CARNIVAL CORP 144A,Corporates,Fixed Income,"139,507.53",0.61,"139,507.53","130,000.00",143658BL5,US143658BL56,-,104.79,United States,-,USD,2.84,6.3,1.0,"Mar 01, 2026",7.63,3.47,-,5.94,2.74,5.94,USD,"Nov 25, 2020","Nov 25, 2020"
ARDAGH PACKAGING FINANCE PLC 144A,Corporates,Fixed Income,"138,710.64",0.61,"138,710.64","135,000.00",03969AAN0,US03969AAN00,BK5HL35,102.23,United States,-,USD,2.37,3.6,1.0,"Aug 15, 2026",4.13,4.17,-,3.23,2.46,3.23,USD,"Aug 12, 2019","Aug 12, 2019"
FORD MOTOR COMPANY,Corporates,Fixed Income,"136,649.58",0.6,"136,649.58","125,000.00",345370CR9,US345370CR99,BYPL1T1,109.04,United States,-,USD,4.32,2.39,1.0,"Dec 08, 2026",4.35,4.45,-,2.3,4.25,2.3,USD,"Dec 08, 2016","Dec 08, 2016"
OCCIDENTAL PETROLEUM CORPORATION,Corporates,Fixed Income,"135,474.16",0.59,"135,474.16","130,000.00",674599CR4,US674599CR48,BKKGQF4,103.0,United States,-,USD,4.2,2.51,1.0,"Aug 15, 2026",3.2,4.24,-,2.49,4.09,2.49,USD,"Aug 08, 2019","Aug 08, 2019"
DELTA AIR LINES INC,Corporates,Fixed Income,"133,084.26",0.58,"133,084.26","110,000.00",247361ZZ4,US247361ZZ42,-,117.58,United States,-,USD,3.42,2.75,1.0,"Jan 15, 2026",7.38,3.46,-,2.66,3.4,2.66,USD,"Jun 12, 2020","Jun 12, 2020"
ILIAD HOLDING SAS 144A,Corporates,Fixed Income,"132,851.88",0.58,"132,851.88","125,000.00",449691AA2,US449691AA27,-,105.14,France,-,USD,3.12,5.27,1.0,"Oct 15, 2026",6.5,4.06,-,4.99,3.31,4.99,USD,"Oct 27, 2021","Oct 27, 2021"
VERICAST MERGER SUB INC 144A,Corporates,Fixed Income,"131,546.53",0.58,"131,546.53","120,000.00",92348BAA1,US92348BAA17,-,105.71,United States,-,USD,3.12,9.46,1.0,"Sep 15, 2026",11.0,3.53,-,9.14,2.92,9.14,USD,"Aug 23, 2021","Aug 23, 2021"
BOMBARDIER INC 144A,Corporates,Fixed Income,"130,199.58",0.57,"130,199.58","125,000.00",097751BV2,US097751BV25,-,103.84,Canada,-,USD,3.14,6.13,1.0,"Jun 15, 2026",7.13,3.78,-,5.88,3.03,5.88,USD,"Jun 08, 2021","Jun 08, 2021"
NMG HOLDING COMPANY INC 144A,Corporates,Fixed Income,"129,465.90",0.57,"129,465.90","120,000.00",62929RAC2,US62929RAC25,-,106.11,United States,-,USD,2.2,5.49,1.0,"Apr 01, 2026",7.13,3.6,-,4.82,1.17,4.82,USD,"Mar 30, 2021","Mar 30, 2021"
HUGHES SATELLITE SYSTEMS CORP,Corporates,Fixed Income,"128,593.57",0.56,"128,593.57","115,000.00",444454AD4,US444454AD48,BZ12322,109.63,United States,-,USD,4.05,2.98,1.0,"Aug 01, 2026",5.25,4.02,-,2.98,4.02,2.98,USD,"Feb 01, 2017","May 11, 2017"
HAWAIIANMILES LOYALTY LTD 144A,Corporates,Fixed Income,"127,206.03",0.56,"127,206.03","120,000.00",41984LAA5,US41984LAA52,-,104.87,United States,-,USD,2.98,4.45,1.0,"Jan 20, 2026",5.75,3.58,-,4.07,2.77,4.07,USD,"Feb 04, 2021","Feb 04, 2021"
SIRIUS XM RADIO INC 144A,Corporates,Fixed Income,"126,438.59",0.55,"126,438.59","125,000.00",82967NBL1,US82967NBL10,BM9SCZ7,99.98,United States,-,USD,3.73,3.13,1.0,"Sep 01, 2026",3.13,4.26,-,3.13,4.26,3.13,USD,"Aug 16, 2021","Aug 16, 2021"
ICAHN ENTERPRISES LP,Corporates,Fixed Income,"125,939.53",0.55,"125,939.53","120,000.00",451102BT3,US451102BT32,BJ11SH7,104.15,United States,-,USD,0.83,5.17,1.0,"May 15, 2026",6.25,3.78,-,3.33,0.37,3.33,USD,"May 10, 2019","Oct 21, 2019"
MOHEGAN GAMING & ENTERTAINMENT 144A,Corporates,Fixed Income,"124,609.78",0.55,"124,609.78","115,000.00",608328BH2,US608328BH21,-,105.02,United States,-,USD,2.48,6.57,1.0,"Feb 01, 2026",8.0,3.36,-,6.18,2.63,6.18,USD,"Jan 26, 2021","Jan 26, 2021"
AIR CANADA 144A,Corporates,Fixed Income,"124,523.93",0.55,"124,523.93","120,000.00",008911BK4,US008911BK48,-,102.26,Canada,-,USD,4.0,3.34,1.0,"Aug 15, 2026",3.88,4.15,-,3.28,3.74,3.28,USD,"Aug 11, 2021","Aug 11, 2021"
OCCIDENTAL PETROLEUM CORPORATION,Corporates,Fixed Income,"124,267.18",0.54,"124,267.18","110,000.00",674599DC6,US674599DC69,BK8VN94,111.34,United States,-,USD,3.58,2.68,1.0,"Mar 15, 2026",5.55,3.73,-,2.52,3.53,2.52,USD,"Sep 15, 2019","Sep 18, 2019"
TRANSDIGM INC,Corporates,Fixed Income,"123,566.80",0.54,"123,566.80","120,000.00",893647BB2,US893647BB29,BF01TB1,102.69,United States,-,USD,0.93,5.68,1.0,"Jun 15, 2026",6.38,3.84,-,3.86,0.45,3.86,USD,"Dec 15, 2016","Feb 23, 2017"
ROCKET MORTGAGE LLC 144A,Corporates,Fixed Income,"120,443.77",0.53,"120,443.77","120,000.00",77313LAA1,US77313LAA17,-,99.68,United States,-,USD,3.88,2.95,1.0,"Oct 15, 2026",2.88,4.41,-,2.95,4.41,2.95,USD,"Oct 05, 2021","Oct 05, 2021"
TRIVIUM PACKAGING FINANCE BV 144A,Corporates,Fixed Income,"117,141.75",0.51,"117,141.75","110,000.00",89686QAA4,US89686QAA40,BK0YKJ0,104.43,Netherlands,-,USD,1.15,4.43,1.0,"Aug 15, 2026",5.5,3.99,-,2.69,0.6,2.69,USD,"Aug 02, 2019","Aug 02, 2019"
SCIENTIFIC GAMES INTERNATIONAL INC 144A,Corporates,Fixed Income,"113,225.88",0.5,"113,225.88","105,000.00",80874YBA7,US80874YBA73,BJRL235,105.41,United States,-,USD,0.2,6.75,1.0,"Mar 15, 2026",8.25,3.46,-,1.88,0.2,1.88,USD,"Mar 19, 2019","Mar 19, 2019"
CARNIVAL CORP 144A,Corporates,Fixed Income,"112,595.74",0.49,"112,595.74","95,000.00",143658BG6,US143658BG61,-,114.18,United States,-,USD,1.56,6.49,1.0,"Feb 01, 2026",10.5,3.24,-,4.38,1.42,4.38,USD,"Jul 20, 2020","Jul 20, 2020"
T-MOBILE USA INC,Corporates,Fixed Income,"111,135.20",0.49,"111,135.20","110,000.00",87264ABR5,US87264ABR59,BMBKDD6,100.18,United States,-,USD,3.15,2.2,1.0,"Feb 15, 2026",2.25,3.88,-,2.19,2.98,2.19,USD,"Jan 14, 2021","Jan 14, 2021"
BROOKFIELD PROPERTY REIT INC 144A,Corporates,Fixed Income,"109,708.96",0.48,"109,708.96","105,000.00",11284DAA3,US11284DAA37,BJBL0T3,103.75,United States,-,USD,0.99,4.79,1.0,"May 15, 2026",5.75,3.82,-,3.25,0.37,3.25,USD,"May 01, 2019","May 01, 2019"
MATADOR RESOURCES CO,Corporates,Fixed Income,"109,615.65",0.48,"109,615.65","105,000.00",576485AE6,US576485AE64,BJ1MZM4,102.67,United States,-,USD,2.7,5.23,1.0,"Sep 15, 2026",5.88,4.01,-,4.81,2.44,4.81,USD,"Aug 21, 2018","Dec 19, 2018"
PERRIGO FINANCE PLC,Corporates,Fixed Income,"107,846.19",0.47,"107,846.19","100,000.00",71429MAB1,US71429MAB19,BDB49P9,106.56,United States,-,USD,3.68,2.71,1.0,"Mar 15, 2026",4.38,3.8,-,2.62,3.59,2.62,USD,"Mar 10, 2016","Mar 10, 2016"
HAT HOLDINGS I LLC & HAT 144A,Corporates,Fixed Income,"106,489.95",0.47,"106,489.95","105,000.00",418751AE3,US418751AE33,-,101.27,United States,-,USD,4.06,3.07,1.0,"Jun 15, 2026",3.38,4.11,-,3.05,3.89,3.05,USD,"Jun 28, 2021","Jun 28, 2021"
SQUARE INC 144A,Corporates,Fixed Income,"105,568.23",0.46,"105,568.23","105,000.00",852234AL7,US852234AL72,-,100.31,United States,-,USD,4.13,2.67,1.0,"Jun 01, 2026",2.75,4.13,-,2.67,4.05,2.67,USD,"May 20, 2021","May 20, 2021"
IQVIA INC 144A,Corporates,Fixed Income,"103,771.56",0.45,"103,771.56","100,000.00",449934AD0,US449934AD05,BD91587,102.72,United States,-,USD,0.23,4.36,1.0,"Oct 15, 2026",5.0,4.19,-,2.16,0.08,2.16,USD,"Sep 28, 2016","Sep 28, 2016"
ROYAL CARIBBEAN CRUISES LTD 144A,Corporates,Fixed Income,"103,676.39",0.45,"103,676.39","100,000.00",780153BJ0,US780153BJ00,-,101.68,United States,-,USD,3.91,5.09,1.0,"Aug 31, 2026",5.5,4.0,-,5.05,3.62,5.05,USD,"Aug 19, 2021","Aug 19, 2021"
IHEARTCOMMUNICATIONS INC,Corporates,Fixed Income,"101,578.99",0.45,"101,578.99","95,000.00",45174HBC0,US45174HBC07,BK0NK53,104.27,United States,-,USD,0.5,5.26,1.0,"May 01, 2026",6.38,3.67,-,3.0,0.32,3.0,USD,"May 01, 2019","May 01, 2019"
TARGA RESOURCES PARTNERS LP,Corporates,Fixed Income,"100,805.71",0.44,"100,805.71","95,000.00",87612BBJ0,US87612BBJ08,BZ57HC1,104.87,United States,-,USD,0.29,4.61,1.0,"Apr 15, 2026",5.88,3.74,-,-0.77,0.29,-0.77,USD,"Apr 12, 2018","Apr 12, 2018"
HESS INFRASTRUCTURE PARTNERS LP 144A,Corporates,Fixed Income,"100,259.20",0.44,"100,259.20","95,000.00",428102AC1,US428102AC14,-,103.41,United States,-,USD,0.13,4.7,1.0,"Feb 15, 2026",5.63,3.59,-,0.69,0.12,0.69,USD,"Aug 15, 2019","Dec 16, 2019"
LIFE TIME INC 144A,Corporates,Fixed Income,"100,245.73",0.44,"100,245.73","94,000.00",53190FAA3,US53190FAA30,-,103.99,United States,-,USD,2.34,4.65,1.0,"Jan 15, 2026",5.75,3.5,-,4.33,2.71,4.33,USD,"Jan 22, 2021","Jan 22, 2021"
ADIENT GLOBAL HOLDINGS LTD 144A,Corporates,Fixed Income,"98,960.67",0.43,"98,960.67","95,000.00",00687YAA3,US00687YAA38,BDCSFD0,102.34,United States,-,USD,1.44,4.31,1.0,"Aug 15, 2026",4.88,4.04,-,3.64,0.6,3.64,USD,"Aug 19, 2016","Aug 19, 2016"
COTY INC 144A,Corporates,Fixed Income,"98,905.03",0.43,"98,905.03","95,000.00",222070AE4,US222070AE41,-,103.06,United States,-,USD,2.88,4.21,1.0,"Apr 15, 2026",5.0,3.8,-,4.0,2.99,4.0,USD,"Apr 21, 2021","Apr 21, 2021"
NOVELIS CORP 144A,Corporates,Fixed Income,"97,262.79",0.43,"97,262.79","95,000.00",670001AG1,US670001AG19,-,101.12,United States,-,USD,3.7,3.0,1.0,"Nov 15, 2026",3.25,4.43,-,2.94,3.58,2.94,USD,"Aug 11, 2021","Aug 11, 2021"
HANESBRANDS INC 144A,Corporates,Fixed Income,"97,119.82",0.43,"97,119.82","90,000.00",410345AL6,US410345AL67,BZ30506,107.29,United States,-,USD,3.8,3.08,1.0,"May 15, 2026",4.88,3.92,-,2.98,3.72,2.98,USD,"May 06, 2016","May 06, 2016"
CLARIOS GLOBAL LP 144A,Corporates,Fixed Income,"97,112.67",0.43,"97,112.67","92,000.00",69867DAA6,US69867DAA63,BJ0M451,104.78,United States,-,USD,0.37,5.02,1.0,"May 15, 2026",6.25,3.79,-,1.75,0.37,1.75,USD,"Apr 01, 2019","Apr 01, 2019"
AMERIGAS PARTNERS LP/AMERIGAS FINA,Corporates,Fixed Income,"96,893.07",0.42,"96,893.07","85,000.00",030981AJ3,US030981AJ33,BYMXB45,111.85,United States,-,USD,3.89,3.11,1.0,"Aug 20, 2026",5.88,4.02,-,2.97,3.83,2.97,USD,"Jun 27, 2016","Jun 27, 2016"
WYNN MACAU LTD 144A,Corporates,Fixed Income,"96,294.83",0.42,"96,294.83","100,000.00",98313RAG1,US98313RAG11,-,93.77,Macau,-,USD,3.55,7.31,1.0,"Jan 15, 2026",5.5,3.44,-,7.31,3.44,7.31,USD,"Jun 19, 2020","Jun 19, 2020"
SPECIALTY BUILDING PRODUCTS HOLDIN 144A,Corporates,Fixed Income,"95,732.78",0.42,"95,732.78","90,000.00",84749AAA5,US84749AAA51,BMG6S56,104.78,United States,-,USD,1.69,5.22,1.0,"Sep 30, 2026",6.38,4.02,-,4.06,0.72,4.06,USD,"Sep 30, 2020","Sep 30, 2020"
WASH MULTIFAMILY ACQUISITION INC 144A,Corporates,Fixed Income,"95,654.60",0.42,"95,654.60","90,000.00",93710WAA3,US93710WAA36,-,105.07,United States,-,USD,2.33,4.44,1.0,"Apr 15, 2026",5.75,3.75,-,3.87,1.23,3.87,USD,"Apr 19, 2021","Apr 19, 2021"
OCCIDENTAL PETROLEUM CORPORATION,Corporates,Fixed Income,"92,977.00",0.41,"92,977.00","90,000.00",674599CH6,US674599CH65,BDBFN27,102.59,United States,-,USD,3.87,2.75,1.0,"Apr 15, 2026",3.4,3.95,-,2.72,3.73,2.72,USD,"Apr 04, 2016","Apr 04, 2016"
RADIATE HOLDCO LLC 144A,Corporates,Fixed Income,"92,419.20",0.41,"92,419.20","90,000.00",75026JAC4,US75026JAC45,BM9LQB0,101.36,United States,-,USD,3.59,4.18,1.0,"Sep 15, 2026",4.5,4.16,-,4.1,3.34,4.1,USD,"Sep 25, 2020","Sep 25, 2020"
RITE AID CORPORATION 144A,Corporates,Fixed Income,"90,140.71",0.4,"90,140.71","85,000.00",767754CL6,US767754CL62,-,102.36,United States,-,USD,3.18,7.42,1.0,"Nov 15, 2026",8.0,3.85,-,7.12,2.57,7.12,USD,"Jul 27, 2020","Jul 27, 2020"
USA COMPRESSION PARTNERS LP,Corporates,Fixed Income,"89,979.94",0.39,"89,979.94","85,000.00",91740PAC2,US91740PAC23,BHPG3B3,104.14,United States,-,USD,0.65,5.76,1.0,"Apr 01, 2026",6.88,3.61,-,3.84,0.25,3.84,USD,"Oct 01, 2018","Jan 11, 2019"
WEIR GROUP PLC 144A,Corporates,Fixed Income,"89,629.40",0.39,"89,629.40","90,000.00",94876QAA4,US94876QAA40,-,99.3,United Kingdom,-,USD,4.13,2.37,1.0,"May 13, 2026",2.2,4.13,-,2.37,4.13,2.37,USD,"May 13, 2021","May 13, 2021"
BALL CORPORATION,Corporates,Fixed Income,"89,188.33",0.39,"89,188.33","80,000.00",058498AV8,US058498AV83,BF4JKQ3,110.05,United States,-,USD,3.62,2.35,1.0,"Mar 15, 2026",4.88,3.78,-,2.21,3.58,2.21,USD,"Mar 09, 2018","Mar 09, 2018"
TECHNIPFMC PLC 144A,Corporates,Fixed Income,"88,734.92",0.39,"88,734.92","81,000.00",87854XAE1,US87854XAE13,-,106.86,United Kingdom,-,USD,1.37,4.64,1.0,"Feb 01, 2026",6.5,3.5,-,3.0,1.03,3.0,USD,"Jan 29, 2021","Jan 29, 2021"
ALBERTSONS COMPANIES INC 144A,Corporates,Fixed Income,"87,630.70",0.38,"87,630.70","85,000.00",013092AF8,US013092AF88,-,102.14,United States,-,USD,2.12,2.71,1.0,"Mar 15, 2026",3.25,3.88,-,2.43,2.56,2.43,USD,"Aug 31, 2020","Aug 31, 2020"
VERSCEND ESCROW CORP 144A,Corporates,Fixed Income,"87,481.87",0.38,"87,481.87","80,000.00",92535WAA8,US92535WAA80,BD0BPV9,105.67,United States,-,USD,0.08,8.25,1.0,"Aug 15, 2026",9.75,3.58,-,-0.09,0.08,-0.09,USD,"Aug 27, 2018","Aug 27, 2018"
HUGHES SATELLITE SYSTEMS CORP,Corporates,Fixed Income,"86,000.56",0.38,"86,000.56","75,000.00",444454AF9,US444454AF95,BYQN8F1,111.91,United States,-,USD,3.94,3.77,1.0,"Aug 01, 2026",6.63,3.89,-,3.77,3.89,3.77,USD,"Feb 01, 2017","May 11, 2017"
T-MOBILE USA INC 144A,Corporates,Fixed Income,"85,985.99",0.38,"85,985.99","85,000.00",87264ACC7,US87264ACC71,-,100.31,United States,-,USD,3.11,2.17,1.0,"Feb 15, 2026",2.25,3.89,-,2.15,2.98,2.15,USD,"Jan 14, 2021","May 13, 2021"
FOXTROT ESCROW ISSUER LLC 144A,Corporates,Fixed Income,"85,509.96",0.37,"85,509.96","75,000.00",35166FAA0,US35166FAA03,BKRKNH0,112.45,United States,-,USD,0.85,9.03,1.0,"Nov 15, 2026",12.25,3.66,-,4.49,0.83,4.49,USD,"Nov 07, 2019","Nov 07, 2019"
SHUTTERFLY INC 144A,Corporates,Fixed Income,"84,963.20",0.37,"84,963.20","80,000.00",719245AD4,US719245AD47,-,104.08,United States,-,USD,2.63,7.46,1.0,"Oct 01, 2026",8.5,3.8,-,6.84,2.39,6.84,USD,"Sep 25, 2019","Sep 25, 2019"
RANGE RESOURCES CORPORATION,Corporates,Fixed Income,"83,796.12",0.37,"83,796.12","75,000.00",75281ABG3,US75281ABG31,-,107.87,United States,-,USD,0.09,7.0,1.0,"Feb 01, 2026",9.25,3.28,-,-1.77,0.08,-1.77,USD,"Aug 01, 2020","Dec 15, 2020"
PDC ENERGY INC (DELAWARE),Corporates,Fixed Income,"83,570.18",0.37,"83,570.18","80,000.00",69327RAJ0,US69327RAJ05,BF4P038,103.73,United States,-,USD,1.02,4.79,1.0,"May 15, 2026",5.75,3.82,-,3.31,0.37,3.31,USD,"May 15, 2018","Jul 25, 2018"
ANTERO MIDSTREAM PARTNERS LP 144A,Corporates,Fixed Income,"83,394.94",0.37,"83,394.94","75,000.00",03690EAA6,US03690EAA64,-,110.19,United States,-,USD,1.42,5.24,1.0,"May 15, 2026",7.88,3.69,-,3.06,1.3,3.06,USD,"Nov 10, 2020","Nov 10, 2020"
LSF9 ATLANTIS HOLDINGS LLC 144A,Corporates,Fixed Income,"83,197.42",0.36,"83,197.42","80,000.00",50220MAA8,US50220MAA80,-,101.07,United States,-,USD,3.17,7.44,1.0,"Feb 15, 2026",7.75,3.38,-,7.36,2.66,7.36,USD,"Feb 19, 2021","Feb 19, 2021"
NAVIENT CORP,Corporates,Fixed Income,"83,109.75",0.36,"83,109.75","75,000.00",63938CAJ7,US63938CAJ71,BF5C4B4,110.51,United States,-,USD,3.92,4.14,1.0,"Jun 15, 2026",6.75,3.86,-,4.14,3.86,4.14,USD,"Jun 11, 2018","Jun 11, 2018"
INTERNATIONAL GAME TECHNOLOGY PLC 144A,Corporates,Fixed Income,"82,933.90",0.36,"82,933.90","80,000.00",460599AF0,US460599AF06,-,102.81,United States,-,USD,2.81,3.41,1.0,"Apr 15, 2026",4.13,3.88,-,3.22,3.04,3.22,USD,"Mar 25, 2021","Mar 25, 2021"
AETHON UNITED BR LP 144A,Corporates,Fixed Income,"82,847.75",0.36,"82,847.75","75,000.00",00810GAC8,US00810GAC87,-,107.35,United States,-,USD,1.72,6.2,1.0,"Feb 15, 2026",8.25,3.39,-,5.04,1.04,5.04,USD,"Feb 02, 2021","Feb 02, 2021"
FORD MOTOR CREDIT COMPANY LLC,Corporates,Fixed Income,"82,756.12",0.36,"82,756.12","75,000.00",345397ZW6,US345397ZW60,BKPHQ30,108.45,United States,-,USD,4.01,2.58,1.0,"Aug 01, 2026",4.54,4.08,-,2.51,3.95,2.51,USD,"Aug 01, 2019","Aug 01, 2019"
MATTEL INC 144A,Corporates,Fixed Income,"82,727.80",0.36,"82,727.80","80,000.00",577081BE1,US577081BE10,-,102.57,United States,-,USD,2.67,2.73,1.0,"Apr 01, 2026",3.38,3.91,-,2.55,3.04,2.55,USD,"Mar 19, 2021","Mar 19, 2021"
BAFFINLAND IRON MINES CORP 144A,Corporates,Fixed Income,"81,272.79",0.36,"81,272.79","75,000.00",056623AA9,US056623AA98,-,104.33,Canada,-,USD,2.28,7.6,1.0,"Jul 15, 2026",8.75,3.58,-,6.86,2.18,6.86,USD,"Jun 27, 2018","Jun 27, 2018"
CLEVELAND-CLIFFS INC 144A,Corporates,Fixed Income,"80,822.62",0.35,"80,822.62","75,000.00",185899AG6,US185899AG62,-,105.78,United States,-,USD,1.7,5.2,1.0,"Mar 15, 2026",6.75,3.59,-,4.12,1.11,4.12,USD,"Mar 13, 2020","Mar 13, 2020"
BLK CSH FND TREASURY SL AGENCY,Cash and/or Derivatives,Money Market,"80,000.00",0.35,"80,000.00","80,000.00",066922477,US0669224778,6922477,1.0,United States,-,USD,0.07,0.07,1.0,-,0.1,0.1,-,0.07,0.1,0.07,USD,-,"Feb 04, 2009"
PARTY CITY HOLDINGS INC 144A,Corporates,Fixed Income,"79,907.67",0.35,"79,907.67","75,000.00",702150AG8,US702150AG84,BM8C3F7,103.24,United States,-,USD,3.19,7.81,1.0,"Feb 15, 2026",8.75,3.32,-,7.7,2.98,7.7,USD,"Feb 19, 2021","Feb 19, 2021"
JB POINDEXTER & CO INC 144A,Corporates,Fixed Income,"79,546.63",0.35,"79,546.63","75,000.00",730481AJ7,US730481AJ74,BFX2LS2,104.56,United States,-,USD,0.39,5.9,1.0,"Apr 15, 2026",7.13,3.63,-,3.47,0.28,3.47,USD,"Apr 16, 2018","Apr 16, 2018"
TRAVEL + LEISURE CO 144A,Corporates,Fixed Income,"79,474.79",0.35,"79,474.79","70,000.00",98310WAS7,US98310WAS70,BMWZQD1,110.78,United States,-,USD,3.78,4.03,1.0,"Jul 31, 2026",6.63,3.88,-,3.9,3.7,3.9,USD,"Jul 24, 2020","Jul 24, 2020"
NORTHRIVER MIDSTREAM FINANCE LP 144A,Corporates,Fixed Income,"78,823.12",0.35,"78,823.12","75,000.00",66679NAA8,US66679NAA81,-,103.91,Canada,-,USD,1.99,4.57,1.0,"Feb 15, 2026",5.63,3.62,-,4.07,0.76,4.07,USD,"Oct 15, 2020","Oct 15, 2020"
VISTRA OPERATIONS COMPANY LLC 144A,Corporates,Fixed Income,"78,523.75",0.34,"78,523.75","75,000.00",92840VAA0,US92840VAA08,BFXKZR3,102.86,United States,-,USD,0.03,4.81,1.0,"Sep 01, 2026",5.5,4.02,-,0.77,0.03,0.77,USD,"Aug 22, 2018","Aug 22, 2018"
WESTERN GAS PARTNERS LP,Corporates,Fixed Income,"77,805.70",0.34,"77,805.70","70,000.00",958254AF1,US958254AF13,BD2NKX0,108.83,United States,-,USD,3.86,2.56,1.0,"Jul 01, 2026",4.65,4.0,-,2.45,3.79,2.45,USD,"Jul 12, 2016","Jul 12, 2016"
MILLENNIUM ESCROW CORP 144A,Corporates,Fixed Income,"77,290.80",0.34,"77,290.80","75,000.00",60041CAA6,US60041CAA62,BNZKRP9,100.29,United States,-,USD,3.6,6.55,1.0,"Aug 01, 2026",6.63,3.8,-,6.54,3.06,6.54,USD,"Jul 30, 2021","Jul 30, 2021"
MGM GROWTH PROPERTIES OPERATING PA,Corporates,Fixed Income,"75,989.90",0.33,"75,989.90","70,000.00",55303XAB1,US55303XAB10,BD89B06,107.06,United States,-,USD,4.05,2.87,1.0,"Sep 01, 2026",4.5,4.16,-,2.79,3.96,2.79,USD,"Mar 01, 2017","Mar 03, 2017"
NEXTERA ENERGY OPERATING PARTNERS 144A,Corporates,Fixed Income,"74,800.64",0.33,"74,800.64","70,000.00",65342QAL6,US65342QAL68,-,106.04,United States,-,USD,4.23,2.53,1.0,"Oct 15, 2026",3.88,4.34,-,2.46,4.13,2.46,USD,"Sep 23, 2019","Sep 23, 2019"
CORECIVIC INC,Corporates,Fixed Income,"74,380.37",0.33,"74,380.37","70,000.00",21871NAB7,US21871NAB73,BMCRWJ5,104.52,United States,-,USD,3.13,7.01,1.0,"Apr 15, 2026",8.25,3.53,-,6.69,2.82,6.69,USD,"Apr 14, 2021","Apr 14, 2021"
LABL ESCROW ISSUER LLC 144A,Corporates,Fixed Income,"74,095.35",0.32,"74,095.35","70,000.00",50168AAB6,US50168AAB61,BJQXGS5,102.74,United States,-,USD,2.61,6.05,1.0,"Jul 15, 2026",6.75,3.76,-,5.58,2.25,5.58,USD,"Jul 01, 2019","Jul 01, 2019"
GFL ENVIRONMENTAL INC (ALBERTA) 144A,Corporates,Fixed Income,"73,135.14",0.32,"73,135.14","70,000.00",36168QAF1,US36168QAF19,BJBYK25,104.25,Canada,-,USD,2.08,4.17,1.0,"Dec 15, 2026",5.13,4.35,-,3.23,0.93,3.23,USD,"Dec 16, 2019","Dec 16, 2019"
IRB HOLDING CORP 144A,Corporates,Fixed Income,"72,469.60",0.32,"72,469.60","70,000.00",44988MAA3,US44988MAA36,BD1DD10,102.1,United States,-,USD,0.13,6.16,1.0,"Feb 15, 2026",6.75,3.51,-,3.17,0.12,3.17,USD,"Feb 05, 2018","Feb 05, 2018"
TITAN ACQUISITION LTD 144A,Corporates,Fixed Income,"72,360.81",0.32,"72,360.81","70,000.00",88827AAA1,US88827AAA16,BD4B0T8,101.76,Canada,-,USD,1.82,7.26,1.0,"Apr 15, 2026",7.75,3.55,-,6.3,1.2,6.3,USD,"Mar 28, 2018","Mar 28, 2018"
NUFARM AUSTRALIA LTD / NUFARM AMER 144A,Corporates,Fixed Income,"72,175.13",0.32,"72,175.13","70,000.00",67052NAA3,US67052NAA37,BD1KDV1,102.15,Australia,-,USD,0.86,5.19,1.0,"Apr 30, 2026",5.75,3.77,-,3.51,0.33,3.51,USD,"Apr 26, 2018","Apr 26, 2018"
WOLVERINE ESCROW LLC 144A,Corporates,Fixed Income,"72,024.00",0.32,"72,024.00","75,000.00",97789LAB2,US97789LAB27,BJXCLY6,94.88,United States,-,USD,3.9,10.36,1.0,"Nov 15, 2026",9.0,3.78,-,10.36,3.78,10.36,USD,"Nov 27, 2019","Nov 27, 2019"
RR DONNELLEY & SONS CO 144A,Corporates,Fixed Income,"71,962.04",0.32,"71,962.04","65,000.00",257867BF7,US257867BF75,-,109.69,United States,-,USD,2.06,3.9,1.0,"Nov 01, 2026",6.13,4.17,-,2.34,1.73,2.34,USD,"Apr 28, 2021","Apr 28, 2021"
TALOS PRODUCTION INC,Corporates,Fixed Income,"71,838.22",0.31,"71,838.22","65,000.00",87485LAC8,US87485LAC81,-,104.99,United States,-,USD,2.63,10.45,1.0,"Jan 15, 2026",12.0,3.01,-,10.05,2.39,10.05,USD,"Jan 04, 2021","Jun 16, 2021"
ROYAL CARIBBEAN CRUISES LTD 144A,Corporates,Fixed Income,"69,509.88",0.3,"69,509.88","70,000.00",780153BH4,US780153BH44,-,97.1,United States,-,USD,3.95,4.98,1.0,"Jul 01, 2026",4.25,3.95,-,4.98,3.95,4.98,USD,"Jun 24, 2021","Jun 24, 2021"
CALIFORNIA RESOURCES CORP 144A,Corporates,Fixed Income,"69,386.04",0.3,"69,386.04","65,000.00",13057QAH0,US13057QAH02,-,103.78,United States,-,USD,2.72,6.06,1.0,"Feb 01, 2026",7.13,3.42,-,5.77,2.67,5.77,USD,"Jan 20, 2021","Jan 20, 2021"
GATES GLOBAL LLC 144A,Corporates,Fixed Income,"69,003.31",0.3,"69,003.31","65,000.00",36740LAA0,US36740LAA08,-,103.28,United States,-,USD,0.63,5.34,1.0,"Jan 15, 2026",6.25,3.45,-,4.04,0.07,4.04,USD,"Nov 22, 2019","Nov 22, 2019"
VECTOR GROUP LTD 144A,Corporates,Fixed Income,"68,494.40",0.3,"68,494.40","65,000.00",92240MBJ6,US92240MBJ62,BGKX9B4,103.63,United States,-,USD,1.97,9.54,1.0,"Nov 01, 2026",10.5,3.69,-,8.31,1.62,8.31,USD,"Nov 02, 2018","Nov 02, 2018"
SUMMIT MIDSTREAM HOLDINGS LLC 144A,Corporates,Fixed Income,"68,479.49",0.3,"68,479.49","65,000.00",86614WAE6,US86614WAE66,-,103.96,United States,-,USD,3.42,7.5,1.0,"Oct 15, 2026",8.5,3.85,-,7.28,3.17,7.28,USD,"Nov 02, 2021","Nov 02, 2021"
NEWFIELD EXPLORATION COMPANY,Corporates,Fixed Income,"68,206.50",0.3,"68,206.50","60,000.00",651290AR9,US651290AR99,BWB8YK4,110.99,United States,-,USD,3.38,2.47,1.0,"Jan 01, 2026",5.38,3.55,-,2.3,3.35,2.3,USD,"Mar 10, 2015","Mar 10, 2015"
GOODYEAR TIRE & RUBBER COMPANY (TH,Corporates,Fixed Income,"67,244.23",0.29,"67,244.23","65,000.00",382550BF7,US382550BF73,BDGNMR4,103.04,United States,-,USD,0.08,4.24,1.0,"May 31, 2026",5.0,3.93,-,-1.38,0.08,-1.38,USD,"May 13, 2016","May 13, 2016"
FREEDOM MORTGAGE CORP 144A,Corporates,Fixed Income,"67,205.99",0.29,"67,205.99","65,000.00",35640YAF4,US35640YAF43,-,102.12,United States,-,USD,3.27,7.04,1.0,"May 01, 2026",7.63,3.61,-,6.9,2.88,6.9,USD,"Oct 19, 2020","Oct 19, 2020"
ASCENT RESOURCES UTICA HOLDINGS LL 144A,Corporates,Fixed Income,"66,793.13",0.29,"66,793.13","65,000.00",04364VAG8,US04364VAG86,BGPZ5X9,101.59,United States,-,USD,2.98,6.61,1.0,"Nov 01, 2026",7.0,4.01,-,6.37,2.51,6.37,USD,"Oct 11, 2018","Oct 11, 2018"
TOWNSQUARE MEDIA INC 144A,Corporates,Fixed Income,"65,586.95",0.29,"65,586.95","60,000.00",892231AB7,US892231AB73,-,106.45,United States,-,USD,1.64,5.1,1.0,"Feb 01, 2026",6.88,3.46,-,3.87,1.02,3.87,USD,"Jan 06, 2021","Jan 06, 2021"
CEC ENTERTAINMENT LLC 144A,Corporates,Fixed Income,"64,554.75",0.28,"64,554.75","65,000.00",125137AC3,US125137AC31,-,98.19,United States,-,USD,3.59,7.24,1.0,"May 01, 2026",6.75,3.65,-,7.24,3.65,7.24,USD,"Apr 23, 2021","Apr 23, 2021"
FERRELLGAS ESCROW LLC 144A,Corporates,Fixed Income,"63,992.99",0.28,"63,992.99","65,000.00",315289AA6,US315289AA69,-,97.11,United States,-,USD,3.65,6.16,1.0,"Apr 01, 2026",5.38,3.68,-,6.16,3.68,6.16,USD,"Mar 30, 2021","Mar 30, 2021"
TEGNA INC 144A,Corporates,Fixed Income,"63,314.77",0.28,"63,314.77","60,000.00",87901JAF2,US87901JAF21,-,104.13,United States,-,USD,2.31,3.68,1.0,"Mar 15, 2026",4.75,3.75,-,3.18,1.15,3.18,USD,"Sep 10, 2020","Sep 10, 2020"
COTY INC 144A,Corporates,Fixed Income,"62,664.73",0.27,"62,664.73","60,000.00",222070AB0,US222070AB02,BFMXYC1,103.07,United States,-,USD,2.05,5.68,1.0,"Apr 15, 2026",6.5,3.67,-,5.06,2.09,5.06,USD,"Apr 05, 2018","Apr 05, 2018"
CAMELOT FINANCE SA 144A,Corporates,Fixed Income,"62,605.50",0.27,"62,605.50","60,000.00",13323AAB6,US13323AAB61,BKSGCW5,103.61,Luxembourg,-,USD,1.97,3.68,1.0,"Nov 01, 2026",4.5,4.3,-,2.78,0.81,2.78,USD,"Oct 31, 2019","Oct 31, 2019"
NCL CORPORATION LTD 144A,Corporates,Fixed Income,"62,337.79",0.27,"62,337.79","52,000.00",62886HAY7,US62886HAY71,-,115.64,United States,-,USD,1.46,5.89,1.0,"Feb 01, 2026",10.25,3.27,-,3.23,1.44,3.23,USD,"Jul 21, 2020","Jul 21, 2020"
LEVEL 3 FINANCING INC,Corporates,Fixed Income,"62,099.60",0.27,"62,099.60","60,000.00",527298BM4,US527298BM48,BD8ZKG3,102.39,United States,-,USD,0.22,4.62,1.0,"Mar 15, 2026",5.25,3.71,-,2.03,0.21,2.03,USD,"Oct 15, 2016","Mar 23, 2017"
COGENT COMMUNICATIONS GROUP INC 144A,Corporates,Fixed Income,"61,800.20",0.27,"61,800.20","60,000.00",19240CAC7,US19240CAC73,-,102.42,United States,-,USD,3.91,2.9,1.0,"May 01, 2026",3.5,3.98,-,2.87,3.76,2.87,USD,"May 07, 2021","May 07, 2021"
BUCKEYE PARTNERS LP,Corporates,Fixed Income,"61,337.50",0.27,"61,337.50","60,000.00",118230AQ4,US118230AQ44,BZ1JM93,101.9,United States,-,USD,4.39,3.53,1.0,"Dec 01, 2026",3.95,4.43,-,3.51,4.22,3.51,USD,"Nov 07, 2016","Nov 07, 2016"
ALBION FINANCING 1 SARL 144A,Corporates,Fixed Income,"61,264.17",0.27,"61,264.17","60,000.00",013304AA8,US013304AA87,-,100.95,Luxembourg,-,USD,3.75,5.89,1.0,"Oct 15, 2026",6.13,4.06,-,5.84,3.31,5.84,USD,"Oct 22, 2021","Oct 22, 2021"
HERTZ CORPORATION (THE) 144A,Corporates,Fixed Income,"60,727.31",0.27,"60,727.31","60,000.00",428040DA4,US428040DA42,-,100.72,United States,-,USD,3.9,4.46,1.0,"Dec 01, 2026",4.63,4.34,-,4.42,3.53,4.42,USD,"Nov 23, 2021","Nov 23, 2021"
NUSTAR LOGISTICS LP,Corporates,Fixed Income,"60,277.25",0.26,"60,277.25","55,000.00",67059TAF2,US67059TAF21,BK6J2V5,109.1,United States,-,USD,3.77,3.75,1.0,"Jun 01, 2026",6.0,3.88,-,3.63,3.68,3.63,USD,"May 22, 2019","May 22, 2019"
RAYONIER AM PRODUCTS INC 144A,Corporates,Fixed Income,"60,235.98",0.26,"60,235.98","55,000.00",75508EAB4,US75508EAB48,-,106.0,United States,-,USD,2.82,5.93,1.0,"Jan 15, 2026",7.63,3.35,-,5.45,2.62,5.45,USD,"Dec 23, 2020","Dec 23, 2020"
ALBERTSONS COS LLC/SAFEWAY INC/NEW 144A,Corporates,Fixed Income,"59,954.03",0.26,"59,954.03","55,000.00",013092AA9,US013092AA91,BHX0XV7,106.8,United States,-,USD,0.2,5.66,1.0,"Mar 15, 2026",7.5,3.53,-,1.64,0.2,1.64,USD,"Feb 05, 2019","Feb 05, 2019"
FLEX ACQUISITION COMPANY INC 144A,Corporates,Fixed Income,"59,130.09",0.26,"59,130.09","55,000.00",33936YAC9,US33936YAC93,BFZLNC5,103.88,United States,-,USD,0.62,6.86,1.0,"Jul 15, 2026",7.88,3.66,-,4.17,0.51,4.17,USD,"Jun 29, 2018","Jun 29, 2018"
US ACUTE CARE SOLUTIONS LLC 144A,Corporates,Fixed Income,"58,722.95",0.26,"58,722.95","55,000.00",90367UAA9,US90367UAA97,-,104.64,United States,-,USD,2.44,5.12,1.0,"Mar 01, 2026",6.38,3.57,-,4.77,2.8,4.77,USD,"Mar 05, 2021","Mar 05, 2021"
MOSS CREEK RESOURCES HOLDINGS INC 144A,Corporates,Fixed Income,"58,292.00",0.26,"58,292.00","60,000.00",61965RAA3,US61965RAA32,BF2BQ63,93.69,United States,-,USD,3.38,9.41,1.0,"Jan 15, 2026",7.5,3.26,-,9.41,3.26,9.41,USD,"Jan 18, 2018","Jan 18, 2018"
MGM RESORTS INTERNATIONAL,Corporates,Fixed Income,"58,275.62",0.26,"58,275.62","55,000.00",552953CD1,US552953CD18,BDHBPQ7,104.41,United States,-,USD,4.06,3.59,1.0,"Sep 01, 2026",4.63,4.13,-,3.54,3.92,3.54,USD,"Aug 19, 2016","Aug 19, 2016"
TAP ROCK RESOURCES LLC 144A,Corporates,Fixed Income,"58,164.58",0.25,"58,164.58","55,000.00",87602LAA0,US87602LAA08,-,103.93,United States,-,USD,3.33,6.03,1.0,"Oct 01, 2026",7.0,3.95,-,5.82,3.22,5.82,USD,"Sep 27, 2021","Sep 27, 2021"
INDEPENDENCE ENERGY FINANCE LLC 144A,Corporates,Fixed Income,"57,919.58",0.25,"57,919.58","55,000.00",45344LAA1,US45344LAA17,-,104.1,United States,-,USD,2.95,6.15,1.0,"May 01, 2026",7.25,3.65,-,5.87,2.91,5.87,USD,"May 06, 2021","May 06, 2021"
CIMPRESS PLC 144A,Corporates,Fixed Income,"57,637.62",0.25,"57,637.62","55,000.00",17186HAC6,US17186HAC60,BFWN9W6,104.5,Ireland,-,USD,1.35,5.84,1.0,"Jun 15, 2026",7.0,3.8,-,4.59,0.45,4.59,USD,"Jun 15, 2018","Jun 15, 2018"
NABORS INDUSTRIES LTD 144A,Corporates,Fixed Income,"57,500.95",0.25,"57,500.95","60,000.00",629571AA8,US629571AA86,BL3BQ20,92.51,United States,-,USD,3.41,9.52,1.0,"Jan 15, 2026",7.25,3.27,-,9.52,3.27,9.52,USD,"Jan 10, 2020","Jan 10, 2020"
ACRISURE LLC 144A,Corporates,Fixed Income,"57,173.88",0.25,"57,173.88","50,000.00",00489LAD5,US00489LAD55,-,110.13,United States,-,USD,0.81,7.47,1.0,"Aug 01, 2026",10.13,3.55,-,5.24,0.55,5.24,USD,"Aug 01, 2019","Aug 01, 2019"
UNDER ARMOUR INC,Corporates,Fixed Income,"56,853.74",0.25,"56,853.74","55,000.00",904311AA5,US904311AA54,BD1JWR7,103.23,United States,-,USD,4.04,2.48,1.0,"Jun 15, 2026",3.25,4.13,-,2.44,3.92,2.44,USD,"Jun 13, 2016","Jun 13, 2016"
HOME POINT CAPITAL 144A,Corporates,Fixed Income,"56,845.40",0.25,"56,845.40","60,000.00",43734LAA4,US43734LAA44,-,92.66,United States,-,USD,3.62,7.1,1.0,"Feb 01, 2026",5.0,3.52,-,7.1,3.52,7.1,USD,"Jan 19, 2021","Jan 19, 2021"
RLJ LODGING TRUST LP 144A,Corporates,Fixed Income,"56,193.96",0.25,"56,193.96","55,000.00",74965LAA9,US74965LAA98,-,100.15,United States,-,USD,3.57,3.71,1.0,"Jul 01, 2026",3.75,4.03,-,3.7,3.19,3.7,USD,"Jun 17, 2021","Jun 17, 2021"
WASTE PRO USA INC 144A,Corporates,Fixed Income,"56,133.43",0.25,"56,133.43","55,000.00",94107JAA1,US94107JAA16,BFY0Z83,99.98,United States,-,USD,3.02,5.5,1.0,"Feb 15, 2026",5.5,3.57,-,5.5,3.57,5.5,USD,"Feb 01, 2018","Feb 01, 2018"
STRATHCONA RESOURCES LTD 144A,Corporates,Fixed Income,"55,699.96",0.24,"55,699.96","55,000.00",86304TAA6,US86304TAA60,-,98.2,Canada,-,USD,3.69,7.34,1.0,"Aug 01, 2026",6.88,3.74,-,7.34,3.74,7.34,USD,"Jul 20, 2021","Jul 20, 2021"
GULFPORT ENERGY CORPORATION,Corporates,Fixed Income,"55,015.33",0.24,"55,015.33","50,000.00",402635AQ9,US402635AQ92,-,109.36,United States,-,USD,3.04,5.56,1.0,"May 17, 2026",8.0,3.68,-,4.96,2.95,4.96,USD,"May 17, 2021","May 17, 2021"
TENNECO INC,Corporates,Fixed Income,"54,412.91",0.24,"54,412.91","55,000.00",880349AR6,US880349AR61,BZBZ0C0,96.63,United States,-,USD,3.76,5.86,1.0,"Jul 15, 2026",5.0,3.9,-,5.86,3.9,5.86,USD,"Jun 13, 2016","Jun 13, 2016"
ENLINK MIDSTREAM PARTNERS LP,Corporates,Fixed Income,"54,015.69",0.24,"54,015.69","50,000.00",29336UAF4,US29336UAF49,BD86G80,105.8,United States,-,USD,3.9,3.46,1.0,"Jul 15, 2026",4.85,3.99,-,3.39,3.79,3.39,USD,"Jul 14, 2016","Jul 14, 2016"
CROWN AMERICAS LLC,Corporates,Fixed Income,"54,007.25",0.24,"54,007.25","50,000.00",22819KAB6,US22819KAB61,BF6Q4S2,106.95,United States,-,USD,4.0,2.68,1.0,"Sep 30, 2026",4.25,4.27,-,2.51,3.86,2.51,USD,"Mar 31, 2017","Aug 14, 2017"
BOXER PARENT CO INC 144A,Corporates,Fixed Income,"53,738.83",0.24,"53,738.83","50,000.00",103186AC6,US103186AC61,-,104.44,United States,-,USD,0.9,7.85,1.0,"Mar 01, 2026",9.13,3.34,-,5.64,0.63,5.64,USD,"Jun 01, 2020","Jun 01, 2020"
ITHACA ENERGY NORTH SEA PLC 144A,Corporates,Fixed Income,"53,158.00",0.23,"53,158.00","50,000.00",46567TAB0,US46567TAB08,-,102.57,United Kingdom,-,USD,3.28,8.31,1.0,"Jul 15, 2026",9.0,3.55,-,8.15,2.89,8.15,USD,"Jul 30, 2021","Jul 30, 2021"
LIFE TIME INC 144A,Corporates,Fixed Income,"53,144.94",0.23,"53,144.94","50,000.00",53190FAC9,US53190FAC95,-,104.6,United States,-,USD,2.67,6.74,1.0,"Apr 15, 2026",8.0,3.55,-,6.33,2.67,6.33,USD,"Feb 05, 2021","Feb 05, 2021"
GRAY TELEVISION INC 144A,Corporates,Fixed Income,"53,049.01",0.23,"53,049.01","50,000.00",389375AJ5,US389375AJ52,BYYYV02,103.39,United States,-,USD,0.08,5.03,1.0,"Jul 15, 2026",5.88,3.86,-,-0.31,0.07,-0.31,USD,"Jun 14, 2016","Jun 14, 2016"
TRANSDIGM UK HOLDINGS PLC,Corporates,Fixed Income,"52,688.69",0.23,"52,688.69","50,000.00",89365DAB9,US89365DAB91,BJ02967,104.52,United States,-,USD,0.83,5.69,1.0,"May 15, 2026",6.88,3.73,-,3.79,0.37,3.79,USD,"Nov 15, 2018","May 09, 2019"
LIVE NATION ENTERTAINMENT INC 144A,Corporates,Fixed Income,"52,483.12",0.23,"52,483.12","50,000.00",538034AN9,US538034AN93,BYVTQ72,103.31,United States,-,USD,0.64,4.75,1.0,"Mar 15, 2026",5.63,3.67,-,3.06,0.2,3.06,USD,"Mar 20, 2018","Mar 20, 2018"
SUMMER (BC) BIDCO B LLC 144A,Corporates,Fixed Income,"52,323.00",0.23,"52,323.00","50,000.00",865632AA1,US865632AA18,-,101.9,United States,-,USD,3.48,5.05,1.0,"Oct 31, 2026",5.5,4.1,-,4.91,3.11,4.91,USD,"Jul 01, 2021","Jul 01, 2021"
SM ENERGY CO,Corporates,Fixed Income,"52,297.25",0.23,"52,297.25","50,000.00",78454LAN0,US78454LAN01,BDJ0GW5,102.61,United States,-,USD,2.26,6.1,1.0,"Sep 15, 2026",6.75,3.92,-,5.69,2.41,5.69,USD,"Sep 12, 2016","Sep 12, 2016"
SCIL IV LLC 144A,Corporates,Fixed Income,"51,981.42",0.23,"51,981.42","50,000.00",78397UAA8,US78397UAA88,-,103.07,United States,-,USD,3.48,4.66,1.0,"Nov 01, 2026",5.38,4.2,-,4.49,3.42,4.49,USD,"Nov 01, 2021","Nov 01, 2021"
TELESAT CANADA 144A,Corporates,Fixed Income,"51,888.51",0.23,"51,888.51","55,000.00",87952VAR7,US87952VAR78,-,93.87,Canada,-,USD,4.26,7.12,1.0,"Dec 06, 2026",5.63,4.18,-,7.12,4.18,7.12,USD,"Apr 27, 2021","Apr 27, 2021"
CONSTELLIUM SE (FRANCE) 144A,Corporates,Fixed Income,"51,778.56",0.23,"51,778.56","50,000.00",210383AG0,US210383AG04,BF4YHC3,101.35,United States,-,USD,1.29,5.5,1.0,"Feb 15, 2026",5.88,3.55,-,4.28,0.83,4.28,USD,"Nov 09, 2017","Nov 09, 2017"
EQT MIDSTREAM PARTNERS LP,Corporates,Fixed Income,"51,705.88",0.23,"51,705.88","50,000.00",26885BAB6,US26885BAB62,BZ1BSC4,103.07,United States,-,USD,4.36,3.44,1.0,"Dec 01, 2026",4.13,4.42,-,3.41,4.21,3.41,USD,"Nov 04, 2016","Nov 04, 2016"
PETROFAC LTD 144A,Corporates,Fixed Income,"51,679.62",0.23,"51,679.62","50,000.00",716473AE3,US716473AE37,BNBXF58,101.98,United Arab Emirates,-,USD,3.6,9.23,1.0,"Nov 15, 2026",9.75,3.78,-,9.12,3.14,9.12,USD,"Nov 09, 2021","Nov 16, 2021"
SCHAEFFLER VERWALTUNG ZWEI GMBH 144A,Corporates,Fixed Income,"51,354.88",0.23,"51,354.88","50,000.00",80627DAC0,US80627DAC02,BYVC637,102.12,Germany,-,USD,1.81,4.25,1.0,"Sep 15, 2026",4.75,4.17,-,3.91,1.62,3.91,USD,"Sep 22, 2016","Sep 22, 2016"
FORESTAR GROUP INC 144A,Corporates,Fixed Income,"50,415.97",0.22,"50,415.97","50,000.00",346232AF8,US346232AF83,-,100.34,United States,-,USD,3.49,3.76,1.0,"May 15, 2026",3.85,3.97,-,3.74,3.12,3.74,USD,"Apr 21, 2021","Apr 21, 2021"
SLM CORP,Corporates,Fixed Income,"49,988.42",0.22,"49,988.42","50,000.00",78442PGE0,US78442PGE07,-,99.46,United States,-,USD,4.45,3.25,1.0,"Nov 02, 2026",3.13,4.43,-,3.25,4.43,3.25,USD,"Nov 01, 2021","Nov 01, 2021"
MELCO RESORTS FINANCE LTD RegS,Corporates,Fixed Income,"49,982.67",0.22,"49,982.67","50,000.00",-,USG5975LAC03,BGDVWX8,99.03,Macau,-,USD,3.38,5.5,1.0,"Apr 26, 2026",5.25,3.78,-,5.5,3.78,5.5,USD,"Apr 26, 2019","Apr 26, 2019"
HOSPITALITY PROPERTIES TRUST,Corporates,Fixed Income,"49,414.75",0.22,"49,414.75","50,000.00",44106MBA9,US44106MBA99,BKVJX73,97.64,United States,-,USD,4.2,5.32,1.0,"Oct 01, 2026",4.75,4.14,-,5.32,4.14,5.32,USD,"Sep 18, 2019","Sep 18, 2019"
NEON HOLDINGS INC 144A,Corporates,Fixed Income,"49,071.26",0.22,"49,071.26","45,000.00",64051NAA1,US64051NAA19,BJXH6B3,106.52,United States,-,USD,0.25,8.27,1.0,"Apr 01, 2026",10.13,3.36,-,3.96,0.25,3.96,USD,"Mar 29, 2019","Mar 29, 2019"
BONANZA CREEK ENERGY INC 144A,Corporates,Fixed Income,"49,045.12",0.22,"49,045.12","48,000.00",097793AE3,US097793AE35,BMTVQ76,101.09,United States,-,USD,3.73,4.74,1.0,"Oct 15, 2026",5.0,4.18,-,4.68,3.39,4.68,USD,"Oct 13, 2021","Oct 13, 2021"
CHESAPEAKE ENERGY CORPORATION 144A,Corporates,Fixed Income,"48,441.90",0.21,"48,441.90","45,000.00",165167DF1,US165167DF18,BMD83B6,105.36,United States,-,USD,1.74,4.06,1.0,"Feb 01, 2026",5.5,3.57,-,2.98,1.04,2.98,USD,"Feb 05, 2021","Feb 05, 2021"
CUMULUS MEDIA NEW HOLDINGS INC 144A,Corporates,Fixed Income,"48,284.55",0.21,"48,284.55","45,000.00",23110AAA4,US23110AAA43,BK6WVG2,103.92,United States,-,USD,1.85,5.74,1.0,"Jul 01, 2026",6.75,3.74,-,5.05,2.22,5.05,USD,"Jun 26, 2019","Jun 26, 2019"
SOLARIS MIDSTREAM HOLDINGS LLC 144A,Corporates,Fixed Income,"48,231.56",0.21,"48,231.56","45,000.00",83419MAA0,US83419MAA09,-,105.28,United States,-,USD,2.59,6.19,1.0,"Apr 01, 2026",7.63,3.55,-,5.82,2.82,5.82,USD,"Apr 01, 2021","Apr 01, 2021"
AMERICAN AIRLINES PASS THROUGH TRU,Corporates,Fixed Income,"47,931.94",0.21,"47,931.94","46,902.00",02377AAA6,US02377AAA60,BQQP7Y3,101.27,United States,-,USD,3.58,3.35,1.0,"Oct 01, 2026",3.7,3.55,-,3.35,3.55,3.35,USD,"Sep 16, 2014","Sep 16, 2014"
BRUNDAGE-BONE CONCRETE PUMPING HOL 144A,Corporates,Fixed Income,"47,880.90",0.21,"47,880.90","45,000.00",66981QAA4,US66981QAA40,-,103.9,United States,-,USD,2.5,4.93,1.0,"Feb 01, 2026",6.0,3.52,-,4.63,2.74,4.63,USD,"Jan 28, 2021","Jan 28, 2021"
PHH MORTGAGE CORP 144A,Corporates,Fixed Income,"47,584.69",0.21,"47,584.69","45,000.00",69356NAA2,US69356NAA28,-,103.43,United States,-,USD,2.98,6.92,1.0,"Mar 15, 2026",7.88,3.47,-,6.67,2.75,6.67,USD,"Mar 04, 2021","Mar 04, 2021"
MERLIN ENTERTAINMENTS PLC 144A,Corporates,Fixed Income,"47,107.61",0.21,"47,107.61","45,000.00",59010QAB2,US59010QAB23,BDT58L3,104.44,United Kingdom,-,USD,3.86,4.63,1.0,"Jun 15, 2026",5.75,3.91,-,4.58,3.72,4.58,USD,"May 09, 2018","May 09, 2018"
SUNNOVA ENERGY CORP 144A,Corporates,Fixed Income,"46,890.36",0.21,"46,890.36","45,000.00",86745GAF0,US86745GAF00,-,102.01,United States,-,USD,3.49,5.38,1.0,"Sep 01, 2026",5.88,3.96,-,5.26,3.2,5.26,USD,"Aug 17, 2021","Aug 17, 2021"
SHIFT4 PAYMENTS LLC 144A,Corporates,Fixed Income,"46,878.68",0.21,"46,878.68","45,000.00",82453AAA5,US82453AAA51,BMV3Y32,103.4,United States,-,USD,2.13,3.85,1.0,"Nov 01, 2026",4.63,4.28,-,3.21,0.81,3.21,USD,"Oct 29, 2020","Oct 29, 2020"
MONEYGRAM INTERNATIONAL INC 144A,Corporates,Fixed Income,"46,829.65",0.21,"46,829.65","45,000.00",60935YAA7,US60935YAA73,-,101.68,United States,-,USD,3.46,4.96,1.0,"Aug 01, 2026",5.38,3.94,-,4.86,3.16,4.86,USD,"Jul 21, 2021","Jul 21, 2021"
GANNETT HOLDINGS LLC 144A,Corporates,Fixed Income,"46,648.20",0.2,"46,648.20","45,000.00",36474GAA3,US36474GAA31,-,102.4,United States,-,USD,3.61,5.43,1.0,"Nov 01, 2026",6.0,4.11,-,5.3,3.36,5.3,USD,"Oct 15, 2021","Oct 15, 2021"
EQT CORP 144A,Corporates,Fixed Income,"46,468.49",0.2,"46,468.49","45,000.00",26884LAM1,US26884LAM19,-,102.86,United States,-,USD,2.68,2.43,1.0,"May 15, 2026",3.13,4.06,-,2.12,1.34,2.12,USD,"May 17, 2021","May 17, 2021"
SCOTTS MIRACLE-GRO CO/THE,Corporates,Fixed Income,"46,337.10",0.2,"46,337.10","45,000.00",810186AP1,US810186AP17,BF2MPT2,102.74,United States,-,USD,0.05,4.62,1.0,"Dec 15, 2026",5.25,4.33,-,2.12,0.04,2.12,USD,"Dec 15, 2016","May 19, 2017"
CINEMARK USA INC 144A,Corporates,Fixed Income,"46,232.49",0.2,"46,232.49","45,000.00",172441BD8,US172441BD81,-,101.01,United States,-,USD,3.29,5.6,1.0,"Mar 15, 2026",5.88,3.63,-,5.52,2.84,5.52,USD,"Mar 16, 2021","Mar 16, 2021"
BERRY PETROLEUM COMPANY LLC 144A,Corporates,Fixed Income,"46,018.55",0.2,"46,018.55","45,000.00",08580BAA4,US08580BAA44,BDFK9Q4,99.62,United States,-,USD,3.04,7.11,1.0,"Feb 15, 2026",7.0,3.44,-,7.11,3.44,7.11,USD,"Feb 08, 2018","Feb 08, 2018"
INDIGO MERGER SUB INC 144A,Corporates,Fixed Income,"45,884.47",0.2,"45,884.47","45,000.00",45569KAA1,US45569KAA16,-,100.53,Ireland,-,USD,3.48,2.75,1.0,"Jul 15, 2026",2.88,4.17,-,2.72,3.3,2.72,USD,"Jul 01, 2021","Jul 01, 2021"
INEOS QUATTRO FINANCE 2 PLC 144A,Corporates,Fixed Income,"45,864.39",0.2,"45,864.39","45,000.00",45674GAA2,US45674GAA22,-,100.37,United Kingdom,-,USD,3.14,3.28,1.0,"Jan 15, 2026",3.38,3.69,-,3.24,2.83,3.24,USD,"Jan 29, 2021","Jan 29, 2021"
STARWOOD PROPERTY TRUST INC 144A,Corporates,Fixed Income,"45,847.17",0.2,"45,847.17","45,000.00",85571BAU9,US85571BAU98,-,100.2,United States,-,USD,3.98,3.58,1.0,"Jul 15, 2026",3.63,4.08,-,3.57,3.67,3.57,USD,"Jul 14, 2021","Jul 14, 2021"
HUDBAY MINERALS INC RegS,Corporates,Fixed Income,"45,519.07",0.2,"45,519.07","45,000.00",-,USC4R803AH92,-,100.04,Peru,-,USD,3.45,4.49,1.0,"Apr 01, 2026",4.5,3.79,-,4.48,2.96,4.48,USD,"Mar 08, 2021","Mar 08, 2021"
FAIR ISAAC CORP 144A,Corporates,Fixed Income,"44,341.93",0.19,"44,341.93","40,000.00",303250AE4,US303250AE41,BD2NL82,110.18,United States,-,USD,3.77,2.76,1.0,"May 15, 2026",5.25,3.91,-,2.63,3.7,2.63,USD,"May 08, 2018","May 08, 2018"
SIGMA HOLDCO BV 144A,Corporates,Fixed Income,"43,921.52",0.19,"43,921.52","45,000.00",82660CAA0,US82660CAA09,BD9C1N7,96.62,Netherlands,-,USD,3.48,8.82,1.0,"May 15, 2026",7.88,3.58,-,8.82,3.58,8.82,USD,"May 09, 2018","May 09, 2018"
STEVENS HOLDING COMPANY INC 144A,Corporates,Fixed Income,"43,450.50",0.19,"43,450.50","40,000.00",86024TAA5,US86024TAA51,BGNKT56,107.1,United States,-,USD,1.9,4.45,1.0,"Oct 01, 2026",6.13,4.07,-,2.8,1.64,2.8,USD,"Oct 01, 2018","Oct 01, 2018"
CPI CG INC 144A,Corporates,Fixed Income,"43,270.63",0.19,"43,270.63","40,000.00",12598FAA7,US12598FAA75,-,105.64,United States,-,USD,2.58,7.05,1.0,"Mar 15, 2026",8.63,3.43,-,6.64,2.72,6.64,USD,"Mar 15, 2021","Mar 15, 2021"
DUN & BRADSTREET CORPORATION (THE) 144A,Corporates,Fixed Income,"42,670.09",0.19,"42,670.09","40,000.00",26483EAJ9,US26483EAJ91,BHNFD89,104.08,United States,-,USD,0.13,5.85,1.0,"Aug 15, 2026",6.88,3.84,-,1.54,0.12,1.54,USD,"Feb 08, 2019","Feb 08, 2019"
GOLDEN ENTERTAINMENT INC 144A,Corporates,Fixed Income,"42,522.69",0.19,"42,522.69","40,000.00",381013AA9,US381013AA98,BHZQX24,104.7,United States,-,USD,0.65,6.35,1.0,"Apr 15, 2026",7.63,3.58,-,4.29,0.28,4.29,USD,"Apr 15, 2019","Apr 15, 2019"
CREDIT ACCEPTANCE CORPORATION,Corporates,Fixed Income,"42,432.28",0.19,"42,432.28","40,000.00",225310AM3,US225310AM36,-,104.13,United States,-,USD,0.2,5.51,1.0,"Mar 15, 2026",6.63,3.58,-,2.5,0.2,2.5,USD,"Mar 15, 2020","Mar 24, 2020"
ISTAR INC,Corporates,Fixed Income,"42,367.51",0.19,"42,367.51","40,000.00",45031UCJ8,US45031UCJ88,-,103.84,United States,-,USD,1.63,4.47,1.0,"Feb 15, 2026",5.5,3.6,-,3.27,1.52,3.27,USD,"Sep 01, 2020","Sep 01, 2020"
CROWN CORK & SEAL CO INC,Corporates,Fixed Income,"42,316.67",0.19,"42,316.67","35,000.00",228255AH8,US228255AH83,2581439,120.58,United States,-,USD,4.27,2.89,1.0,"Dec 15, 2026",7.38,4.24,-,2.89,4.24,2.89,USD,"Dec 17, 1996","Dec 17, 1996"
OASIS PETROLEUM INC 144A,Corporates,Fixed Income,"42,240.10",0.19,"42,240.10","40,000.00",674215AL2,US674215AL24,-,105.07,United States,-,USD,2.68,5.08,1.0,"Jun 01, 2026",6.38,3.82,-,4.75,3.05,4.75,USD,"Jun 09, 2021","Jun 09, 2021"
CONSENSUS CLOUD SOLUTIONS INC 144A,Corporates,Fixed Income,"42,164.80",0.18,"42,164.80","40,000.00",20848VAA3,US20848VAA35,-,104.01,United States,-,USD,3.29,5.04,1.0,"Oct 15, 2026",6.0,4.09,-,4.83,3.33,4.83,USD,"Oct 07, 2021","Oct 07, 2021"
LFS TOPCO LLC 144A,Corporates,Fixed Income,"42,130.38",0.18,"42,130.38","40,000.00",50203TAA4,US50203TAA43,-,103.69,United States,-,USD,3.33,4.99,1.0,"Oct 15, 2026",5.88,4.09,-,4.79,3.33,4.79,USD,"Sep 21, 2021","Sep 21, 2021"
MAGNOLIA OIL & GAS FINANCE CORP 144A,Corporates,Fixed Income,"42,115.60",0.18,"42,115.60","40,000.00",559665AA2,US559665AA25,BYVW0H9,102.79,United States,-,USD,1.56,5.31,1.0,"Aug 01, 2026",6.0,3.88,-,4.52,0.56,4.52,USD,"Jul 31, 2018","Jul 31, 2018"
ORIFLAME INVESTMENT HOLDING PLC 144A,Corporates,Fixed Income,"42,031.18",0.18,"42,031.18","45,000.00",68621CAA7,US68621CAA71,-,92.76,Switzerland,-,USD,3.86,7.09,1.0,"May 04, 2026",5.13,3.77,-,7.09,3.77,7.09,USD,"May 04, 2021","May 04, 2021"
FAGE INTERNATIONAL SA/FAGE USA DAI 144A,Corporates,Fixed Income,"41,993.35",0.18,"41,993.35","40,000.00",30257WAA4,US30257WAA45,BY7RWT4,102.87,Greece,-,USD,1.01,4.92,1.0,"Aug 15, 2026",5.63,3.97,-,3.91,0.6,3.91,USD,"Aug 03, 2016","Aug 03, 2016"
GRAHAM HOLDINGS CO 144A,Corporates,Fixed Income,"41,847.27",0.18,"41,847.27","40,000.00",384637AA2,US384637AA23,BFCCDK9,104.14,United States,-,USD,0.69,4.7,1.0,"Jun 01, 2026",5.75,3.87,-,2.6,0.41,2.6,USD,"May 30, 2018","May 30, 2018"
TERRAFORM GLOBAL OPERATING LLC 144A,Corporates,Fixed Income,"41,683.87",0.18,"41,683.87","40,000.00",88104UAC7,US88104UAC71,BF2FTK0,102.17,United States,-,USD,0.16,5.53,1.0,"Mar 01, 2026",6.13,3.58,-,2.21,0.16,2.21,USD,"Feb 22, 2018","Feb 22, 2018"
JEFFERSON CAPITAL HOLDINGS LLC 144A,Corporates,Fixed Income,"41,684.00",0.18,"41,684.00","40,000.00",472481AA8,US472481AA80,-,101.76,United States,-,USD,3.49,5.56,1.0,"Aug 15, 2026",6.0,3.91,-,5.46,3.15,5.46,USD,"Aug 04, 2021","Aug 04, 2021"
CCO HOLDINGS LLC 144A,Corporates,Fixed Income,"41,625.07",0.18,"41,625.07","40,000.00",1248EPBR3,US1248EPBR37,BY9C190,103.15,United States,-,USD,0.08,4.69,1.0,"May 01, 2026",5.5,3.8,-,0.54,0.08,0.54,USD,"Apr 21, 2016","Apr 21, 2016"
AMERICAN AXLE AND MANUFACTURING IN,Corporates,Fixed Income,"41,620.91",0.18,"41,620.91","40,000.00",02406PAY6,US02406PAY60,BG1XGV2,102.21,United States,-,USD,0.22,5.65,1.0,"Mar 15, 2026",6.25,3.6,-,2.97,0.2,2.97,USD,"Mar 26, 2018","Mar 26, 2018"
ALTA EQUIPMENT GROUP INC 144A,Corporates,Fixed Income,"41,430.20",0.18,"41,430.20","40,000.00",02128LAA4,US02128LAA44,-,102.39,United States,-,USD,3.31,5.0,1.0,"Apr 15, 2026",5.63,3.74,-,5.0,3.74,5.0,USD,"Apr 01, 2021","Apr 01, 2021"
SPIRIT AEROSYSTEMS INC,Corporates,Fixed Income,"41,158.44",0.18,"41,158.44","40,000.00",85205TAG5,US85205TAG58,BYZ97L9,102.72,United States,-,USD,4.01,3.19,1.0,"Jun 15, 2026",3.85,4.07,-,3.15,3.86,3.15,USD,"Jun 01, 2016","Jun 01, 2016"
LEGENDS HOSPITALITY HOLDING COMPAN 144A,Corporates,Fixed Income,"41,158.94",0.18,"41,158.94","40,000.00",52473NAA6,US52473NAA63,BMY0TH9,100.81,United States,-,USD,3.19,4.78,1.0,"Feb 01, 2026",5.0,3.58,-,4.71,2.77,4.71,USD,"Jan 29, 2021","Jan 29, 2021"
GOEASY LTD 144A,Corporates,Fixed Income,"41,154.07",0.18,"41,154.07","40,000.00",380355AF4,US380355AF42,-,102.16,Canada,-,USD,3.09,3.83,1.0,"May 01, 2026",4.38,3.9,-,3.68,3.05,3.68,USD,"Apr 29, 2021","Apr 29, 2021"
RAPTOR ACQUISITION CORP / RAPTOR C 144A,Corporates,Fixed Income,"40,891.80",0.18,"40,891.80","40,000.00",75383KAA2,US75383KAA25,-,101.42,United States,-,USD,3.19,4.54,1.0,"Nov 01, 2026",4.88,4.24,-,4.34,2.61,4.34,USD,"Jun 30, 2021","Jun 30, 2021"
HOSPITALITY PROPERTIES TRUST,Corporates,Fixed Income,"40,566.93",0.18,"40,566.93","40,000.00",44106MAV4,US44106MAV46,BDF0WW1,99.43,United States,-,USD,3.56,5.4,1.0,"Feb 15, 2026",5.25,3.59,-,5.4,3.59,5.4,USD,"Feb 03, 2016","Feb 03, 2016"
HARBOUR ENERGY PLC 144A,Corporates,Fixed Income,"40,172.00",0.18,"40,172.00","40,000.00",411618AB7,US411618AB75,-,99.33,United Kingdom,-,USD,3.91,5.66,1.0,"Oct 15, 2026",5.5,4.11,-,5.66,4.11,5.66,USD,"Oct 18, 2021","Oct 18, 2021"
HILLENBRAND INC,Corporates,Fixed Income,"39,628.83",0.17,"39,628.83","35,000.00",431571AB4,US431571AB45,BKTPPC2,111.75,United States,-,USD,4.08,2.34,1.0,"Sep 15, 2026",5.0,4.18,-,2.26,4.04,2.26,USD,"Sep 25, 2019","Sep 25, 2019"
GENESIS ENERGY LP/ GENESIS ENERGY,Corporates,Fixed Income,"39,451.44",0.17,"39,451.44","40,000.00",37185LAK8,US37185LAK89,BZ3ZWK0,97.83,United States,-,USD,3.49,6.83,1.0,"May 15, 2026",6.25,3.73,-,6.83,3.73,6.83,USD,"Dec 11, 2017","Dec 11, 2017"
COLGATE ENERGY PARTNERS III LLC 144A,Corporates,Fixed Income,"38,999.37",0.17,"38,999.37","35,000.00",19416MAA7,US19416MAA71,-,108.5,United States,-,USD,2.8,5.42,1.0,"Feb 15, 2026",7.75,3.44,-,4.78,2.71,4.78,USD,"Jan 27, 2021","Jan 27, 2021"
ANTERO RESOURCES CORP 144A,Corporates,Fixed Income,"38,841.93",0.17,"38,841.93","33,000.00",03674XAN6,US03674XAN66,-,113.84,United States,-,USD,2.0,4.93,1.0,"Jul 15, 2026",8.38,3.7,-,3.3,1.83,3.3,USD,"Jan 04, 2021","Jan 04, 2021"
IHS MARKIT LTD 144A,Corporates,Fixed Income,"38,339.43",0.17,"38,339.43","35,000.00",44962LAC1,US44962LAC19,BD2BVJ7,108.22,United States,-,USD,3.65,1.94,1.0,"Mar 01, 2026",4.0,3.81,-,1.82,3.6,1.82,USD,"Dec 01, 2017","Dec 01, 2017"
AIR CANADA 2020-1 CLASS C PASS THR 144A,Corporates,Fixed Income,"38,249.00",0.17,"38,249.00","30,000.00",008911BD0,US008911BD05,-,122.66,Canada,-,USD,3.64,4.87,1.0,"Jul 15, 2026",10.5,3.58,-,4.87,3.58,4.87,USD,"Jun 03, 2020","Jun 03, 2020"
MANITOWOC COMPANY INC (THE) 144A,Corporates,Fixed Income,"37,823.10",0.17,"37,823.10","35,000.00",563571AL2,US563571AL27,BJ2XVH3,105.82,United States,-,USD,0.25,7.38,1.0,"Apr 01, 2026",9.0,3.44,-,3.46,0.25,3.46,USD,"Mar 25, 2019","Mar 25, 2019"
PENN VIRGINIA ESCROW LLC 144A,Corporates,Fixed Income,"37,700.92",0.17,"37,700.92","35,000.00",70789PAA2,US70789PAA21,-,104.09,United States,-,USD,3.25,8.16,1.0,"Aug 15, 2026",9.25,3.61,-,7.92,2.95,7.92,USD,"Aug 10, 2021","Aug 10, 2021"
TASEKO MINES LTD 144A,Corporates,Fixed Income,"37,397.66",0.16,"37,397.66","35,000.00",876511AF3,US876511AF32,-,104.21,Canada,-,USD,2.63,5.83,1.0,"Feb 15, 2026",7.0,3.47,-,5.51,2.72,5.51,USD,"Feb 10, 2021","Feb 10, 2021"
BRIGHTSPHERE INVESTMENT GROUP INC,Corporates,Fixed Income,"37,256.57",0.16,"37,256.57","35,000.00",10948WAA1,US10948WAA18,-,104.39,United States,-,USD,4.06,3.74,1.0,"Jul 27, 2026",4.8,4.02,-,3.74,4.02,3.74,USD,"Jul 15, 2019","Jul 15, 2019"
SCHWEITZER-MAUDUIT INTERNATIONAL I 144A,Corporates,Fixed Income,"37,216.11",0.16,"37,216.11","35,000.00",808541AA4,US808541AA42,BFZ6JV1,104.61,United States,-,USD,1.96,5.75,1.0,"Oct 01, 2026",6.88,3.97,-,5.03,1.62,5.03,USD,"Sep 25, 2018","Sep 25, 2018"
PRECISION DRILLING CORPORATION 144A,Corporates,Fixed Income,"36,957.70",0.16,"36,957.70","35,000.00",740212AL9,US740212AL91,BDRYRN7,102.31,Canada,-,USD,2.14,6.47,1.0,"Jan 15, 2026",7.13,3.37,-,5.82,1.68,5.82,USD,"Nov 22, 2017","Nov 22, 2017"
MPT OPERATING PARTNERSHIP LP / MPT,Corporates,Fixed Income,"36,786.93",0.16,"36,786.93","35,000.00",55342UAG9,US55342UAG94,BDG10L8,102.92,United States,-,USD,0.08,4.54,1.0,"Aug 01, 2026",5.25,3.97,-,1.48,0.08,1.48,USD,"Jul 22, 2016","Jul 22, 2016"
HEARTLAND DENTAL LLC 144A,Corporates,Fixed Income,"36,552.48",0.16,"36,552.48","35,000.00",42239PAA7,US42239PAA75,-,103.02,United States,-,USD,0.73,7.66,1.0,"May 01, 2026",8.5,3.54,-,5.57,0.32,5.57,USD,"Apr 30, 2018","Apr 30, 2018"
BEACON ROOFING SUPPLY INC 144A,Corporates,Fixed Income,"36,450.75",0.16,"36,450.75","35,000.00",073685AF6,US073685AF69,-,103.57,United States,-,USD,2.07,3.69,1.0,"Nov 15, 2026",4.5,4.34,-,2.89,0.85,2.89,USD,"Oct 09, 2019","Oct 09, 2019"
MERCER INTERNATIONAL INC.,Corporates,Fixed Income,"36,425.24",0.16,"36,425.24","35,000.00",588056AW1,US588056AW17,-,101.54,Canada,-,USD,0.04,5.07,1.0,"Jan 15, 2026",5.5,3.5,-,1.31,0.04,1.31,USD,"Jul 15, 2018","Sep 10, 2018"
NUANCE COMMUNICATIONS INC,Corporates,Fixed Income,"36,162.35",0.16,"36,162.35","35,000.00",67020YAQ3,US67020YAQ35,BFNPKW8,103.07,United States,-,USD,0.09,4.92,1.0,"Dec 15, 2026",5.63,4.29,-,2.27,0.08,2.27,USD,"Dec 22, 2016","Dec 22, 2016"
INGEVITY CORP 144A,Corporates,Fixed Income,"35,935.90",0.16,"35,935.90","35,000.00",45688CAA5,US45688CAA53,BFW28K4,100.8,United States,-,USD,1.76,4.28,1.0,"Feb 01, 2026",4.5,3.63,-,3.74,1.03,3.74,USD,"Jan 24, 2018","Jan 24, 2018"
EMPIRE RESORTS INCORPORATED 144A,Corporates,Fixed Income,"35,814.19",0.16,"35,814.19","35,000.00",292052AF4,US292052AF45,-,100.97,United States,-,USD,3.73,7.5,1.0,"Nov 01, 2026",7.75,3.93,-,7.45,3.23,7.45,USD,"Oct 28, 2021","Oct 28, 2021"
CENTENNIAL RESOURCE PRODUCTION LLC 144A,Corporates,Fixed Income,"35,597.62",0.16,"35,597.62","35,000.00",15138AAA8,US15138AAA88,BD823V0,99.23,United States,-,USD,2.74,5.59,1.0,"Jan 15, 2026",5.38,3.5,-,5.59,3.5,5.59,USD,"Nov 30, 2017","Nov 30, 2017"
H-FOOD HOLDINGS LLC 144A,Corporates,Fixed Income,"35,374.97",0.16,"35,374.97","35,000.00",577088AA5,US577088AA59,BG5PY87,100.36,United States,-,USD,2.62,8.4,1.0,"Jun 01, 2026",8.5,3.6,-,8.21,1.3,8.21,USD,"May 23, 2018","May 23, 2018"
TRANSMONTAIGNE PARTNERS LP/TLP FIN,Corporates,Fixed Income,"35,341.91",0.15,"35,341.91","35,000.00",89376VAA8,US89376VAA89,BFZ9L70,98.66,United States,-,USD,3.22,6.5,1.0,"Feb 15, 2026",6.13,3.5,-,6.5,3.5,6.5,USD,"Feb 12, 2018","Feb 12, 2018"
ATHABASCA OIL CORP 144A,Corporates,Fixed Income,"35,299.16",0.15,"35,299.16","35,000.00",04682RAE7,US04682RAE71,-,98.99,Canada,-,USD,3.71,10.0,1.0,"Nov 01, 2026",9.75,3.71,-,10.0,3.71,10.0,USD,"Oct 22, 2021","Oct 22, 2021"
COLFAX CORP 144A,Corporates,Fixed Income,"34,968.89",0.15,"34,968.89","33,000.00",15723RAC8,US15723RAC88,BH3R3K7,103.56,United States,-,USD,0.13,5.4,1.0,"Feb 15, 2026",6.38,3.52,-,3.16,0.12,3.16,USD,"Feb 05, 2019","Feb 05, 2019"
CORONADO FINANCE PTY LTD 144A,Corporates,Fixed Income,"34,858.16",0.15,"34,858.16","32,000.00",21979LAA4,US21979LAA44,-,107.59,United States,-,USD,2.98,8.63,1.0,"May 15, 2026",10.75,3.44,-,8.13,2.79,8.13,USD,"May 12, 2021","May 12, 2021"
POLAR US BORROWER LLC 144A,Corporates,Fixed Income,"34,642.12",0.15,"34,642.12","35,000.00",73103PAA5,US73103PAA57,-,98.11,United States,-,USD,3.63,7.26,1.0,"May 15, 2026",6.75,3.69,-,7.26,3.69,7.26,USD,"May 18, 2021","May 18, 2021"
FIRSTENERGY CORPORATION,Corporates,Fixed Income,"34,633.47",0.15,"34,633.47","35,000.00",337932AN7,US337932AN77,-,98.22,United States,-,USD,3.86,2.06,1.0,"Jan 15, 2026",1.6,3.86,-,2.06,3.86,2.06,USD,"Jun 08, 2020","Jun 08, 2020"
CALPINE CORP 144A,Corporates,Fixed Income,"32,972.64",0.14,"32,972.64","32,000.00",131347CK0,US131347CK09,BYZ97P3,102.6,United States,-,USD,1.01,4.59,1.0,"Jun 01, 2026",5.25,3.9,-,3.11,0.41,3.11,USD,"May 31, 2016","May 31, 2016"
K HOVNANIAN ENTERPRISES INC 144A,Corporates,Fixed Income,"32,215.43",0.14,"32,215.43","30,000.00",48251UAF5,US48251UAF57,-,104.46,United States,-,USD,0.13,6.5,1.0,"Feb 15, 2026",7.75,3.41,-,2.78,0.12,2.78,USD,"Oct 31, 2019","Oct 31, 2019"
ACI WORLDWIDE INC 144A,Corporates,Fixed Income,"32,014.27",0.14,"32,014.27","30,000.00",004498AB7,US004498AB73,BFXKZS4,104.54,United States,-,USD,0.46,4.65,1.0,"Aug 15, 2026",5.75,3.96,-,2.63,0.08,2.63,USD,"Aug 21, 2018","Aug 21, 2018"
BLUE RACER MIDSTREAM LLC 144A,Corporates,Fixed Income,"31,998.86",0.14,"31,998.86","30,000.00",095796AE8,US095796AE85,BFWST21,103.61,United States,-,USD,2.12,5.71,1.0,"Jul 15, 2026",6.63,3.78,-,5.09,2.26,5.09,USD,"Jun 18, 2018","Jun 18, 2018"
BERRY GLOBAL INC 144A,Corporates,Fixed Income,"31,958.83",0.14,"31,958.83","31,000.00",08576PAA9,US08576PAA93,BDT73B4,101.39,United States,-,USD,0.33,4.13,1.0,"Feb 15, 2026",4.5,3.67,-,2.24,0.12,2.24,USD,"Jan 26, 2018","Jan 26, 2018"
SPANISH BROADCASTING SYSTEM INC 144A,Corporates,Fixed Income,"31,923.60",0.14,"31,923.60","30,000.00",846425AQ9,US846425AQ94,-,103.16,United States,-,USD,3.18,8.82,1.0,"Mar 01, 2026",9.75,3.28,-,8.72,2.96,8.72,USD,"Feb 17, 2021","Feb 17, 2021"
CCM MERGER INC 144A,Corporates,Fixed Income,"31,819.05",0.14,"31,819.05","30,000.00",14985VAE1,US14985VAE11,-,105.0,United States,-,USD,1.7,5.07,1.0,"May 01, 2026",6.38,3.74,-,4.0,0.8,4.0,USD,"Nov 04, 2020","Nov 04, 2020"
WHITE CAP PARENT LLC 144A,Corporates,Fixed Income,"31,445.45",0.14,"31,445.45","30,000.00",96351CAA4,US96351CAA45,-,102.39,United States,-,USD,0.75,7.57,1.0,"Mar 15, 2026",8.25,3.43,-,6.07,0.2,6.07,USD,"Feb 01, 2021","Feb 01, 2021"
HC2 HOLDINGS INC 144A,Corporates,Fixed Income,"31,360.40",0.14,"31,360.40","30,000.00",404139AJ6,US404139AJ64,-,100.99,United States,-,USD,3.1,8.21,1.0,"Feb 01, 2026",8.5,3.28,-,8.13,2.58,8.13,USD,"Feb 01, 2021","Feb 01, 2021"
WELLTEC INTERNATIONAL APS 144A,Corporates,Fixed Income,"31,305.17",0.14,"31,305.17","30,000.00",95039LAA6,US95039LAA61,-,103.69,Denmark,-,USD,3.48,7.32,1.0,"Oct 15, 2026",8.25,3.9,-,7.13,3.2,7.13,USD,"Oct 15, 2021","Oct 15, 2021"
RESOLUTE FOREST PRODUCTS 144A,Corporates,Fixed Income,"30,990.30",0.14,"30,990.30","30,000.00",76117WAC3,US76117WAC38,-,101.68,United States,-,USD,3.19,4.43,1.0,"Mar 01, 2026",4.88,3.68,-,4.43,3.68,4.43,USD,"Feb 02, 2021","Feb 02, 2021"
ENERGY VENTURES GOM LLC 144A,Corporates,Fixed Income,"30,643.30",0.13,"30,643.30","29,000.00",29278MAC9,US29278MAC91,-,103.19,United States,-,USD,2.47,10.55,1.0,"Apr 15, 2026",11.75,2.61,-,10.35,2.23,10.35,USD,"Apr 15, 2021","Apr 15, 2021"
NGL ENERGY PARTNERS LP,Corporates,Fixed Income,"30,511.37",0.13,"30,511.37","35,000.00",62913TAP7,US62913TAP75,-,85.59,United States,-,USD,3.61,11.88,1.0,"Apr 15, 2026",7.5,3.43,-,11.88,3.43,11.88,USD,"Oct 15, 2019","Feb 24, 2020"
CALLON PETROLEUM COMPANY,Corporates,Fixed Income,"29,970.75",0.13,"29,970.75","30,000.00",13123XAZ5,US13123XAZ50,BFY0GZ7,96.72,United States,-,USD,3.61,7.24,1.0,"Jul 01, 2026",6.38,3.71,-,7.24,3.71,7.24,USD,"Jun 07, 2018","Aug 30, 2018"
COOPER-STANDARD AUTOMOTIVE INC 144A,Corporates,Fixed Income,"29,087.36",0.13,"29,087.36","35,000.00",216762AF1,US216762AF11,BZ1JMH1,82.39,United States,-,USD,4.2,10.31,1.0,"Nov 15, 2026",5.63,4.02,-,10.31,4.02,10.31,USD,"Nov 02, 2016","Nov 02, 2016"
GUITAR CENTER ESCROW ISSUER II INC 144A,Corporates,Fixed Income,"27,753.61",0.12,"27,753.61","25,000.00",40204BAA3,US40204BAA35,-,107.1,United States,-,USD,0.08,6.47,1.0,"Jan 15, 2026",8.5,3.29,-,-5.0,0.08,-5.0,USD,"Dec 15, 2020","Dec 15, 2020"
LANNETT CO INC 144A,Corporates,Fixed Income,"27,576.89",0.12,"27,576.89","35,000.00",51602UAD0,US51602UAD00,-,77.16,United States,-,USD,3.54,15.18,1.0,"Apr 15, 2026",7.75,3.31,-,15.18,3.31,15.18,USD,"Apr 22, 2021","Apr 22, 2021"
JW ALUMINUM CONTINUOUS CAST CO 144A,Corporates,Fixed Income,"26,655.54",0.12,"26,655.54","25,000.00",46648XAA6,US46648XAA63,-,105.77,United States,-,USD,1.71,8.65,1.0,"Jun 01, 2026",10.25,3.51,-,7.59,2.11,7.59,USD,"May 31, 2018","May 31, 2018"
ENVIVA PARTNERS LP 144A,Corporates,Fixed Income,"26,626.56",0.12,"26,626.56","25,000.00",29413XAD9,US29413XAD93,-,103.51,United States,-,USD,0.11,5.52,1.0,"Jan 15, 2026",6.5,3.43,-,2.84,0.07,2.84,USD,"Dec 09, 2019","Dec 09, 2019"
ENPRO INDUSTRIES INC,Corporates,Fixed Income,"26,468.22",0.12,"26,468.22","25,000.00",29355XAG2,US29355XAG25,BKBY0D3,104.66,United States,-,USD,0.08,4.65,1.0,"Oct 15, 2026",5.75,4.13,-,1.33,0.08,1.33,USD,"Apr 15, 2019","May 14, 2019"
CROWN AMERICAS LLC,Corporates,Fixed Income,"26,186.79",0.11,"26,186.79","25,000.00",228187AB6,US228187AB66,BG018X3,102.77,United States,-,USD,0.09,4.01,1.0,"Feb 01, 2026",4.75,3.62,-,0.03,0.08,0.03,USD,"Feb 01, 2019","Jan 24, 2019"
GCP APPLIED TECHNOLOGIES INC 144A,Corporates,Fixed Income,"25,863.03",0.11,"25,863.03","25,000.00",36164YAB7,US36164YAB74,BG33C78,102.29,United States,-,USD,0.32,4.9,1.0,"Apr 15, 2026",5.5,3.75,-,2.25,0.29,2.25,USD,"Apr 10, 2018","Apr 10, 2018"
SINCLAIR TELEVISION GROUP INC 144A,Corporates,Fixed Income,"25,815.47",0.11,"25,815.47","25,000.00",829259AU4,US829259AU46,BD9NS17,101.53,United States,-,USD,2.13,5.46,1.0,"Mar 15, 2026",5.88,3.63,-,5.13,2.02,5.13,USD,"Mar 23, 2016","Mar 23, 2016"
CDW LLC,Corporates,Fixed Income,"25,657.12",0.11,"25,657.12","25,000.00",12513GBG3,US12513GBG38,-,102.41,United States,-,USD,4.57,2.15,1.0,"Dec 01, 2026",2.67,4.59,-,2.14,4.51,2.14,USD,"Dec 01, 2021","Dec 01, 2021"
BEASLEY MEZZANINE HOLDINGS LLC 144A,Corporates,Fixed Income,"25,602.94",0.11,"25,602.94","25,000.00",07403VAA7,US07403VAA70,-,98.82,United States,-,USD,3.22,8.97,1.0,"Feb 01, 2026",8.63,3.26,-,8.97,3.26,8.97,USD,"Feb 02, 2021","Feb 02, 2021"
TURNING POINT BRANDS INC 144A,Corporates,Fixed Income,"25,601.00",0.11,"25,601.00","25,000.00",90041LAF2,US90041LAF22,-,100.28,United States,-,USD,3.31,5.55,1.0,"Feb 15, 2026",5.63,3.56,-,5.52,2.77,5.52,USD,"Feb 11, 2021","Feb 11, 2021"
WORLD ACCEPTANCE CORPORATION 144A,Corporates,Fixed Income,"25,542.19",0.11,"25,542.19","25,000.00",981419AC8,US981419AC85,-,100.34,United States,-,USD,3.79,6.91,1.0,"Nov 01, 2026",7.0,3.98,-,6.89,3.26,6.89,USD,"Sep 27, 2021","Sep 27, 2021"
GENTING NEW YORK LLC 144A,Corporates,Fixed Income,"25,096.17",0.11,"25,096.17","25,000.00",37255JAA0,US37255JAA07,-,99.14,United States,-,USD,3.81,3.53,1.0,"Feb 15, 2026",3.3,3.77,-,3.53,3.77,3.53,USD,"Feb 10, 2021","Feb 10, 2021"
SKILLZ INC 144A,Corporates,Fixed Income,"24,896.55",0.11,"24,896.55","25,000.00",83067LAA7,US83067LAA70,-,99.27,United States,-,USD,3.77,10.44,1.0,"Dec 15, 2026",10.25,3.79,-,10.44,3.79,10.44,USD,"Dec 20, 2021","Dec 20, 2021"
99 ESCROW ISSUER INC 144A,Corporates,Fixed Income,"24,647.50",0.11,"24,647.50","30,000.00",65442QAA9,US65442QAA94,-,78.7,United States,-,USD,3.32,14.67,1.0,"Jan 15, 2026",7.5,3.11,-,14.67,3.11,14.67,USD,"Dec 22, 2020","Dec 22, 2020"
K HOVNANIAN ENTERPRISES INC 144A,Corporates,Fixed Income,"22,065.53",0.1,"22,065.53","20,000.00",48251UAB4,US48251UAB44,-,106.36,United States,-,USD,0.13,8.63,1.0,"Feb 15, 2026",10.5,3.21,-,1.28,0.12,1.28,USD,"Oct 31, 2019","Oct 31, 2019"
GEO GROUP INC/ THE,Corporates,Fixed Income,"20,471.42",0.09,"20,471.42","25,000.00",36162JAB2,US36162JAB26,BYP9PD7,80.62,United States,-,USD,3.7,11.89,1.0,"Apr 15, 2026",6.0,3.52,-,11.89,3.52,11.89,USD,"Apr 18, 2016","Apr 18, 2016"
USD CASH,Cash and/or Derivatives,Cash,"8,366.91",0.04,"8,366.91","8,367.00",-,-,-,100.0,United States,-,USD,0.0,0.1,1.0,-,0.0,0.0,-,0.1,0.0,0.1,USD,-,"Jan 01, 1989"
