,,,,,,,,,,,,,,,,,,,,,,,,,,iShares Convertible Bond ETF
PALO ALTO NETWORKS INC,Technology,Fixed Income,"23,755,905.32",1.45,"22,652,973.17","12,538,000.00",697435AF2,US697435AF27,-,189.44,United States,-,USD,0.11,0.20,1.0,"Jun 01, 2025",0.38,3.73,-,0.20,3.73,0.20,USD,"Jun 08, 2020","Jun 08, 2020"
PALO ALTO NETWORKS INC,Technology,Fixed Income,"22,152,362.50",1.36,"22,042,379.76","10,550,000.00",697435AD7,US697435AD78,-,209.6,United States,-,USD,0.0,0.36,1.0,"Jul 01, 2023",0.75,1.91,-,0.36,1.91,0.36,USD,"Jul 12, 2018","Jul 12, 2018"
FORD MOTOR COMPANY 144A,Consumer Cyclical,Fixed Income,"19,767,676.50",1.21,"13,110,356.66","14,365,000.00",345370CY4,US345370CY41,-,137.61,United States,-,USD,1.26,0.00,1.0,"Mar 15, 2026",0.0,4.54,-,0.00,4.54,0.00,USD,"Mar 19, 2021","Mar 19, 2021"
MONGODB INC,Technology,Fixed Income,"18,603,370.50",1.14,"17,771,877.80","7,289,000.00",60937PAD8,US60937PAD87,BMDGRV8,255.11,United States,-,USD,0.09,0.10,1.0,"Jan 15, 2026",0.25,4.52,-,0.10,4.52,0.10,USD,"Jan 14, 2020","Jan 14, 2020"
SOUTHWEST AIRLINES CO,Transportation,Fixed Income,"18,554,552.67",1.14,"10,979,195.56","13,880,000.00",844741BG2,US844741BG22,-,133.47,United States,-,USD,1.3,0.94,1.0,"May 01, 2025",1.25,3.41,-,0.94,3.41,0.94,USD,"May 01, 2020","May 01, 2020"
SEA LTD,Technology,Fixed Income,"18,363,072.17",1.12,"17,087,944.33","7,175,000.00",81141RAF7,US81141RAF73,-,255.74,Cayman Islands,-,USD,0.11,0.93,1.0,"Dec 01, 2025",2.38,4.28,-,0.93,4.28,0.93,USD,"May 22, 2020","May 22, 2020"
DISH NETWORK CORP,Communications,Fixed Income,"17,677,209.55",1.08,"4,881,104.36","18,589,000.00",25470MAB5,US25470MAB54,BF953F6,93.82,United States,-,USD,2.78,4.88,1.0,"Aug 15, 2026",3.38,4.15,-,4.88,4.15,4.88,USD,"Aug 08, 2016","Aug 08, 2016"
DEXCOM INC,Consumer Non-Cyclical,Fixed Income,"16,834,639.05",1.03,"16,829,157.68","5,154,000.00",252131AH0,US252131AH00,-,326.57,United States,-,USD,0.53,0.23,1.0,"Dec 01, 2023",0.75,2.6,-,0.23,2.6,0.23,USD,"Nov 30, 2018","Nov 30, 2018"
SEA LTD,Technology,Fixed Income,"16,750,243.61",1.03,"4,332,279.66","18,200,000.00",81141RAG5,US81141RAG56,BNYDHF9,91.96,Cayman Islands,-,USD,3.24,2.05,1.0,"Sep 15, 2026",0.25,4.63,-,2.05,4.63,2.05,USD,"Sep 14, 2021","Sep 14, 2021"
PIONEER NATURAL RESOURCES COMPANY,Energy,Fixed Income,"15,072,384.60",0.92,"12,206,011.10","8,424,000.00",723787AP2,US723787AP23,-,178.89,United States,-,USD,0.52,0.14,1.0,"May 15, 2025",0.25,3.66,-,0.14,3.66,0.14,USD,"May 14, 2020","May 14, 2020"
ZSCALER INC,Technology,Fixed Income,"14,410,137.15",0.88,"13,396,793.24","6,582,000.00",98980GAB8,US98980GAB86,-,218.87,United States,-,USD,0.16,0.06,1.0,"Jul 01, 2025",0.13,3.91,-,0.06,3.91,0.06,USD,"Jun 25, 2020","Jun 25, 2020"
WORKDAY INC,Technology,Fixed Income,"13,777,714.12",0.84,"13,422,485.79","7,389,000.00",98138HAF8,US98138HAF82,-,186.4,United States,-,USD,0.02,0.13,1.0,"Oct 01, 2022",0.25,1.13,-,0.13,1.13,0.13,USD,"Sep 15, 2017","Sep 15, 2017"
DISH NETWORK CORP,Communications,Fixed Income,"13,217,962.50",0.81,"7,320,217.28","13,185,000.00",25470MAF6,US25470MAF68,2JXWYS0,100.25,United States,-,USD,1.63,0.00,1.0,"Dec 15, 2025",0.0,3.96,-,0.00,3.96,0.00,USD,"Dec 21, 2020","Dec 21, 2020"
DICKS SPORTING GOODS INC.,Consumer Cyclical,Fixed Income,"12,055,247.78",0.74,"11,866,967.04","3,400,000.00",253393AD4,US253393AD47,BM9CH76,353.88,United States,-,USD,0.01,0.92,1.0,"Apr 15, 2025",3.25,3.86,-,0.92,3.86,0.92,USD,"Apr 17, 2020","Apr 17, 2020"
AIRBNB INC 144A,Consumer Cyclical,Fixed Income,"11,847,110.00",0.73,"4,043,843.16","12,100,000.00",009066AA9,US009066AA91,BMV38B8,97.91,United States,-,USD,2.55,0.50,1.0,"Mar 15, 2026",0.0,4.19,-,0.50,4.19,0.50,USD,"Mar 08, 2021","Mar 08, 2021"
BILL.COM HOLDINGS INC,Technology,Fixed Income,"11,829,751.50",0.72,"9,353,910.06","6,895,000.00",090043AB6,US090043AB64,BNSN090,171.57,United States,-,USD,0.65,0.00,1.0,"Dec 01, 2025",0.0,4.5,-,0.00,4.5,0.00,USD,"Nov 30, 2020","Nov 30, 2020"
PINDUODUO INC,Consumer Cyclical,Fixed Income,"11,557,044.00",0.71,"1,463,941.34","12,790,000.00",722304AC6,US722304AC65,BLD4Z11,90.36,China,-,USD,1.63,2.60,1.0,"Dec 01, 2025",0.0,3.82,-,5.35,1.82,5.35,USD,"Nov 20, 2020","Nov 20, 2020"
SNAP INC,Technology,Fixed Income,"10,931,382.00",0.67,"9,915,556.84","5,040,000.00",83304AAB2,US83304AAB26,-,216.58,United States,-,USD,0.24,0.35,1.0,"Aug 01, 2026",0.75,4.92,-,0.35,4.92,0.35,USD,"Aug 09, 2019","Aug 09, 2019"
COINBASE GLOBAL INC 144A,Brokerage/Asset Managers/Exchanges,Fixed Income,"9,658,050.00",0.59,"4,191,739.19","9,000,000.00",19260QAA5,US19260QAA58,-,107.27,United States,-,USD,2.22,0.47,1.0,"Jun 01, 2026",0.5,4.4,-,0.47,4.4,0.47,USD,"May 21, 2021","May 21, 2021"
AKAMAI TECHNOLOGIES INC,Technology,Fixed Income,"9,656,060.55",0.59,"7,737,783.34","7,362,000.00",00971TAJ0,US00971TAJ07,-,131.14,United States,-,USD,0.61,0.10,1.0,"May 01, 2025",0.13,3.46,-,0.10,3.46,0.10,USD,"May 21, 2018","May 21, 2018"
ETSY INC,Consumer Cyclical,Fixed Income,"9,577,767.06",0.59,"9,152,356.87","3,757,000.00",29786AAJ5,US29786AAJ51,-,254.9,United States,-,USD,0.18,0.05,1.0,"Oct 01, 2026",0.13,5.23,-,0.05,5.23,0.05,USD,"Sep 23, 2019","Sep 23, 2019"
DATADOG INC,Technology,Fixed Income,"9,487,109.62",0.58,"8,521,309.45","4,729,000.00",23804LAB9,US23804LAB99,-,200.61,United States,-,USD,0.23,0.06,1.0,"Jun 15, 2025",0.13,3.82,-,0.06,3.82,0.06,USD,"Jun 02, 2020","Jun 02, 2020"
SQUARE INC,Technology,Fixed Income,"9,299,091.78",0.57,"6,690,512.76","6,251,000.00",852234AF0,US852234AF05,-,148.72,United States,-,USD,0.67,0.08,1.0,"Mar 01, 2025",0.13,3.36,-,0.08,3.36,0.08,USD,"Mar 05, 2020","Mar 05, 2020"
WAYFAIR INC,Consumer Cyclical,Fixed Income,"9,148,764.62",0.56,"2,167,303.24","10,010,000.00",94419LAM3,US94419LAM37,-,91.24,United States,-,USD,2.5,3.12,1.0,"Oct 01, 2025",0.63,3.65,-,3.12,3.65,3.12,USD,"Aug 14, 2020","Aug 14, 2020"
CREE INC,Technology,Fixed Income,"9,087,497.08",0.56,"8,446,245.72","3,701,000.00",225447AD3,US225447AD33,-,245.25,United States,-,USD,0.14,0.71,1.0,"May 01, 2026",1.75,4.68,-,0.71,4.68,0.71,USD,"Apr 21, 2020","Apr 21, 2020"
OKTA INC,Technology,Fixed Income,"9,085,896.08",0.56,"6,427,749.60","6,695,000.00",679295AD7,US679295AD75,BN0XWS1,135.67,United States,-,USD,0.65,0.09,1.0,"Sep 01, 2025",0.13,3.81,-,0.09,3.81,0.09,USD,"Sep 09, 2019","Sep 09, 2019"
ROYAL CARIBBEAN CRUISES LTD,Consumer Cyclical,Fixed Income,"9,045,767.20",0.55,"5,508,452.96","7,092,000.00",780153BB7,US780153BB73,-,127.36,United States,-,USD,0.5,3.33,1.0,"Jun 15, 2023",4.25,1.52,-,3.33,1.52,3.33,USD,"Jun 09, 2020","Jun 09, 2020"
LIBERTY MEDIA CORP,Communications,Fixed Income,"9,026,088.65",0.55,"8,067,618.99","5,995,000.00",531229AB8,US531229AB89,BT9QFH3,150.27,United States,-,USD,0.07,0.91,1.0,"Oct 15, 2023",1.38,1.98,-,0.91,1.98,0.91,USD,"Oct 17, 2013","Oct 17, 2013"
LIBERTY MEDIA CORP 144A,Communications,Fixed Income,"8,788,981.67",0.54,"6,401,436.06","6,100,000.00",531229AK8,US531229AK88,-,144.04,United States,-,USD,0.63,0.35,1.0,"Sep 01, 2024",0.5,27.4,-,0.35,2.74,0.35,USD,"Nov 12, 2020","Nov 12, 2020"
WAYFAIR INC,Consumer Cyclical,Fixed Income,"8,777,012.67",0.54,"6,193,607.29","5,820,000.00",94419LAF8,US94419LAF85,BLB2QC5,150.43,United States,-,USD,0.96,0.66,1.0,"Aug 15, 2026",1.0,4.72,-,0.66,4.72,0.66,USD,"Aug 19, 2019","Aug 19, 2019"
DEXCOM INC,Consumer Non-Cyclical,Fixed Income,"8,619,453.36",0.53,"3,996,612.11","7,270,000.00",252131AK3,US252131AK39,-,118.53,United States,-,USD,1.8,0.21,1.0,"Nov 15, 2025",0.25,3.94,-,0.21,3.94,0.21,USD,"May 14, 2020","May 14, 2020"
ZENDESK INC,Technology,Fixed Income,"8,597,131.24",0.53,"5,004,429.30","7,198,000.00",98936JAD3,US98936JAD37,-,119.41,United States,-,USD,1.18,0.52,1.0,"Jun 15, 2025",0.63,3.51,-,0.52,3.51,0.52,USD,"Jun 16, 2020","Jun 16, 2020"
CLOUDFLARE INC 144A,Technology,Fixed Income,"8,584,380.00",0.53,"4,224,258.61","8,100,000.00",18915MAD9,US18915MAD92,-,105.98,United States,-,USD,2.08,0.00,1.0,"Aug 15, 2026",0.0,4.68,-,0.00,4.68,0.00,USD,"Aug 13, 2021","Aug 13, 2021"
AMERICAN AIRLINES GROUP INC,Transportation,Fixed Income,"8,494,315.50",0.52,"5,186,247.38","5,995,000.00",02376RAF9,US02376RAF91,BM97FS8,138.44,United States,-,USD,0.85,4.59,1.0,"Jul 01, 2025",6.5,3.23,-,4.59,3.23,4.59,USD,"Jun 25, 2020","Jun 25, 2020"
MERCADOLIBRE INC,Consumer Cyclical,Fixed Income,"8,494,248.89",0.52,"8,145,059.85","2,725,000.00",58733RAD4,US58733RAD44,BGMGJ33,310.96,United States,-,USD,0.09,0.64,1.0,"Aug 15, 2028",2.0,6.94,-,0.64,6.94,0.64,USD,"Aug 24, 2018","Aug 24, 2018"
AMERICAN EAGLE OUTFITTERS INC,Consumer Cyclical,Fixed Income,"8,378,291.87",0.51,"8,277,458.74","2,776,000.00",02553EAB2,US02553EAB20,2HJBDS0,301.02,United States,-,USD,0.0,1.24,1.0,"Apr 15, 2025",3.75,3.73,-,1.24,3.73,1.24,USD,"Apr 27, 2020","Apr 27, 2020"
SPOTIFY USA INC 144A,Consumer Cyclical,Fixed Income,"8,340,720.00",0.51,"1,517,669.42","9,200,000.00",84921RAA8,US84921RAA86,-,90.66,United States,-,USD,3.32,2.34,1.0,"Mar 15, 2026",0.0,4.11,-,2.34,4.11,2.34,USD,"Mar 02, 2021","Mar 02, 2021"
AKAMAI TECHNOLOGIES INC,Technology,Fixed Income,"8,176,808.85",0.5,"4,772,150.13","6,951,000.00",00971TAL5,US00971TAL52,-,117.51,United States,-,USD,2.28,0.32,1.0,"Sep 01, 2027",0.38,5.68,-,0.32,5.68,0.32,USD,"Aug 16, 2019","Aug 16, 2019"
TWITTER INC 144A,Communications,Fixed Income,"8,167,500.00",0.5,"646,106.32","9,075,000.00",90184LAM4,US90184LAM46,-,90.0,United States,-,USD,3.78,2.52,1.0,"Mar 15, 2026",0.0,4.1,-,2.52,4.1,2.52,USD,"Mar 04, 2021","Mar 04, 2021"
TWITTER INC,Communications,Fixed Income,"7,859,294.06",0.48,"2,540,936.96","7,205,000.00",90184LAF9,US90184LAF94,BJXXZC5,109.07,United States,-,USD,1.64,0.23,1.0,"Jun 15, 2024",0.25,2.49,-,0.23,2.49,0.23,USD,"Jun 11, 2018","Jun 11, 2018"
ON SEMICONDUCTOR CORPORATION 144A,Technology,Fixed Income,"7,834,005.00",0.48,"5,729,837.50","5,350,000.00",682189AR6,US682189AR64,-,146.43,United States,-,USD,1.15,0.00,1.0,"May 01, 2027",0.0,5.73,-,0.00,5.73,0.00,USD,"May 14, 2021","May 14, 2021"
SOFI TECHNOLOGIES INC 144A,Finance Companies,Fixed Income,"7,817,968.20",0.48,"4,143,985.43","7,518,000.00",83406FAA0,US83406FAA03,-,103.99,United States,-,USD,1.96,0.00,1.0,"Oct 15, 2026",0.0,4.83,-,0.00,4.83,0.00,USD,"Oct 04, 2021","Oct 04, 2021"
COUPA SOFTWARE INC,Technology,Fixed Income,"7,677,869.47",0.47,"2,182,361.33","8,107,000.00",22266LAF3,US22266LAF31,-,94.69,United States,-,USD,2.87,1.61,1.0,"Jun 15, 2026",0.38,4.39,-,1.61,4.39,1.61,USD,"Jun 15, 2020","Jun 15, 2020"
BOOKING HOLDINGS INC,Consumer Cyclical,Fixed Income,"7,668,698.30",0.47,"5,554,030.26","5,206,000.00",09857LAN8,US09857LAN82,-,147.18,United States,-,USD,0.83,0.51,1.0,"May 01, 2025",0.75,3.49,-,0.51,3.49,0.51,USD,"Apr 14, 2020","Apr 14, 2020"
SHOPIFY INC,Technology,Fixed Income,"7,633,536.95",0.47,"4,158,022.66","6,162,000.00",82509LAA5,US82509LAA52,-,123.86,Canada,-,USD,1.51,0.10,1.0,"Nov 01, 2025",0.13,3.93,-,0.10,3.93,0.10,USD,"Sep 18, 2020","Sep 18, 2020"
EXPEDIA GROUP INC 144A,Consumer Cyclical,Fixed Income,"7,620,522.50",0.47,"2,719,075.35","6,595,000.00",30212PBD6,US30212PBD69,-,115.55,United States,-,USD,2.51,0.00,1.0,"Feb 15, 2026",0.0,4.27,-,0.00,4.27,0.00,USD,"Feb 19, 2021","Feb 19, 2021"
GUARDANT HEALTH INC,Consumer Non-Cyclical,Fixed Income,"7,614,929.00",0.47,"4,107,456.08","7,565,000.00",40131MAB5,US40131MAB54,2HW1TS9,100.66,United States,-,USD,2.34,0.00,1.0,"Nov 15, 2027",0.0,5.88,-,0.00,5.88,0.00,USD,"Nov 19, 2020","Nov 19, 2020"
MIDDLEBY CORPORATION (THE),Industrial Other,Fixed Income,"7,601,642.53",0.47,"6,572,869.37","4,732,000.00",596278AB7,US596278AB74,-,160.31,United States,-,USD,0.34,0.62,1.0,"Sep 01, 2025",1.0,3.84,-,0.62,3.84,0.62,USD,"Aug 21, 2020","Aug 21, 2020"
OKTA INC,Technology,Fixed Income,"7,558,033.07",0.46,"4,401,894.80","6,352,000.00",679295AF2,US679295AF24,-,118.97,United States,-,USD,1.46,0.32,1.0,"Jun 15, 2026",0.38,4.5,-,0.32,4.5,0.32,USD,"Jun 12, 2020","Jun 12, 2020"
FORTIVE CORP,Capital Goods,Fixed Income,"7,396,776.13",0.45,"16,354.56","7,368,000.00",34959JAK4,US34959JAK43,-,100.06,United States,-,USD,0.13,0.87,1.0,"Feb 15, 2022",0.88,0.12,-,0.87,0.12,0.87,USD,"Feb 22, 2019","Feb 22, 2019"
CARNIVAL CORP,Consumer Cyclical,Fixed Income,"7,375,462.71",0.45,"6,394,756.78","3,450,000.00",143658BE1,US143658BE14,BMT7JM0,212.36,Panama,-,USD,0.14,2.69,1.0,"Apr 01, 2023",5.75,1.62,-,2.69,1.62,2.69,USD,"Apr 06, 2020","Apr 06, 2020"
EXACT SCIENCES CORPORATION,Technology,Fixed Income,"7,350,244.25",0.45,"3,423,146.86","7,585,000.00",30063PAC9,US30063PAC95,-,96.78,United States,-,USD,3.05,0.91,1.0,"Mar 01, 2028",0.38,6.06,-,0.91,6.06,0.91,USD,"Feb 27, 2020","Feb 25, 2020"
LUMENTUM HOLDINGS INC,Technology,Fixed Income,"7,321,335.67",0.45,"4,573,421.46","5,889,000.00",55024UAD1,US55024UAD19,BLKGWT7,124.3,United States,-,USD,1.78,0.40,1.0,"Dec 15, 2026",0.5,5.0,-,0.40,5.0,0.40,USD,"Dec 12, 2019","Dec 12, 2019"
BILIBILI INC,Communications,Fixed Income,"7,296,969.16",0.45,"5,218,172.71","5,284,000.00",090040AD8,US090040AD81,-,138.04,China,-,USD,0.48,0.91,1.0,"Jun 15, 2027",1.25,5.45,-,0.91,5.45,0.91,USD,"Jun 02, 2020","Jun 02, 2020"
ETSY INC 144A,Consumer Cyclical,Fixed Income,"7,053,066.67",0.43,"4,312,097.97","6,000,000.00",29786AAM8,US29786AAM80,-,117.54,United States,-,USD,2.15,0.21,1.0,"Jun 15, 2028",0.25,6.49,-,0.21,6.49,0.21,USD,"Jun 11, 2021","Jun 11, 2021"
INSULET CORP,Consumer Non-Cyclical,Fixed Income,"6,988,497.75",0.43,"5,025,706.46","5,265,000.00",45784PAK7,US45784PAK75,-,132.61,United States,-,USD,1.04,0.28,1.0,"Sep 01, 2026",0.38,4.77,-,0.28,4.77,0.28,USD,"Sep 06, 2019","Sep 06, 2019"
SNAP INC 144A,Technology,Fixed Income,"6,983,212.50",0.43,"2,609,785.29","7,125,000.00",83304AAE6,US83304AAE64,-,98.01,United States,-,USD,2.97,0.38,1.0,"May 01, 2027",0.0,5.32,-,0.38,5.32,0.38,USD,"Apr 30, 2021","Apr 30, 2021"
SQUARE INC,Technology,Fixed Income,"6,939,183.50",0.42,"6,828,771.21","3,330,000.00",852234AD5,US852234AD56,BK99HF1,208.32,United States,-,USD,0.02,0.24,1.0,"May 15, 2023",0.5,1.79,-,0.24,1.79,0.24,USD,"May 25, 2018","May 25, 2018"
ENVISTA HOLDINGS CORP,Consumer Non-Cyclical,Fixed Income,"6,890,357.40",0.42,"6,337,658.40","3,101,000.00",29415FAB0,US29415FAB04,-,222.0,United States,-,USD,0.15,1.07,1.0,"Jun 01, 2025",2.38,3.72,-,1.07,3.72,1.07,USD,"May 21, 2020","May 21, 2020"
WESTERN DIGITAL CORPORATION,Technology,Fixed Income,"6,879,181.00",0.42,"797,287.23","6,740,000.00",958102AP0,US958102AP07,-,101.44,United States,-,USD,1.75,1.47,1.0,"Feb 01, 2024",1.5,2.04,-,1.47,2.04,1.47,USD,"Feb 13, 2018","Feb 13, 2018"
BLACKLINE INC 144A,Technology,Fixed Income,"6,861,970.50",0.42,"1,771,464.13","7,365,000.00",09239BAC3,US09239BAC37,-,93.17,United States,-,USD,3.03,1.69,1.0,"Mar 15, 2026",0.0,4.14,-,1.69,4.14,1.69,USD,"Mar 15, 2021","Mar 15, 2021"
LI AUTO INC 144A,Consumer Cyclical,Fixed Income,"6,859,926.67",0.42,"5,068,178.15","5,200,000.00",50202MAA0,US50202MAA09,-,131.88,Cayman Islands,-,USD,0.69,0.19,1.0,"May 01, 2028",0.25,6.42,-,0.19,6.42,0.19,USD,"Apr 12, 2021","Apr 12, 2021"
JAZZ INVESTMENTS I LTD,Consumer Non-Cyclical,Fixed Income,"6,764,000.00",0.41,"2,618,811.66","6,000,000.00",472145AF8,US472145AF83,2HMBQ44,112.65,Bermuda,-,USD,2.41,1.77,1.0,"Jun 15, 2026",2.0,4.31,-,1.77,4.31,1.77,USD,"Jun 11, 2020","Jun 11, 2020"
MATCH GROUP FINANCECO 3 INC 144A,Consumer Cyclical,Fixed Income,"6,759,405.67",0.41,"5,424,126.39","3,810,000.00",44932KAA4,US44932KAA43,-,176.49,United States,-,USD,1.1,1.13,1.0,"Jan 15, 2030",2.0,7.81,-,1.13,7.81,1.13,USD,"May 28, 2019","May 28, 2019"
OPENDOOR TECHNOLOGIES INC 144A,Consumer Cyclical,Fixed Income,"6,721,607.71",0.41,"4,039,469.92","6,450,000.00",683712AA1,US683712AA18,BMH82K4,104.12,United States,-,USD,1.53,0.24,1.0,"Aug 15, 2026",0.25,4.61,-,0.24,4.61,0.24,USD,"Aug 20, 2021","Aug 20, 2021"
COUPA SOFTWARE INC,Technology,Fixed Income,"6,652,560.00",0.41,"3,581,648.57","5,400,000.00",22266LAC0,US22266LAC00,-,123.19,United States,-,USD,1.1,0.10,1.0,"Jun 15, 2025",0.13,3.55,-,0.10,3.55,0.10,USD,"Jun 11, 2019","Jun 11, 2019"
LYFT INC,Transportation,Fixed Income,"6,598,934.33",0.4,"4,175,282.59","4,940,000.00",55087PAB0,US55087PAB04,-,133.39,United States,-,USD,0.95,1.12,1.0,"May 15, 2025",1.5,3.43,-,1.12,3.43,1.12,USD,"May 15, 2020","May 15, 2020"
OMNICELL INC,Technology,Fixed Income,"6,552,217.63",0.4,"6,130,119.47","3,468,000.00",68213NAD1,US68213NAD12,-,188.86,United States,-,USD,0.2,0.13,1.0,"Sep 15, 2025",0.25,4.02,-,0.13,4.02,0.13,USD,"Sep 25, 2020","Sep 25, 2020"
HUBSPOT INC,Technology,Fixed Income,"6,506,254.84",0.4,"6,180,868.59","2,739,000.00",443573AD2,US443573AD20,-,237.51,United States,-,USD,0.1,0.16,1.0,"Jun 01, 2025",0.38,3.86,-,0.16,3.86,0.16,USD,"Jun 04, 2020","Jun 04, 2020"
ETSY INC,Consumer Cyclical,Fixed Income,"6,407,832.05",0.39,"4,483,327.77","4,773,000.00",29786AAL0,US29786AAL08,-,134.21,United States,-,USD,1.57,0.09,1.0,"Sep 01, 2027",0.13,5.8,-,0.09,5.8,0.09,USD,"Aug 24, 2020","Aug 24, 2020"
UNITY SOFTWARE INC 144A,Technology,Fixed Income,"6,399,400.00",0.39,"1,885,598.65","7,000,000.00",91332UAA9,US91332UAA97,-,91.42,United States,-,USD,3.19,1.85,1.0,"Nov 15, 2026",0.0,4.79,-,1.85,4.79,1.85,USD,"Nov 19, 2021","Nov 19, 2021"
LIVE NATION ENTERTAINMENT INC,Consumer Cyclical,Fixed Income,"6,343,288.28",0.39,"5,737,123.96","3,490,000.00",538034AQ2,US538034AQ25,-,181.02,United States,-,USD,0.1,1.38,1.0,"Mar 15, 2023",2.5,1.51,-,1.38,1.51,1.38,USD,"Mar 20, 2018","Mar 20, 2018"
AFFIRM HOLDINGS INC 144A,Technology,Fixed Income,"6,331,500.00",0.39,"2,419,916.55","7,000,000.00",00827BAA4,US00827BAA44,BN6SGP5,90.45,United States,-,USD,2.68,2.07,1.0,"Nov 15, 2026",0.0,4.78,-,2.07,4.78,2.07,USD,"Nov 23, 2021","Nov 23, 2021"
SPLUNK INC,Technology,Fixed Income,"6,294,050.91",0.39,"2,622,950.10","5,681,000.00",848637AD6,US848637AD65,-,110.46,United States,-,USD,1.64,1.02,1.0,"Sep 15, 2025",1.13,3.66,-,1.02,3.66,1.02,USD,"Sep 21, 2018","Sep 21, 2018"
DRAFTKINGS INC 144A,Consumer Cyclical,Fixed Income,"6,209,040.00",0.38,"1,265,877.79","8,200,000.00",26142RAA2,US26142RAA23,-,75.72,United States,-,USD,4.59,4.53,1.0,"Mar 15, 2028",0.0,5.94,-,4.53,5.94,4.53,USD,"Mar 18, 2021","Mar 18, 2021"
MICROSTRATEGY,Technology,Fixed Income,"6,084,910.00",0.37,"4,563,027.57","3,900,000.00",594972AC5,US594972AC51,2HX9NW4,155.99,United States,-,USD,0.77,0.48,1.0,"Dec 15, 2025",0.75,4.13,-,0.48,4.13,0.48,USD,"Dec 11, 2020","Dec 11, 2020"
SILICON LABORATORIES INC.,Technology,Fixed Income,"6,067,155.98",0.37,"5,414,443.74","3,466,000.00",826919AD4,US826919AD45,-,175.02,United States,-,USD,0.26,0.36,1.0,"Jun 15, 2025",0.63,3.71,-,0.36,3.71,0.36,USD,"Jun 01, 2020","Jun 01, 2020"
WAYFAIR INC,Consumer Cyclical,Fixed Income,"5,936,483.25",0.36,"4,737,131.58","3,390,000.00",94419LAD3,US94419LAD38,2F88690,174.93,United States,-,USD,0.17,0.64,1.0,"Nov 01, 2024",1.13,3.08,-,0.64,3.08,0.64,USD,"Nov 19, 2018","Nov 19, 2018"
SPLUNK INC,Technology,Fixed Income,"5,932,005.50",0.36,"1,583,003.16","6,341,000.00",848637AF1,US848637AF14,-,93.5,United States,-,USD,3.51,2.40,1.0,"Jun 15, 2027",1.13,5.23,-,2.40,5.23,2.40,USD,"Jun 05, 2020","Jun 05, 2020"
BURLINGTON STORES INC,Consumer Cyclical,Fixed Income,"5,908,437.60",0.36,"4,165,292.95","3,952,000.00",122017AB2,US122017AB26,-,149.03,United States,-,USD,0.68,1.50,1.0,"Apr 15, 2025",2.25,3.37,-,1.50,3.37,1.50,USD,"Apr 16, 2020","Apr 16, 2020"
MATCH GROUP FINANCECO 2 INC 144A,Finance Companies,Fixed Income,"5,886,597.22",0.36,"4,557,005.95","3,625,000.00",44932FAA5,US44932FAA57,BJSB5L3,162.35,United States,-,USD,0.71,0.54,1.0,"Jun 15, 2026",0.88,4.63,-,0.54,4.63,0.54,USD,"May 28, 2019","May 28, 2019"
FIVE9 INC,Technology,Fixed Income,"5,796,151.00",0.35,"3,647,525.02","4,740,000.00",338307AD3,US338307AD33,2HKVXV2,122.24,United States,-,USD,1.01,0.41,1.0,"Jun 01, 2025",0.5,3.49,-,0.41,3.49,0.41,USD,"May 27, 2020","May 27, 2020"
MP MATERIALS CORP 144A,Basic Industry,Fixed Income,"5,768,603.75",0.35,"3,878,752.78","4,550,000.00",553368AA9,US553368AA93,BMYLH23,126.72,United States,-,USD,1.15,0.20,1.0,"Apr 01, 2026",0.25,4.35,-,0.20,4.35,0.20,USD,"Mar 26, 2021","Mar 26, 2021"
RINGCENTRAL INC,Technology,Fixed Income,"5,767,335.00",0.35,"1,602,624.99","6,103,000.00",76680RAF4,US76680RAF47,BN92KR4,94.5,United States,-,USD,1.98,1.79,1.0,"Mar 01, 2025",0.0,3.11,-,1.79,3.11,1.79,USD,"Mar 03, 2020","Mar 03, 2020"
WEIBO CORP,Communications,Fixed Income,"5,739,858.68",0.35,"7,330.91","5,875,000.00",948596AC5,US948596AC55,-,97.54,China,-,USD,0.84,4.15,1.0,"Nov 15, 2022",1.25,0.85,-,4.15,0.85,4.15,USD,"Oct 30, 2017","Oct 30, 2017"
IQIYI INC,Communications,Fixed Income,"5,717,943.00",0.35,"299,629.49","7,805,000.00",46267XAD0,US46267XAD03,-,72.76,China,-,USD,0.89,12.44,1.0,"Apr 01, 2025",2.0,2.94,-,29.62,1.07,29.62,USD,"Mar 29, 2019","Mar 29, 2019"
EQT CORP,Energy,Fixed Income,"5,706,180.42",0.35,"3,900,321.28","3,415,000.00",26884LAK5,US26884LAK52,-,166.8,United States,-,USD,0.91,1.05,1.0,"May 01, 2026",1.75,4.45,-,1.05,4.45,1.05,USD,"Apr 28, 2020","Apr 28, 2020"
AVALARA INC 144A,Technology,Fixed Income,"5,684,803.75",0.35,"1,710,494.99","6,150,000.00",05338GAA4,US05338GAA40,BL6KK33,92.34,United States,-,USD,2.97,2.01,1.0,"Aug 01, 2026",0.25,4.51,-,2.01,4.51,2.01,USD,"Aug 13, 2021","Aug 13, 2021"
TELADOC HEALTH INC,Consumer Non-Cyclical,Fixed Income,"5,675,118.33",0.35,"1,196,886.04","6,200,000.00",87918AAF2,US87918AAF21,-,91.43,United States,-,USD,3.78,2.97,1.0,"Jun 01, 2027",1.25,5.16,-,2.97,5.16,2.97,USD,"May 19, 2020","May 19, 2020"
SAREPTA THERAPEUTICS INC,Consumer Non-Cyclical,Fixed Income,"5,674,175.00",0.35,"3,717,947.16","3,900,000.00",803607AB6,US803607AB68,BFN33S9,145.3,United States,-,USD,0.93,1.03,1.0,"Nov 15, 2024",1.5,3.0,-,1.03,3.0,1.03,USD,"Nov 14, 2017","Nov 14, 2017"
ZILLOW GROUP INC,Consumer Cyclical,Fixed Income,"5,631,056.83",0.34,"4,729,191.61","3,490,000.00",98954MAG6,US98954MAG69,-,160.89,United States,-,USD,0.47,0.85,1.0,"Sep 01, 2026",1.38,4.77,-,0.85,4.77,0.85,USD,"Sep 09, 2019","Sep 09, 2019"
BILIBILI INC,Communications,Fixed Income,"5,561,570.03",0.34,"5,031,723.88","2,840,000.00",090040AB2,US090040AB26,-,195.49,Cayman Islands,-,USD,0.33,0.70,1.0,"Apr 01, 2026",1.38,4.49,-,0.70,4.49,0.70,USD,"Apr 05, 2019","Apr 05, 2019"
NORTONLIFELOCK INC 144A,Technology,Fixed Income,"5,560,517.44",0.34,"4,715,623.66","4,265,000.00",668771AA6,US668771AA66,BKX90Q9,129.62,United States,-,USD,0.09,1.53,1.0,"Aug 15, 2022",2.0,0.75,-,1.53,0.75,1.53,USD,"Feb 04, 2020","Feb 04, 2020"
FARFETCH LTD,Technology,Fixed Income,"5,559,662.50",0.34,"4,846,414.29","2,450,000.00",30744WAD9,US30744WAD92,-,226.3,Cayman Islands,-,USD,0.36,1.65,1.0,"May 01, 2027",3.75,5.37,-,1.65,5.37,1.65,USD,"Apr 30, 2020","Apr 30, 2020"
SPLUNK INC,Technology,Fixed Income,"5,554,288.55",0.34,"2,056,744.12","5,193,000.00",848637AC8,US848637AC82,-,106.81,United States,-,USD,0.91,0.47,1.0,"Sep 15, 2023",0.5,1.73,-,0.47,1.73,0.47,USD,"Sep 21, 2018","Sep 21, 2018"
LUMENTUM HOLDINGS INC,Technology,Fixed Income,"5,519,429.31",0.34,"5,142,152.19","3,110,000.00",55024UAB5,US55024UAB52,BD4B140,177.4,United States,-,USD,0.14,0.14,1.0,"Mar 15, 2024",0.25,2.5,-,0.14,2.5,0.14,USD,"Mar 08, 2017","Mar 08, 2017"
UBER TECHNOLOGIES INC,Consumer Cyclical,Fixed Income,"5,508,730.00",0.34,"1,311,202.90","5,570,000.00",90353TAJ9,US90353TAJ97,BN7LHS3,98.9,United States,-,USD,2.87,0.28,1.0,"Dec 15, 2025",0.0,3.95,-,0.28,3.95,0.28,USD,"Dec 11, 2020","Dec 11, 2020"
SOLAREDGE TECHNOLOGIES INC,Technology,Fixed Income,"5,477,148.00",0.34,"3,351,855.45","4,310,000.00",83417MAD6,US83417MAD65,-,127.08,United States,-,USD,1.36,0.00,1.0,"Sep 15, 2025",0.0,3.96,-,0.00,3.96,0.00,USD,"Sep 25, 2020","Sep 25, 2020"
ZILLOW GROUP INC,Consumer Cyclical,Fixed Income,"5,453,688.68",0.33,"3,202,550.24","4,225,000.00",98954MAH4,US98954MAH43,-,128.73,United States,-,USD,1.01,2.13,1.0,"May 15, 2025",2.75,3.34,-,2.13,3.34,2.13,USD,"May 15, 2020","May 15, 2020"
CLEVELAND-CLIFFS INC,Basic Industry,Fixed Income,"5,421,719.92",0.33,"5,484,076.06","1,945,000.00",185899AA9,US185899AA92,BFB4629,278.06,United States,-,USD,0.0,0.53,1.0,"Jan 15, 2025",1.5,3.53,-,0.53,3.53,0.53,USD,"Dec 19, 2017","Dec 19, 2017"
ILLUMINA INC,Consumer Non-Cyclical,Fixed Income,"5,407,633.50",0.33,"2,143,675.76","4,715,000.00",452327AK5,US452327AK54,-,114.69,United States,-,USD,0.74,0.00,1.0,"Aug 15, 2023",0.0,1.77,-,0.00,1.77,0.00,USD,"Aug 21, 2018","Aug 21, 2018"
PELOTON INTERACTIVE INC 144A,Consumer Cyclical,Fixed Income,"5,388,192.00",0.33,"548,666.96","6,360,000.00",70614WAA8,US70614WAA80,-,84.72,United States,-,USD,3.47,4.06,1.0,"Feb 15, 2026",0.0,3.96,-,4.06,3.96,4.06,USD,"Feb 11, 2021","Feb 11, 2021"
BEYOND MEAT INC 144A,Consumer Non-Cyclical,Fixed Income,"5,356,120.00",0.33,"1,475,779.57","7,700,000.00",08862EAA7,US08862EAA73,-,69.56,United States,-,USD,3.29,7.09,1.0,"Mar 15, 2027",0.0,4.86,-,7.09,4.86,7.09,USD,"Mar 05, 2021","Mar 05, 2021"
DIGITALOCEAN HOLDINGS INC 144A,Technology,Fixed Income,"5,349,000.00",0.33,"2,067,141.14","6,000,000.00",25402DAA0,US25402DAA00,-,89.15,United States,-,USD,2.68,2.35,1.0,"Dec 01, 2026",0.0,4.81,-,2.35,4.81,2.35,USD,"Nov 18, 2021","Nov 18, 2021"
BEAUTY HEALTH CO 144A,Consumer Non-Cyclical,Fixed Income,"5,308,576.39",0.32,"2,962,553.91","5,000,000.00",88331LAA6,US88331LAA61,-,105.8,United States,-,USD,1.7,1.18,1.0,"Oct 01, 2026",1.25,4.61,-,1.18,4.61,1.18,USD,"Sep 14, 2021","Sep 14, 2021"
ZYNGA INC,Technology,Fixed Income,"5,301,494.00",0.32,"5,301,494.00","5,765,000.00",98986TAD0,US98986TAD00,2HYKKC5,91.96,United States,-,USD,4.92,1.70,1.0,"Dec 15, 2026",0.0,4.91,-,1.70,4.91,1.70,USD,"Dec 17, 2020","Dec 17, 2020"
WOLFSPEED INC,Technology,Equity,"5,263,472.84",0.32,"5,263,472.84","47,092.00",977852102,US9778521024,BMBVND9,111.77,United States,New York Stock Exchange Inc.,USD,0.0,-,1.0,-,0.0,0.0,-,-,0.0,-,USD,-,"Feb 09, 1993"
PENN NATIONAL GAMING INC,Consumer Cyclical,Fixed Income,"5,185,114.70",0.32,"4,626,358.33","2,189,000.00",707569AU3,US707569AU31,-,236.52,United States,-,USD,0.26,1.16,1.0,"May 15, 2026",2.75,4.63,-,1.16,4.63,1.16,USD,"May 14, 2020","May 14, 2020"
CHEGG INC,Consumer Non-Cyclical,Fixed Income,"5,143,324.50",0.31,"1,403,492.62","6,205,000.00",163092AF6,US163092AF65,2HRF0J4,82.89,United States,-,USD,2.96,4.06,1.0,"Sep 01, 2026",0.0,4.49,-,4.06,4.49,4.06,USD,"Aug 21, 2020","Aug 21, 2020"
BILIBILI INC 144A,Communications,Fixed Income,"5,121,083.33",0.31,"2,152,074.75","6,000,000.00",090040AE6,US090040AE64,BN6SHG3,85.3,Cayman Islands,-,USD,1.45,3.80,1.0,"Dec 01, 2026",0.5,4.77,-,6.07,2.81,6.07,USD,"Nov 23, 2021","Nov 23, 2021"
PURE STORAGE INC,Technology,Fixed Income,"5,101,472.06",0.31,"3,441,241.54","3,820,000.00",74624MAB8,US74624MAB81,-,133.52,United States,-,USD,0.22,0.09,1.0,"Apr 15, 2023",0.13,1.44,-,0.09,1.44,0.09,USD,"Apr 09, 2018","Apr 09, 2018"
RAPID7 INC 144A,Technology,Fixed Income,"5,098,407.64",0.31,"3,619,150.82","3,950,000.00",753422AE4,US753422AE40,-,129.0,United States,-,USD,1.22,0.19,1.0,"Mar 15, 2027",0.25,5.3,-,0.19,5.3,0.19,USD,"Mar 19, 2021","Mar 19, 2021"
LIBERTY BROADBAND CORP 144A,Communications,Fixed Income,"5,068,112.50",0.31,"1,192,061.32","5,125,000.00",530307AC1,US530307AC10,-,98.89,United States,-,USD,1.26,1.30,1.0,"Oct 05, 2023",1.25,24.09,-,1.89,1.74,1.89,USD,"Nov 23, 2020","Nov 23, 2020"
PEBBLEBROOK HOTEL TRUST,Reits,Fixed Income,"5,005,762.00",0.31,"2,984,237.38","4,545,000.00",70509VAA8,US70509VAA89,-,110.06,United States,-,USD,1.52,1.59,1.0,"Dec 15, 2026",1.75,4.78,-,1.59,4.78,1.59,USD,"Dec 15, 2020","Dec 15, 2020"
MICROCHIP TECHNOLOGY INCORPORATED,Technology,Fixed Income,"4,987,438.89",0.31,"2,629,322.41","4,000,000.00",595017AU8,US595017AU87,BMH2V21,124.67,United States,-,USD,1.1,0.10,1.0,"Nov 15, 2024",0.13,2.98,-,0.10,2.98,0.10,USD,"Dec 01, 2020","Dec 01, 2020"
MICROSTRATEGY INCORPORATED 144A,Technology,Fixed Income,"4,949,040.00",0.3,"1,575,701.94","6,800,000.00",594972AD3,US594972AD35,-,72.78,United States,-,USD,3.12,6.30,1.0,"Feb 15, 2027",0.0,4.82,-,6.30,4.82,6.30,USD,"Feb 19, 2021","Feb 19, 2021"
FASTLY INC 144A,Technology,Fixed Income,"4,941,035.00",0.3,"1,086,869.57","6,050,000.00",31188VAA8,US31188VAA89,-,81.67,United States,-,USD,2.98,4.87,1.0,"Mar 15, 2026",0.0,4.01,-,4.87,4.01,4.87,USD,"Mar 05, 2021","Mar 05, 2021"
OAK STREET HEALTH INC 144A,Consumer Non-Cyclical,Fixed Income,"4,934,722.50",0.3,"1,683,909.67","6,075,000.00",67181AAA5,US67181AAA51,-,81.23,United States,-,USD,2.41,5.00,1.0,"Mar 15, 2026",0.0,4.01,-,5.00,4.01,5.00,USD,"Mar 16, 2021","Mar 16, 2021"
DISH NETWORK CORP,Communications,Fixed Income,"4,920,210.69",0.3,"304,010.58","5,085,000.00",25470MAD1,US25470MAD11,BFMNDT1,96.06,United States,-,USD,1.92,4.26,1.0,"Mar 15, 2024",2.38,2.1,-,4.26,2.1,4.26,USD,"Mar 17, 2017","Mar 17, 2017"
BLK CSH FND TREASURY SL AGENCY,Cash and/or Derivatives,Money Market,"4,909,999.99",0.3,"4,909,999.99","4,910,000.00",066922477,US0669224778,6922477,1.0,United States,-,USD,0.07,0.07,1.0,-,0.1,0.1,-,0.07,0.1,0.07,USD,-,"Feb 04, 2009"
SHIFT4 PAYMENTS INC 144A,Technology,Fixed Income,"4,826,304.00",0.3,"2,482,307.89","4,560,000.00",82452JAA7,US82452JAA79,-,105.84,United States,-,USD,1.63,0.00,1.0,"Dec 15, 2025",0.0,4.02,-,0.00,4.02,0.00,USD,"Dec 07, 2020","Dec 07, 2020"
HALOZYME THERAPEUTICS INC 144A,Technology,Fixed Income,"4,821,572.33",0.3,"1,464,136.04","5,410,000.00",40637HAC3,US40637HAC34,BNRKBY4,89.04,United States,-,USD,3.29,2.53,1.0,"Mar 01, 2027",0.25,5.07,-,2.53,5.07,2.53,USD,"Mar 01, 2021","Mar 01, 2021"
SAILPOINT TECHNLGIES HLDGS IN,Technology,Fixed Income,"4,801,814.21",0.29,"4,144,940.17","2,698,000.00",78781PAB1,US78781PAB13,2G24KD3,177.94,United States,-,USD,0.18,0.07,1.0,"Sep 15, 2024",0.13,3.0,-,0.07,3.0,0.07,USD,"Sep 24, 2019","Sep 24, 2019"
EXACT SCIENCES CORPORATION,Technology,Fixed Income,"4,740,205.90",0.29,"2,254,698.73","4,655,000.00",30063PAB1,US30063PAB13,BJBSZH7,101.72,United States,-,USD,2.53,0.37,1.0,"Mar 15, 2027",0.38,5.15,-,0.37,5.15,0.37,USD,"Mar 08, 2019","Mar 08, 2019"
CHART INDUSTRIES INC 144A,Industrial Other,Fixed Income,"4,737,701.78",0.29,"4,581,739.67","1,720,000.00",16115QAD2,US16115QAD25,BYWSW70,275.32,United States,-,USD,0.08,0.36,1.0,"Nov 15, 2024",1.0,3.39,-,0.36,3.39,0.36,USD,"Nov 06, 2017","Nov 06, 2017"
NIO INC 144A,Consumer Cyclical,Fixed Income,"4,726,620.00",0.29,"680,475.16","5,400,000.00",62914VAC0,US62914VAC00,-,87.53,China,-,USD,1.71,3.29,1.0,"Feb 01, 2026",0.0,3.96,-,6.49,1.96,6.49,USD,"Jan 15, 2021","Jan 15, 2021"
KBR INC,Industrial Other,Fixed Income,"4,718,174.33",0.29,"4,443,181.12","2,465,000.00",48242WAB2,US48242WAB28,-,190.99,United States,-,USD,0.09,1.31,1.0,"Nov 01, 2023",2.5,2.14,-,1.31,2.14,1.31,USD,"Nov 15, 2018","Nov 15, 2018"
CYBER ARK SOFTWARE LTD,Technology,Fixed Income,"4,713,987.50",0.29,"3,087,116.50","3,725,000.00",23248VAB1,US23248VAB18,-,126.55,Israel,-,USD,0.75,0.00,1.0,"Nov 15, 2024",0.0,3.12,-,0.00,3.12,0.00,USD,"Nov 18, 2019","Nov 18, 2019"
ZILLOW GROUP INC,Consumer Cyclical,Fixed Income,"4,683,300.00",0.29,"3,955,056.61","3,000,000.00",98954MAE1,US98954MAE12,-,155.86,United States,-,USD,0.22,0.48,1.0,"Sep 01, 2024",0.75,2.87,-,0.48,2.87,0.48,USD,"Sep 09, 2019","Sep 09, 2019"
TYLER TECHNOLOGIES INC 144A,Technology,Fixed Income,"4,655,897.22",0.28,"3,040,858.64","3,800,000.00",902252AA3,US902252AA34,-,122.45,United States,-,USD,1.31,0.20,1.0,"Mar 15, 2026",0.25,4.28,-,0.20,4.28,0.20,USD,"Mar 09, 2021","Mar 09, 2021"
UNITED STATES STEEL CORP,Basic Industry,Fixed Income,"4,642,116.33",0.28,"3,519,998.97","2,305,000.00",912909AT5,US912909AT54,2HT1YS7,200.56,United States,-,USD,0.7,2.48,1.0,"Nov 01, 2026",5.0,4.74,-,2.48,4.74,2.48,USD,"Oct 21, 2019","Oct 21, 2019"
BENTLEY SYSTEMS INCORPORATED 144A,Technology,Fixed Income,"4,623,911.84",0.28,"1,918,718.33","4,475,000.00",08265TAA7,US08265TAA79,-,103.27,United States,-,USD,2.24,0.12,1.0,"Jan 15, 2026",0.13,4.04,-,0.12,4.04,0.12,USD,"Jan 26, 2021","Jan 26, 2021"
LIBERTY MEDIA CORP,Communications,Fixed Income,"4,608,881.07",0.28,"4,500,172.96","2,668,000.00",531229AF9,US531229AF93,BF4J416,172.33,United States,-,USD,0.02,0.58,1.0,"Jan 30, 2023",1.0,1.38,-,0.58,1.38,0.58,USD,"Jan 23, 2017","Jan 23, 2017"
NATERA INC,Technology,Fixed Income,"4,608,553.45",0.28,"4,051,828.36","1,789,000.00",632307AB0,US632307AB07,-,257.23,United States,-,USD,0.39,0.87,1.0,"May 01, 2027",2.25,5.6,-,0.87,5.6,0.87,USD,"Apr 16, 2020","Apr 16, 2020"
MARRIOTT VACATIONS WORLDWIDE CORP 144A,Consumer Cyclical,Fixed Income,"4,543,503.00",0.28,"2,731,720.08","3,855,000.00",57164YAC1,US57164YAC12,-,117.86,United States,-,USD,1.55,0.00,1.0,"Jan 15, 2026",0.0,4.21,-,0.00,4.21,0.00,USD,"Feb 02, 2021","Feb 02, 2021"
CHEGG INC,Consumer Non-Cyclical,Fixed Income,"4,528,011.46",0.28,"1,984,730.02","4,606,000.00",163092AD1,US163092AD18,-,98.27,United States,-,USD,1.18,0.67,1.0,"Mar 15, 2025",0.13,3.19,-,0.67,3.19,0.67,USD,"Mar 26, 2019","Mar 26, 2019"
DROPBOX INC (DELAWARE) 144A,Technology,Fixed Income,"4,503,278.00",0.28,"1,971,103.04","4,570,000.00",26210CAB0,US26210CAB00,-,98.54,United States,-,USD,3.32,0.24,1.0,"Mar 01, 2028",0.0,6.15,-,0.24,6.15,0.24,USD,"Feb 26, 2021","Feb 26, 2021"
ROYAL CARIBBEAN CRUISES LTD,Consumer Cyclical,Fixed Income,"4,500,524.99",0.28,"2,443,035.95","3,790,000.00",780153BF8,US780153BF87,-,118.38,Liberia,-,USD,0.75,2.42,1.0,"Nov 15, 2023",2.88,1.89,-,2.42,1.89,2.42,USD,"Oct 16, 2020","Oct 16, 2020"
RH,Consumer Cyclical,Fixed Income,"4,475,750.40",0.27,"4,477,181.88","1,766,000.00",74967XAD5,US74967XAD57,BMZ3GP4,253.44,United States,-,USD,0.78,0.00,1.0,"Sep 15, 2024",0.0,3.82,-,0.00,3.82,0.00,USD,"Sep 17, 2019","Sep 17, 2019"
NATIONAL VISION HOLDINGS INC,Consumer Cyclical,Fixed Income,"4,446,680.59",0.27,"3,639,506.84","2,647,000.00",63845RAB3,US63845RAB33,-,167.67,United States,-,USD,0.39,1.49,1.0,"May 15, 2025",2.5,3.51,-,1.49,3.51,1.49,USD,"May 12, 2020","May 12, 2020"
REPLIGEN CORPORATION,Consumer Non-Cyclical,Fixed Income,"4,417,144.64",0.27,"4,172,433.56","1,887,000.00",759916AB5,US759916AB50,-,233.91,United States,-,USD,0.12,0.16,1.0,"Jul 15, 2024",0.38,2.99,-,0.16,2.99,0.16,USD,"Jul 19, 2019","Jul 19, 2019"
FISKER INC 144A,Consumer Cyclical,Fixed Income,"4,415,483.33",0.27,"2,878,546.01","4,200,000.00",33813JAA4,US33813JAA43,BMYX6W2,104.2,United States,-,USD,1.13,2.38,1.0,"Sep 15, 2026",2.5,4.4,-,2.38,4.4,2.38,USD,"Aug 17, 2021","Aug 17, 2021"
JETBLUE AIRWAYS CORPORATION 144A,Transportation,Fixed Income,"4,398,965.00",0.27,"1,185,199.00","4,700,000.00",477143AN1,US477143AN19,-,93.47,United States,-,USD,2.88,2.11,1.0,"Apr 01, 2026",0.5,4.16,-,2.11,4.16,2.11,USD,"Mar 25, 2021","Mar 25, 2021"
DOCUSIGN INC 144A,Technology,Fixed Income,"4,394,472.00",0.27,"1,088,572.19","4,560,000.00",256163AC0,US256163AC07,-,96.37,United States,-,USD,1.38,1.82,1.0,"Jan 15, 2024",0.0,2.01,-,1.82,2.01,1.82,USD,"Jan 15, 2021","Jan 15, 2021"
NUANCE COMMUNICATIONS INC,Technology,Fixed Income,"4,346,226.50",0.27,"4,327,427.91","1,540,000.00",67020YAN0,US67020YAN04,-,281.91,United States,-,USD,0.0,0.44,1.0,"Apr 01, 2025",1.25,3.76,-,0.44,3.76,0.44,USD,"Mar 17, 2017","Mar 17, 2017"
NEXTERA ENERGY PARTNERS LP 144A,Electric,Fixed Income,"4,337,305.50",0.27,"3,029,487.74","3,795,000.00",65341BAD8,US65341BAD82,-,114.29,United States,-,USD,1.22,0.00,1.0,"Nov 15, 2025",0.0,4.01,-,0.00,4.01,0.00,USD,"Dec 03, 2020","Dec 03, 2020"
LIBERTY INTERACTIVE LLC 144A,Communications,Fixed Income,"4,316,175.00",0.26,"4,135,198.36","2,250,000.00",530610AD6,US530610AD60,BZ02NW3,191.83,United States,-,USD,0.05,0.91,1.0,"Oct 05, 2023",1.75,21.71,-,0.91,1.91,0.91,USD,"Aug 23, 2016","Aug 23, 2016"
SQUARE INC,Technology,Fixed Income,"4,305,010.17",0.26,"1,145,458.71","4,054,000.00",852234AK9,US852234AK99,-,106.15,United States,-,USD,4.04,0.24,1.0,"Nov 01, 2027",0.25,5.82,-,0.24,5.82,0.24,USD,"Nov 13, 2020","Nov 13, 2020"
J2 GLOBAL INC 144A,Technology,Fixed Income,"4,284,806.40",0.26,"3,179,932.60","3,456,000.00",48123VAD4,US48123VAD47,BJTM1D9,123.69,United States,-,USD,0.98,1.41,1.0,"Nov 01, 2026",1.75,4.73,-,1.41,4.73,1.41,USD,"Nov 15, 2019","Nov 15, 2019"
NCL CORPORATION LTD,Consumer Cyclical,Fixed Income,"4,229,442.79",0.26,"2,747,670.13","2,930,000.00",62886HAX9,US62886HAX98,-,142.11,Bermuda,-,USD,0.91,3.72,1.0,"Aug 01, 2025",5.38,3.39,-,3.72,3.39,3.72,USD,"Jul 21, 2020","Jul 21, 2020"
MOMO INC,Technology,Fixed Income,"4,219,745.76",0.26,"36,369.22","4,828,000.00",60879BAB3,US60879BAB36,BKLH4X0,86.78,Cayman Islands,-,USD,1.33,5.45,1.0,"Jul 01, 2025",1.25,3.32,-,11.04,1.4,11.04,USD,"Jul 02, 2018","Jul 02, 2018"
ENPHASE ENERGY INC 144A,Technology,Fixed Income,"4,187,765.00",0.26,"1,601,707.42","4,150,000.00",29355AAG2,US29355AAG22,-,100.91,United States,-,USD,2.25,0.00,1.0,"Mar 01, 2026",0.0,4.18,-,0.00,4.18,0.00,USD,"Mar 01, 2021","Mar 01, 2021"
LIVONGO HEALTH INC,Consumer Non-Cyclical,Fixed Income,"4,159,793.23",0.25,"1,705,679.81","3,625,000.00",539183AA1,US539183AA12,-,114.68,United States,-,USD,1.74,0.76,1.0,"Jun 01, 2025",0.88,3.43,-,0.76,3.43,0.76,USD,"Jun 04, 2020","Jun 04, 2020"
SNAP INC,Technology,Fixed Income,"4,149,850.02",0.25,"3,950,528.33","1,873,000.00",83304AAD8,US83304AAD81,-,221.52,United States,-,USD,0.09,0.11,1.0,"May 01, 2025",0.25,3.74,-,0.11,3.74,0.11,USD,"Apr 28, 2020","Apr 28, 2020"
INSMED INC,Technology,Fixed Income,"4,136,775.00",0.25,"2,538,125.37","3,800,000.00",457669AB5,US457669AB50,BNXM144,108.8,United States,-,USD,2.04,0.69,1.0,"Jun 01, 2028",0.75,6.3,-,0.69,6.3,0.69,USD,"May 13, 2021","May 13, 2021"
LIBERTY MEDIA CORP 144A,Communications,Fixed Income,"4,125,714.38",0.25,"1,192,817.17","3,987,000.00",531229AJ1,US531229AJ16,BL4PST2,103.25,United States,-,USD,1.89,2.66,1.0,"Dec 01, 2024",2.75,19.56,-,2.66,2.8,2.66,USD,"Nov 26, 2019","Nov 26, 2019"
VAIL RESORTS INC,Consumer Cyclical,Fixed Income,"4,085,000.00",0.25,"2,192,920.18","3,800,000.00",91879QAN9,US91879QAN97,2HYQ6Y7,107.5,United States,-,USD,1.61,0.00,1.0,"Jan 01, 2026",0.0,4.08,-,0.00,4.08,0.00,USD,"Dec 18, 2020","Dec 18, 2020"
LIBERTY MEDIA CORP 144A,Communications,Fixed Income,"4,075,260.75",0.25,"4,567,919.64","2,530,000.00",531229AH5,US531229AH59,-,160.89,United States,-,USD,0.0,1.39,1.0,"Jan 03, 2022",2.25,21.87,-,1.39,21.87,1.39,USD,"Dec 03, 2018","Dec 03, 2018"
IQIYI INC,Communications,Fixed Income,"4,074,543.28",0.25,"719,757.95","5,635,000.00",46267XAE8,US46267XAE85,-,72.13,China,-,USD,1.68,11.54,1.0,"Dec 15, 2026",4.0,4.2,-,17.99,2.24,17.99,USD,"Dec 21, 2020","Dec 21, 2020"
NRG ENERGY INC,Electric,Fixed Income,"4,072,128.96",0.25,"2,316,474.97","3,437,000.00",629377CG5,US629377CG50,BK75V93,118.25,United States,-,USD,1.38,2.32,1.0,"Jun 01, 2025",2.75,19.42,-,2.32,3.33,2.32,USD,"May 24, 2018","May 24, 2018"
PEGASYSTEMS INC,Technology,Fixed Income,"4,058,533.50",0.25,"1,848,379.17","3,827,000.00",705573AB9,US705573AB99,-,105.8,United States,-,USD,1.57,0.71,1.0,"Mar 01, 2025",0.75,3.15,-,0.71,3.15,0.71,USD,"Feb 24, 2020","Feb 24, 2020"
FIREEYE INC 144A,Technology,Fixed Income,"4,042,982.07",0.25,"1,301,053.38","3,887,000.00",31816QAF8,US31816QAF81,-,103.94,United States,-,USD,1.57,0.84,1.0,"Jun 01, 2024",0.88,2.4,-,0.84,2.4,0.84,USD,"May 24, 2018","May 24, 2018"
WORKIVA INC,Technology,Fixed Income,"4,033,461.25",0.25,"3,331,517.22","2,275,000.00",98139AAB1,US98139AAB17,-,176.87,United States,-,USD,0.48,0.63,1.0,"Aug 15, 2026",1.13,4.8,-,0.63,4.8,0.63,USD,"Aug 16, 2019","Aug 16, 2019"
RINGCENTRAL INC,Technology,Fixed Income,"4,000,990.40",0.24,"1,071,723.35","4,496,000.00",76680RAH0,US76680RAH03,2HSJJL0,88.99,United States,-,USD,2.72,2.79,1.0,"Mar 15, 2026",0.0,4.09,-,2.79,4.09,2.79,USD,"Sep 15, 2020","Sep 15, 2020"
BIOMARIN PHARMACEUTICAL INC.,Consumer Non-Cyclical,Fixed Income,"3,972,056.29",0.24,"1,095,977.96","3,770,000.00",09061GAH4,US09061GAH48,BF47SZ2,105.11,United States,-,USD,1.82,0.57,1.0,"Aug 01, 2024",0.6,2.58,-,0.57,2.58,0.57,USD,"Aug 11, 2017","Aug 11, 2017"
DROPBOX INC (DELAWARE) 144A,Technology,Fixed Income,"3,967,300.00",0.24,"1,283,802.71","4,090,000.00",26210CAA2,US26210CAA27,-,97.0,United States,-,USD,2.72,0.73,1.0,"Mar 01, 2026",0.0,4.14,-,0.73,4.14,0.73,USD,"Feb 26, 2021","Feb 26, 2021"
CERIDIAN HCM HOLDING INC 144A,Technology,Fixed Income,"3,960,497.22",0.24,"1,688,702.14","3,800,000.00",15677JAC2,US15677JAC27,BMCDCN7,104.15,United States,-,USD,2.25,0.24,1.0,"Mar 15, 2026",0.25,4.2,-,0.24,4.2,0.24,USD,"Mar 05, 2021","Mar 05, 2021"
UPSTART HOLDINGS INC 144A,Brokerage/Asset Managers/Exchanges,Fixed Income,"3,940,909.17",0.24,"1,741,936.06","4,150,000.00",91680MAA5,US91680MAA53,-,94.87,United States,-,USD,2.23,1.40,1.0,"Aug 15, 2026",0.25,4.56,-,1.40,4.56,1.40,USD,"Aug 19, 2021","Aug 19, 2021"
ZYNGA INC,Technology,Fixed Income,"3,929,397.54",0.24,"1,328,865.94","3,641,000.00",98986TAB4,US98986TAB44,-,107.9,United States,-,USD,1.46,0.23,1.0,"Jun 01, 2024",0.25,2.45,-,0.23,2.45,0.23,USD,"Jun 14, 2019","Jun 14, 2019"
INTEGRA LIFESCIENCES HOLDINGS CORP,Consumer Non-Cyclical,Fixed Income,"3,913,032.93",0.24,"2,140,630.85","3,588,000.00",457985AM1,US457985AM13,2HCHPF6,108.87,United States,-,USD,1.41,0.46,1.0,"Aug 15, 2025",0.5,3.62,-,0.46,3.62,0.46,USD,"Feb 07, 2020","Feb 07, 2020"
CONMED CORPORATION,Consumer Non-Cyclical,Fixed Income,"3,894,598.50",0.24,"3,349,790.29","2,328,000.00",207410AF8,US207410AF81,-,166.2,United States,-,USD,0.26,1.57,1.0,"Feb 01, 2024",2.63,2.28,-,1.57,2.28,1.57,USD,"Jan 29, 2019","Jan 29, 2019"
CINEMARK HOLDINGS INC,Consumer Cyclical,Fixed Income,"3,834,336.00",0.23,"2,423,111.16","2,640,000.00",17243VAB8,US17243VAB80,-,143.54,United States,-,USD,1.05,3.10,1.0,"Aug 15, 2025",4.5,3.5,-,3.10,3.5,3.10,USD,"Aug 21, 2020","Aug 21, 2020"
HERBALIFE NUTRITION LTD,Consumer Non-Cyclical,Fixed Income,"3,826,745.40",0.23,"504,616.63","3,785,000.00",42703MAD5,US42703MAD56,BJCVX15,100.33,United States,-,USD,1.79,2.60,1.0,"Mar 15, 2024",2.63,2.12,-,2.60,2.12,2.60,USD,"Mar 23, 2018","Mar 23, 2018"
JPMORGAN CHASE FINANCIAL COMPANY L 144A,Finance Companies,Fixed Income,"3,816,792.50",0.23,"2,031,097.09","3,450,000.00",48129KAE0,US48129KAE01,-,110.59,United States,-,USD,0.61,0.23,1.0,"May 01, 2023",0.25,1.38,-,0.23,1.38,0.23,USD,"May 02, 2018","May 02, 2018"
NEW RELIC INC,Technology,Fixed Income,"3,771,915.00",0.23,"2,392,910.03","3,150,000.00",64829BAB6,US64829BAB62,-,119.66,United States,-,USD,0.4,0.42,1.0,"May 01, 2023",0.5,1.42,-,0.42,1.42,0.42,USD,"May 18, 2018","May 18, 2018"
NCL CORPORATION LTD 144A,Consumer Cyclical,Fixed Income,"3,764,050.00",0.23,"1,802,213.41","4,000,000.00",62886HBC4,US62886HBC43,-,93.97,United States,-,USD,2.24,2.38,1.0,"Feb 15, 2027",1.13,4.92,-,2.38,4.92,2.38,USD,"Nov 19, 2021","Nov 19, 2021"
EURONET WORLDWIDE INC.,Technology,Fixed Income,"3,759,161.67",0.23,"1,394,322.32","3,464,000.00",298736AL3,US298736AL30,2HFJ6P6,108.3,United States,-,USD,1.55,0.69,1.0,"Mar 20, 2025",0.75,24.68,-,0.69,3.2,0.69,USD,"Mar 18, 2019","Mar 18, 2019"
LIBERTY BROADBAND CORP 144A,Communications,Fixed Income,"3,737,277.50",0.23,"1,014,789.05","3,673,000.00",530307AA5,US530307AA53,-,101.75,United States,-,USD,1.17,2.70,1.0,"Oct 05, 2023",2.75,19.92,-,2.70,1.72,2.70,USD,"Aug 27, 2020","Aug 27, 2020"
NIO INC 144A,Consumer Cyclical,Fixed Income,"3,736,142.50",0.23,"721,586.07","4,350,000.00",62914VAD8,US62914VAD82,-,85.68,China,-,USD,2.34,3.61,1.0,"Feb 01, 2027",0.5,4.92,-,5.62,2.97,5.62,USD,"Jan 15, 2021","Jan 15, 2021"
REDFIN CORP,Consumer Cyclical,Fixed Income,"3,722,241.60",0.23,"1,260,220.87","4,158,000.00",75737FAC2,US75737FAC23,-,89.52,United States,-,USD,2.23,2.94,1.0,"Oct 15, 2025",0.0,3.68,-,2.94,3.68,2.94,USD,"Oct 20, 2020","Oct 20, 2020"
INSIGHT ENTERPRISES INC,Technology,Fixed Income,"3,692,031.20",0.23,"3,328,995.03","2,301,000.00",45765UAB9,US45765UAB98,-,160.17,United States,-,USD,0.22,0.47,1.0,"Feb 15, 2025",0.75,3.33,-,0.47,3.33,0.47,USD,"Aug 15, 2019","Aug 15, 2019"
JPMORGAN CHASE BANK NA 144A,Banking,Fixed Income,"3,670,862.50",0.22,"203,859.48","3,700,000.00",48128DAC1,US48128DAC11,BJVNJM5,99.15,United States,-,USD,0.93,0.98,1.0,"Jan 01, 2023",0.13,1.0,-,0.98,1.0,0.98,USD,"Jan 13, 2020","Jan 13, 2020"
IONIS PHARMACEUTICALS INC 144A,Consumer Non-Cyclical,Fixed Income,"3,670,242.50",0.22,"1,402,953.47","4,175,000.00",462222AC4,US462222AC42,-,87.91,United States,-,USD,2.42,3.05,1.0,"Apr 01, 2026",0.0,4.13,-,3.05,4.13,3.05,USD,"Apr 12, 2021","Apr 12, 2021"
SUNNOVA ENERGY INTERNATIONAL INC 144A,Electric,Fixed Income,"3,631,279.17",0.22,"2,332,832.47","3,500,000.00",86745KAE4,US86745KAE47,-,103.73,United States,-,USD,1.41,0.24,1.0,"Dec 01, 2026",0.25,4.9,-,0.24,4.9,0.24,USD,"May 20, 2021","May 20, 2021"
BIOMARIN PHARMACEUTICAL INC.,Consumer Non-Cyclical,Fixed Income,"3,622,327.34",0.22,"1,133,193.48","3,478,000.00",09061GAK7,US09061GAK76,BLPJXX2,103.99,United States,-,USD,3.3,1.20,1.0,"May 15, 2027",1.25,5.2,-,1.20,5.2,1.20,USD,"May 14, 2020","May 14, 2020"
MACOM TECHNOLOGY SOLUTIONS HOLDING 144A,Technology,Fixed Income,"3,606,778.54",0.22,"1,951,306.06","3,075,000.00",55405YAA8,US55405YAA82,BMW2740,117.22,United States,-,USD,1.77,0.21,1.0,"Mar 15, 2026",0.25,4.26,-,0.21,4.26,0.21,USD,"Mar 25, 2021","Mar 25, 2021"
ENPHASE ENERGY INC 144A,Technology,Fixed Income,"3,544,920.00",0.22,"1,653,191.43","3,440,000.00",29355AAJ6,US29355AAJ60,-,103.05,United States,-,USD,2.87,0.00,1.0,"Mar 01, 2028",0.0,6.2,-,0.00,6.2,0.00,USD,"Mar 01, 2021","Mar 01, 2021"
COPA HOLDINGS SA,Transportation,Fixed Income,"3,523,200.00",0.22,"2,872,867.90","2,000,000.00",21720AAB8,US21720AAB89,-,175.21,Panama,-,USD,0.35,2.55,1.0,"Apr 15, 2025",4.5,3.35,-,2.55,3.35,2.55,USD,"Apr 30, 2020","Apr 30, 2020"
ISTAR INC,Reits,Fixed Income,"3,522,241.59",0.22,"3,322,358.90","1,865,000.00",45031UCB5,US45031UCB52,BH057K2,187.94,United States,-,USD,0.04,1.65,1.0,"Sep 15, 2022",3.13,1.08,-,1.65,1.08,1.65,USD,"Sep 20, 2017","Sep 20, 2017"
INTERCEPT PHARMACEUTICALS INC 144A,Technology,Fixed Income,"3,496,728.89",0.21,"1,989,174.58","3,200,000.00",45845PAD0,US45845PAD06,-,107.97,United States,-,USD,1.24,3.20,1.0,"Feb 15, 2026",3.5,3.81,-,3.20,3.81,3.20,USD,"Aug 17, 2021","Aug 17, 2021"
UPWORK INC 144A,Technology,Fixed Income,"3,490,980.83",0.21,"1,175,785.79","3,800,000.00",91688FAA2,US91688FAA21,-,91.77,United States,-,USD,2.78,2.13,1.0,"Aug 15, 2026",0.25,4.54,-,2.13,4.54,2.13,USD,"Aug 10, 2021","Aug 10, 2021"
SQUARE INC SNR CONVR NTS,Technology,Fixed Income,"3,488,062.50",0.21,"804,629.91","3,375,000.00",852234AJ2,US852234AJ27,-,103.35,United States,-,USD,3.18,0.00,1.0,"May 01, 2026",0.0,4.37,-,0.00,4.37,0.00,USD,"Nov 13, 2020","Nov 13, 2020"
LIVE NATION ENTERTAINMENT INC,Consumer Cyclical,Fixed Income,"3,480,922.47",0.21,"2,272,538.42","2,613,000.00",538034AU3,US538034AU37,-,132.46,United States,-,USD,0.77,1.50,1.0,"Feb 15, 2025",2.0,3.15,-,1.50,3.15,1.50,USD,"Feb 03, 2020","Feb 03, 2020"
HUAZHU GROUP LTD,Consumer Cyclical,Fixed Income,"3,422,820.48",0.21,"2,181,421.06","3,029,000.00",44332NAB2,US44332NAB29,-,112.51,Cayman Islands,-,USD,0.79,2.65,1.0,"May 01, 2026",3.0,4.1,-,2.65,4.1,2.65,USD,"May 12, 2020","May 12, 2020"
LCI INDUSTRIES,Consumer Cyclical,Fixed Income,"3,419,726.25",0.21,"1,780,348.96","3,100,000.00",501812AB7,US501812AB77,BN46Z76,110.17,United States,-,USD,1.97,1.02,1.0,"May 15, 2026",1.13,4.3,-,1.02,4.3,1.02,USD,"May 13, 2021","May 13, 2021"
INFINERA CORP,Communications,Fixed Income,"3,405,702.50",0.21,"1,676,087.93","2,850,000.00",45667GAC7,US45667GAC78,BF5K8P0,118.79,United States,-,USD,1.04,1.78,1.0,"Sep 01, 2024",2.13,2.66,-,1.78,2.66,1.78,USD,"Sep 11, 2018","Sep 11, 2018"
BILL.COM HOLDINGS INC 144A,Technology,Fixed Income,"3,398,670.00",0.21,"1,291,346.40","3,300,000.00",090043AC4,US090043AC48,-,102.99,United States,-,USD,2.99,0.00,1.0,"Apr 01, 2027",0.0,5.28,-,0.00,5.28,0.00,USD,"Sep 24, 2021","Sep 24, 2021"
II-VI INCORPORATED,Technology,Fixed Income,"3,383,822.13",0.21,"3,000,727.59","2,284,000.00",902104AB4,US902104AB41,-,148.07,United States,-,USD,0.07,0.17,1.0,"Sep 01, 2022",0.25,0.89,-,0.17,0.89,0.17,USD,"Aug 29, 2017","Aug 29, 2017"
NOVOCURE LTD,Consumer Non-Cyclical,Fixed Income,"3,346,017.50",0.2,"819,950.13","3,635,000.00",67011XAB9,US67011XAB91,-,92.05,Jersey,-,USD,2.67,2.17,1.0,"Nov 01, 2025",0.0,3.75,-,2.17,3.75,2.17,USD,"Nov 05, 2020","Nov 05, 2020"
NICE LTD,Technology,Fixed Income,"3,330,471.60",0.2,"2,120,545.64","2,729,000.00",653656AB4,US653656AB42,-,122.04,Israel,-,USD,1.12,0.00,1.0,"Sep 15, 2025",0.0,3.91,-,0.00,3.91,0.00,USD,"Aug 27, 2020","Aug 27, 2020"
NEUROCRINE BIOSCIENCES INC,Consumer Non-Cyclical,Fixed Income,"3,328,772.62",0.2,"1,500,521.39","2,655,000.00",64125CAD1,US64125CAD11,-,125.09,United States,-,USD,0.77,1.79,1.0,"May 15, 2024",2.25,2.41,-,1.79,2.41,1.79,USD,"May 02, 2017","May 02, 2017"
NEXTERA ENERGY PARTNERS LP 144A,Electric,Fixed Income,"3,308,480.00",0.2,"1,282,266.90","3,200,000.00",65341BAE6,US65341BAE65,BNKCQR5,103.39,United States,-,USD,1.52,0.00,1.0,"Jun 15, 2024",0.0,2.49,-,0.00,2.49,0.00,USD,"Jun 17, 2021","Jun 17, 2021"
NUTANIX INC 144A,Technology,Fixed Income,"3,280,635.00",0.2,"1,063,723.98","3,600,000.00",67059NAG3,US67059NAG34,BKMQSF6,91.06,United States,-,USD,3.57,1.90,1.0,"Oct 01, 2027",0.25,5.65,-,1.90,5.65,1.90,USD,"Sep 22, 2021","Sep 22, 2021"
IONIS PHARMACEUTICALS INC,Consumer Non-Cyclical,Fixed Income,"3,270,490.84",0.2,"467,758.78","3,626,000.00",462222AB6,US462222AB68,-,90.19,United States,-,USD,2.4,3.66,1.0,"Dec 15, 2024",0.13,2.9,-,3.66,2.9,3.66,USD,"Dec 19, 2019","Dec 19, 2019"
FTI CONSULTING INC.,Financial Other,Fixed Income,"3,248,545.83",0.2,"2,959,009.46","2,085,000.00",302941AP4,US302941AP45,BKS3BZ2,155.05,United States,-,USD,0.12,1.28,1.0,"Aug 15, 2023",2.0,1.82,-,1.28,1.82,1.28,USD,"Aug 20, 2018","Aug 20, 2018"
LENDINGTREE INC,Finance Companies,Fixed Income,"3,237,547.53",0.2,"317,636.24","3,911,000.00",52603BAD9,US52603BAD91,2HPXW49,82.55,United States,-,USD,2.92,6.05,1.0,"Jul 15, 2025",0.5,3.4,-,6.05,3.4,6.05,USD,"Jul 24, 2020","Jul 24, 2020"
LIVANOVA USA INC,Consumer Non-Cyclical,Fixed Income,"3,214,011.50",0.2,"2,280,332.78","1,995,000.00",538030AB3,US538030AB34,-,160.97,United States,-,USD,0.76,1.86,1.0,"Dec 15, 2025",3.0,3.99,-,1.86,3.99,1.86,USD,"Jun 17, 2020","Jun 17, 2020"
JAZZ INVESTMENTS I LTD,Consumer Non-Cyclical,Fixed Income,"3,202,648.03",0.2,"345,614.55","3,197,000.00",472145AD3,US472145AD36,BYW1NQ5,99.61,United States,-,USD,2.24,1.65,1.0,"Aug 15, 2024",1.5,2.55,-,1.65,2.55,1.65,USD,"Aug 23, 2017","Aug 23, 2017"
VARONIS SYSTEMS INC,Technology,Fixed Income,"3,193,423.72",0.2,"2,534,925.39","1,855,000.00",922280AB8,US922280AB86,-,171.68,United States,-,USD,0.57,0.73,1.0,"Aug 15, 2025",1.25,3.82,-,0.73,3.82,0.73,USD,"May 11, 2020","May 11, 2020"
SABRE GLBL INC,Technology,Fixed Income,"3,149,762.49",0.19,"2,181,001.66","2,288,000.00",78573NAE2,US78573NAE22,-,136.82,United States,-,USD,0.75,2.91,1.0,"Apr 15, 2025",4.0,3.22,-,2.91,3.22,2.91,USD,"Apr 17, 2020","Apr 17, 2020"
WIX.COM LTD,Technology,Fixed Income,"3,136,066.40",0.19,"1,948,196.70","2,456,000.00",92940WAB5,US92940WAB54,-,127.69,Israel,-,USD,0.55,0.00,1.0,"Jul 01, 2023",0.0,1.77,-,0.00,1.77,0.00,USD,"Jun 26, 2018","Jun 26, 2018"
PACIRA BIOSCIENCES INC,Consumer Non-Cyclical,Fixed Income,"3,108,109.88",0.19,"1,342,683.01","2,795,000.00",695127AF7,US695127AF73,-,110.89,United States,-,USD,1.92,0.67,1.0,"Aug 01, 2025",0.75,3.57,-,0.67,3.57,0.67,USD,"Jul 10, 2020","Jul 10, 2020"
REDFIN CORP 144A,Consumer Cyclical,Fixed Income,"3,097,293.75",0.19,"884,279.45","3,825,000.00",75737FAD0,US75737FAD06,-,80.85,United States,-,USD,3.28,4.65,1.0,"Apr 01, 2027",0.5,5.05,-,4.65,5.05,4.65,USD,"Mar 25, 2021","Mar 25, 2021"
GUIDEWIRE SOFTWARE INC,Technology,Fixed Income,"3,096,364.59",0.19,"1,734,993.99","2,649,000.00",40171VAA8,US40171VAA89,BFZWWJ8,116.52,United States,-,USD,1.09,1.07,1.0,"Mar 15, 2025",1.25,3.2,-,1.07,3.2,1.07,USD,"Mar 13, 2018","Mar 13, 2018"
WIX.COM LTD,Technology,Fixed Income,"3,095,006.70",0.19,"451,015.72","3,397,000.00",92940WAD1,US92940WAD11,-,91.11,Israel,-,USD,2.94,2.58,1.0,"Aug 15, 2025",0.0,3.53,-,2.58,3.53,2.58,USD,"Aug 13, 2020","Aug 13, 2020"
21VIANET GROUP INC 144A,Communications,Fixed Income,"3,093,245.00",0.19,"247,957.82","3,950,000.00",90138VAA5,US90138VAA52,-,78.31,China,-,USD,1.71,6.07,1.0,"Feb 01, 2026",0.0,3.85,-,12.07,1.86,12.07,USD,"Jan 26, 2021","Jan 26, 2021"
SHIFT4 PAYMENTS INC 144A,Technology,Fixed Income,"3,063,395.90",0.19,"1,188,670.99","3,475,000.00",82452JAC3,US82452JAC36,-,87.94,United States,-,USD,2.91,2.85,1.0,"Aug 01, 2027",0.5,5.42,-,2.85,5.42,2.85,USD,"Jul 26, 2021","Jul 26, 2021"
LIVEPERSON INC,Technology,Fixed Income,"3,060,197.00",0.19,"815,592.44","3,610,000.00",538146AD3,US538146AD33,2HYGWK5,84.77,United States,-,USD,3.38,3.36,1.0,"Dec 15, 2026",0.0,4.8,-,3.36,4.8,3.36,USD,"Dec 04, 2020","Dec 04, 2020"
JOHN BEAN TECHNOLOGIES CORP 144A,Capital Goods,Fixed Income,"3,042,103.47",0.19,"1,612,409.77","2,750,000.00",477839AA2,US477839AA21,BN0ZBC4,110.59,United States,-,USD,1.96,0.23,1.0,"May 15, 2026",0.25,4.4,-,0.23,4.4,0.23,USD,"May 28, 2021","May 28, 2021"
VONAGE HOLDINGS CORP,Communications,Fixed Income,"3,039,305.21",0.19,"2,497,060.29","2,275,000.00",92886TAJ1,US92886TAJ16,-,133.45,United States,-,USD,0.26,1.31,1.0,"Jun 01, 2024",1.75,2.51,-,1.31,2.51,1.31,USD,"Jun 14, 2019","Jun 14, 2019"
CHENIERE ENERGY INC,Energy,Fixed Income,"3,038,083.10",0.19,"78,704.29","3,557,000.00",16411RAG4,US16411RAG48,BVVQC07,84.16,United States,-,USD,1.88,5.46,1.0,"Mar 15, 2045",4.25,13.59,-,4.98,0.08,4.98,USD,"Mar 09, 2015","Mar 09, 2015"
BENTLEY SYSTEMS INCORPORATED 144A,Technology,Fixed Income,"3,034,700.62",0.19,"981,085.34","3,300,000.00",08265TAC3,US08265TAC36,-,91.77,United States,-,USD,3.41,1.96,1.0,"Jul 01, 2027",0.38,5.38,-,1.96,5.38,1.96,USD,"Jun 28, 2021","Jun 28, 2021"
ATLAS AIR WORLDWIDE HOLDINGS INC,Transportation,Fixed Income,"3,019,500.62",0.18,"2,572,577.98","1,850,000.00",049164BJ4,US049164BJ49,-,163.06,United States,-,USD,0.31,1.15,1.0,"Jun 01, 2024",1.88,2.62,-,1.15,2.62,1.15,USD,"May 23, 2017","May 23, 2017"
FIREEYE INC,Technology,Fixed Income,"3,015,331.58",0.18,0.14,"3,020,000.00",31816QAD3,US31816QAD34,-,99.71,United States,-,USD,0.41,1.65,1.0,"Jun 01, 2022",1.63,11.99,-,2.32,0.41,2.32,USD,"Jun 02, 2015","Jun 02, 2015"
HUAZHU GROUP LTD,Consumer Cyclical,Fixed Income,"2,989,988.38",0.18,"1,365,456.69","2,915,000.00",16949NAC3,US16949NAC39,-,102.51,Cayman Islands,-,USD,0.39,0.37,1.0,"Nov 01, 2022",0.38,0.84,-,0.37,0.84,0.37,USD,"Nov 03, 2017","Nov 03, 2017"
ENVESTNET INC 144A,Technology,Fixed Income,"2,982,890.67",0.18,"905,070.29","2,960,000.00",29404KAD8,US29404KAD81,-,100.49,United States,-,USD,2.41,0.74,1.0,"Aug 15, 2025",0.75,3.56,-,0.74,3.56,0.74,USD,"Aug 20, 2020","Aug 20, 2020"
ALARMCOM HOLDINGS INC 144A,Technology,Fixed Income,"2,979,998.00",0.18,"739,880.58","3,295,000.00",011642AA3,US011642AA33,-,90.44,United States,-,USD,2.92,2.50,1.0,"Jan 15, 2026",0.0,3.94,-,2.50,3.94,2.50,USD,"Jan 20, 2021","Jan 20, 2021"
NUVASIVE INC.,Consumer Non-Cyclical,Fixed Income,"2,977,738.73",0.18,"516,528.43","2,986,000.00",670704AL9,US670704AL95,-,99.64,United States,-,USD,1.12,1.26,1.0,"Jun 01, 2023",1.0,1.4,-,1.26,1.4,1.26,USD,"Jun 01, 2020","Jun 01, 2020"
BOX INC 144A,Technology,Fixed Income,"2,974,207.50",0.18,"1,699,760.67","2,475,000.00",10316TAA2,US10316TAA25,-,120.17,United States,-,USD,1.71,0.00,1.0,"Jan 15, 2026",0.0,4.23,-,0.00,4.23,0.00,USD,"Jan 14, 2021","Jan 14, 2021"
VISHAY INTERTECHNOLOGY INC.,Technology,Fixed Income,"2,963,639.40",0.18,"763,753.74","2,859,000.00",928298AP3,US928298AP38,BJV2WB2,103.56,United States,-,USD,2.4,2.17,1.0,"Jun 15, 2025",2.25,3.32,-,2.17,3.32,2.17,USD,"Jun 12, 2018","Jun 12, 2018"
NOVAVAX INC,Technology,Fixed Income,"2,959,115.62",0.18,"1,770,976.64","2,125,000.00",670002AB0,US670002AB05,BDCJPG6,137.69,United States,-,USD,0.34,2.69,1.0,"Feb 01, 2023",3.75,1.21,-,2.69,1.21,2.69,USD,"Jan 29, 2016","Jan 29, 2016"
ENVESTNET INC,Technology,Fixed Income,"2,946,154.96",0.18,"1,801,823.99","2,305,000.00",29404KAB2,US29404KAB26,-,127.67,United States,-,USD,0.32,1.37,1.0,"Jun 01, 2023",1.75,1.52,-,1.37,1.52,1.37,USD,"May 25, 2018","May 25, 2018"
JOYY INC,Technology,Fixed Income,"2,936,110.38",0.18,"739,466.18","3,230,000.00",98426TAD8,US98426TAD81,-,90.87,Cayman Islands,-,USD,1.09,3.58,1.0,"Jun 15, 2025",0.75,3.36,-,7.47,1.4,7.47,USD,"Jun 24, 2019","Jun 24, 2019"
STRIDE INC,Industrial Other,Fixed Income,"2,903,908.00",0.18,"1,097,037.15","2,960,000.00",86333MAA6,US86333MAA62,-,97.73,United States,-,USD,3.1,1.54,1.0,"Sep 01, 2027",1.13,5.44,-,1.54,5.44,1.54,USD,"Aug 31, 2020","Aug 31, 2020"
HAEMONETICS CORPORATION 144A,Consumer Non-Cyclical,Fixed Income,"2,903,362.50",0.18,"381,342.25","3,475,000.00",405024AA8,US405024AA84,BMCDD12,83.55,United States,-,USD,3.39,4.36,1.0,"Mar 01, 2026",0.0,3.99,-,4.36,3.99,4.36,USD,"Mar 05, 2021","Mar 05, 2021"
INTERDIGITAL INC,Technology,Fixed Income,"2,894,986.67",0.18,"1,024,184.75","2,635,000.00",45867GAB7,US45867GAB77,-,109.7,United States,-,USD,1.52,1.82,1.0,"Jun 01, 2024",2.0,2.39,-,1.82,2.39,1.82,USD,"Jun 03, 2019","Jun 03, 2019"
SUNPOWER CORP,Consumer Cyclical,Fixed Income,"2,884,738.89",0.18,"1,076,533.73","2,450,000.00",867652AL3,US867652AL32,BD3H5W5,115.9,United States,-,USD,0.61,3.40,1.0,"Jan 15, 2023",4.0,1.07,-,3.40,1.07,3.40,USD,"Dec 15, 2015","Dec 15, 2015"
UNITI FIBER HOLDINGS INC 144A,Financial Other,Fixed Income,"2,875,910.84",0.18,"2,220,492.69","2,104,000.00",91325LAA8,US91325LAA89,BK60MW9,136.51,United States,-,USD,0.3,2.93,1.0,"Jun 15, 2024",4.0,2.49,-,2.93,2.49,2.93,USD,"Jun 28, 2019","Jun 28, 2019"
ARES CAPITAL CORPORATION,Finance Companies,Fixed Income,"2,872,295.50",0.18,"2,281,014.91","2,540,000.00",04010LAT0,US04010LAT08,BDFKCY3,111.52,United States,-,USD,0.02,3.32,1.0,"Feb 01, 2022",3.75,0.02,-,3.32,0.02,3.32,USD,"Jan 27, 2017","Jan 27, 2017"
BANDWIDTH INC,Technology,Fixed Income,"2,805,245.67",0.17,"1,405,173.57","2,630,000.00",05988JAB9,US05988JAB98,-,106.58,United States,-,USD,1.67,0.23,1.0,"Mar 01, 2026",0.25,4.17,-,0.23,4.17,0.23,USD,"Feb 28, 2020","Feb 28, 2020"
EVERBRIDGE INC,Technology,Fixed Income,"2,752,194.67",0.17,"1,355,410.54","2,820,000.00",29978AAC8,US29978AAC80,-,97.59,United States,-,USD,1.12,0.95,1.0,"Dec 15, 2024",0.13,2.94,-,0.95,2.94,0.95,USD,"Dec 13, 2019","Dec 13, 2019"
SMART GLOBAL HOLDINGS INC,Financial Other,Fixed Income,"2,748,220.00",0.17,"2,406,682.35","1,475,000.00",83205YAB0,US83205YAB02,BNKBJ95,185.47,Cayman Islands,-,USD,0.23,1.21,1.0,"Feb 15, 2026",2.25,4.27,-,1.21,4.27,1.21,USD,"Feb 11, 2020","Feb 11, 2020"
FIVERR INTERNATIONAL LTD,Industrial Other,Fixed Income,"2,742,968.70",0.17,"892,770.79","2,939,000.00",33835LAA3,US33835LAA35,-,93.33,Israel,-,USD,2.33,1.81,1.0,"Nov 01, 2025",0.0,3.77,-,1.81,3.77,1.81,USD,"Oct 13, 2020","Oct 13, 2020"
REALOGY GROUP LLC 144A,Consumer Cyclical,Fixed Income,"2,735,455.56",0.17,"1,113,556.68","2,750,000.00",75606DAN1,US75606DAN12,-,99.46,United States,-,USD,2.42,0.37,1.0,"Jun 15, 2026",0.25,4.42,-,0.37,4.42,0.37,USD,"Jun 02, 2021","Jun 02, 2021"
BRIDGEBIO PHARMA INC 144A,Consumer Non-Cyclical,Fixed Income,"2,727,151.88",0.17,"810,131.83","4,725,000.00",10806XAC6,US10806XAC65,-,56.78,United States,-,USD,3.62,11.27,1.0,"Feb 01, 2029",2.25,5.94,-,11.27,5.94,11.27,USD,"Jan 28, 2021","Jan 28, 2021"
CALLAWAY GOLF COMPANY,Consumer Cyclical,Fixed Income,"2,704,120.25",0.17,"2,118,280.93","1,563,000.00",131193AE4,US131193AE46,BMV7KH0,172.55,United States,-,USD,0.53,1.59,1.0,"May 01, 2026",2.75,4.39,-,1.59,4.39,1.59,USD,"May 04, 2020","May 04, 2020"
PORCH GROUP INC 144A,Technology,Fixed Income,"2,701,685.00",0.17,"1,243,774.73","2,800,000.00",733245AA2,US733245AA25,-,96.27,United States,-,USD,2.16,1.58,1.0,"Sep 15, 2026",0.75,4.58,-,1.58,4.58,1.58,USD,"Sep 16, 2021","Sep 16, 2021"
REPAY HOLDINGS CORP 144A,Industrial Other,Fixed Income,"2,685,825.00",0.16,"991,234.66","3,105,000.00",76029LAA8,US76029LAA89,-,86.5,United States,-,USD,2.3,3.58,1.0,"Feb 01, 2026",0.0,3.94,-,3.58,3.94,3.58,USD,"Jan 19, 2021","Jan 19, 2021"
PRA GROUP INC,Financial Other,Fixed Income,"2,685,220.42",0.16,"1,532,730.38","2,275,000.00",69354NAB2,US69354NAB29,-,117.74,United States,-,USD,0.5,2.97,1.0,"Jun 01, 2023",3.5,1.45,-,2.97,1.45,2.97,USD,"May 26, 2017","May 26, 2017"
JOYY INC,Technology,Fixed Income,"2,676,218.75",0.16,"886,262.92","3,000,000.00",98426TAF3,US98426TAF30,-,89.15,Cayman Islands,-,USD,1.55,4.06,1.0,"Jun 15, 2026",1.38,4.24,-,6.20,2.35,6.20,USD,"Jun 24, 2019","Jun 24, 2019"
2U INC,Technology,Fixed Income,"2,673,010.50",0.16,"1,071,201.11","2,514,000.00",90214JAB7,US90214JAB70,-,105.95,United States,-,USD,1.64,2.12,1.0,"May 01, 2025",2.25,3.22,-,2.12,3.22,2.12,USD,"Apr 23, 2020","Apr 23, 2020"
PARSONS CORP,Consumer Cyclical,Fixed Income,"2,638,533.33",0.16,"973,700.23","2,640,000.00",70202LAB8,US70202LAB80,2HQ8DF1,99.85,United States,-,USD,2.19,0.29,1.0,"Aug 15, 2025",0.25,3.6,-,0.29,3.6,0.29,USD,"Aug 20, 2020","Aug 20, 2020"
VIAVI SOLUTIONS INC,Technology,Fixed Income,"2,616,331.67",0.16,"2,128,681.62","1,850,000.00",925550AB1,US925550AB17,-,141.09,United States,-,USD,0.36,0.71,1.0,"Mar 01, 2024",1.0,2.31,-,0.71,2.31,0.71,USD,"Mar 03, 2017","Mar 03, 2017"
CNX RESOURCES CORP,Energy,Fixed Income,"2,615,535.25",0.16,"1,576,451.52","1,985,000.00",12653CAG3,US12653CAG33,BNZFMN7,131.39,United States,-,USD,1.32,1.71,1.0,"May 01, 2026",2.25,4.26,-,1.71,4.26,1.71,USD,"May 01, 2020","May 01, 2020"
ALTERYX INC,Technology,Fixed Income,"2,603,929.17",0.16,"117,540.33","2,750,000.00",02156BAD5,US02156BAD55,-,94.48,United States,-,USD,2.38,2.73,1.0,"Aug 01, 2024",0.5,2.53,-,2.73,2.53,2.73,USD,"Aug 12, 2019","Aug 12, 2019"
ITRON INC 144A,Capital Goods,Fixed Income,"2,589,395.00",0.16,"723,372.97","2,825,000.00",465741AM8,US465741AM86,-,91.66,United States,-,USD,2.84,2.08,1.0,"Mar 15, 2026",0.0,4.12,-,2.08,4.12,2.08,USD,"Mar 12, 2021","Mar 12, 2021"
BOFA FINANCE LLC MTN,Finance Companies,Fixed Income,"2,581,025.42",0.16,"1,575,564.96","2,275,000.00",09709THH7,US09709THH77,BL1NNZ0,113.41,United States,-,USD,0.26,0.11,1.0,"Sep 01, 2022",0.13,0.73,-,0.11,0.73,0.11,USD,"Jan 27, 2020","Jan 27, 2020"
TILRAY INC,Consumer Non-Cyclical,Fixed Income,"2,568,020.00",0.16,365.69,"2,600,000.00",88688TAB6,US88688TAB61,-,97.52,United States,-,USD,1.58,6.52,1.0,"Oct 01, 2023",5.0,1.62,-,6.52,1.62,6.52,USD,"Oct 10, 2018","Oct 10, 2018"
JAMF HOLDING CORP 144A,Technology,Fixed Income,"2,564,754.84",0.16,"1,501,062.45","2,475,000.00",47074LAA3,US47074LAA35,-,103.59,United States,-,USD,1.64,0.12,1.0,"Sep 01, 2026",0.13,4.67,-,0.12,4.67,0.12,USD,"Sep 16, 2021","Sep 16, 2021"
BRIDGEBIO PHARMA INC,Consumer Non-Cyclical,Fixed Income,"2,561,223.53",0.16,"1,344,165.54","3,445,000.00",10806XAB8,US10806XAB82,BNTJ666,73.61,United States,-,USD,1.69,8.95,1.0,"Mar 15, 2027",2.5,4.6,-,8.95,4.6,8.95,USD,"Mar 09, 2020","Mar 09, 2020"
GOL EQUITY FINANCE SA 144A,Financial Other,Fixed Income,"2,531,258.44",0.15,"249,208.63","2,925,000.00",36256KAA8,US36256KAA88,BJYM219,84.82,Luxembourg,-,USD,1.88,10.73,1.0,"Jul 15, 2024",3.75,2.27,-,10.73,2.27,10.73,USD,"Mar 26, 2019","Mar 26, 2019"
VROOM INC 144A,Technology,Fixed Income,"2,527,735.42",0.15,"383,809.54","4,100,000.00",92918VAA7,US92918VAA70,BM9CLV8,61.25,United States,-,USD,3.2,12.18,1.0,"Jul 01, 2026",0.75,4.13,-,12.18,4.13,12.18,USD,"Jun 18, 2021","Jun 18, 2021"
AMYRIS INC 144A,Basic Industry,Fixed Income,"2,516,450.00",0.15,"1,352,573.19","3,000,000.00",03236MAH4,US03236MAH43,-,83.69,United States,-,USD,1.69,5.35,1.0,"Nov 15, 2026",1.5,4.57,-,5.35,4.57,5.35,USD,"Nov 15, 2021","Nov 15, 2021"
LIBERTY MEDIA CORP 144A,Communications,Fixed Income,"2,510,552.00",0.15,"588,601.75","2,428,000.00",531229AG7,US531229AG76,-,103.4,United States,-,USD,0.93,2.06,1.0,"Apr 07, 2023",2.13,20.21,-,2.06,1.26,2.06,USD,"Mar 06, 2018","Mar 06, 2018"
APOLLO COMMERCIAL REAL ESTATE FINA,Reits,Fixed Income,"2,494,078.19",0.15,"23,435.59","2,441,000.00",03762UAB1,US03762UAB17,BDH2XN3,100.38,United States,-,USD,0.6,4.65,1.0,"Aug 23, 2022",4.75,0.62,-,4.65,0.62,4.65,USD,"Aug 21, 2017","Aug 21, 2017"
ARES CAPITAL CORPORATION,Finance Companies,Fixed Income,"2,467,455.08",0.15,"1,536,003.70","2,135,000.00",04010LAW3,US04010LAW37,BJBT0C0,114.03,United States,-,USD,0.74,4.00,1.0,"Mar 01, 2024",4.63,2.08,-,4.00,2.08,4.00,USD,"Mar 08, 2019","Mar 08, 2019"
PROGRESS SOFTWARE CORP 144A,Technology,Fixed Income,"2,463,138.89",0.15,"1,079,955.10","2,375,000.00",743312AA8,US743312AA89,BN4QJV8,103.5,United States,-,USD,2.28,0.96,1.0,"Apr 15, 2026",1.0,4.2,-,0.96,4.2,0.96,USD,"Apr 13, 2021","Apr 13, 2021"
MARATHON DIGITAL HOLDINGS INC 144A,Consumer Cyclical,Fixed Income,"2,413,783.33",0.15,"1,147,697.34","3,000,000.00",565788AA4,US565788AA40,-,80.34,United States,-,USD,2.04,5.63,1.0,"Dec 01, 2026",1.0,4.66,-,5.63,4.66,5.63,USD,"Nov 18, 2021","Nov 18, 2021"
Q2 HOLDINGS INC,Technology,Fixed Income,"2,400,776.25",0.15,"1,403,302.82","2,130,000.00",74736LAD1,US74736LAD10,-,112.65,United States,-,USD,1.4,0.67,1.0,"Jun 01, 2026",0.75,4.4,-,0.67,4.4,0.67,USD,"Jun 10, 2019","Jun 10, 2019"
IQIYI INC,Communications,Fixed Income,"2,393,812.50",0.15,"358,611.36","2,500,000.00",46267XAB4,US46267XAB47,-,95.44,China,-,USD,1.38,6.31,1.0,"Dec 01, 2023",3.75,1.8,-,6.31,1.8,6.31,USD,"Dec 04, 2018","Dec 04, 2018"
BLACKLINE INC,Technology,Fixed Income,"2,388,385.08",0.15,"1,932,564.81","1,588,000.00",09239BAB5,US09239BAB53,BLN8N08,150.35,United States,-,USD,0.3,0.08,1.0,"Aug 01, 2024",0.13,2.79,-,0.08,2.79,0.08,USD,"Aug 13, 2019","Aug 13, 2019"
GUESS ? INC,Consumer Cyclical,Fixed Income,"2,382,965.56",0.15,"1,254,888.58","2,050,000.00",401617AD7,US401617AD75,BMQ5X25,115.82,United States,-,USD,0.99,1.72,1.0,"Apr 15, 2024",2.0,2.3,-,1.72,2.3,1.72,USD,"Apr 26, 2019","Apr 26, 2019"
SPIRIT AIRLINES INC,Transportation,Fixed Income,"2,375,663.89",0.15,"548,837.78","2,750,000.00",848577AB8,US848577AB85,BMWPVP8,86.26,United States,-,USD,3.01,4.50,1.0,"May 15, 2026",1.0,4.18,-,4.50,4.18,4.50,USD,"Apr 30, 2021","Apr 30, 2021"
8X8 INC.,Communications,Fixed Income,"2,331,415.70",0.14,"665,387.51","2,346,000.00",282914AB6,US282914AB63,-,99.17,United States,-,USD,1.35,0.90,1.0,"Feb 01, 2024",0.5,2.06,-,0.90,2.06,0.90,USD,"Feb 19, 2019","Feb 19, 2019"
TANDEM DIABETES CARE INC 144A,Consumer Non-Cyclical,Fixed Income,"2,305,780.00",0.14,"1,733,491.92","1,550,000.00",875372AA2,US875372AA29,-,148.51,United States,-,USD,0.59,1.01,1.0,"May 01, 2025",1.5,3.45,-,1.01,3.45,1.01,USD,"May 15, 2020","May 15, 2020"
PERFICIENT INC 144A,Technology,Fixed Income,"2,289,793.33",0.14,"1,157,497.29","2,400,000.00",71375UAE1,US71375UAE10,BKMQT08,95.39,United States,-,USD,2.22,1.10,1.0,"Nov 15, 2026",0.13,4.83,-,1.10,4.83,1.10,USD,"Nov 09, 2021","Nov 09, 2021"
LIGAND PHARMACEUTICALS INCORPORATE,Technology,Fixed Income,"2,284,915.21",0.14,"409,096.19","2,275,000.00",53220KAF5,US53220KAF57,-,100.34,United States,-,USD,1.08,0.75,1.0,"May 15, 2023",0.75,1.36,-,0.75,1.36,0.75,USD,"May 22, 2018","May 22, 2018"
CABLE ONE INC 144A,Communications,Fixed Income,"2,284,987.50",0.14,"1,031,624.71","2,375,000.00",12685JAD7,US12685JAD72,-,96.21,United States,-,USD,2.22,0.92,1.0,"Mar 15, 2026",0.0,4.17,-,0.92,4.17,0.92,USD,"Mar 05, 2021","Mar 05, 2021"
LIBERTY LATIN AMERICA LTD,Communications,Fixed Income,"2,282,836.27",0.14,"351,595.34","2,296,000.00",53069QAB5,US53069QAB59,BMVV481,98.51,Bermuda,-,USD,1.98,2.61,1.0,"Jul 15, 2024",2.0,2.44,-,2.61,2.44,2.61,USD,"Jun 28, 2019","Jun 28, 2019"
CABLE ONE INC 144A,Communications,Fixed Income,"2,272,700.64",0.14,"1,134,102.76","2,291,000.00",12685JAF2,US12685JAF21,-,98.87,United States,-,USD,2.71,1.32,1.0,"Mar 15, 2028",1.13,5.95,-,1.32,5.95,1.32,USD,"Mar 05, 2021","Mar 05, 2021"
VERINT SYSTEMS INC 144A,Technology,Fixed Income,"2,235,181.61",0.14,"1,295,661.69","2,110,000.00",92343XAB6,US92343XAB64,BNYKGH5,105.88,United States,-,USD,1.56,0.24,1.0,"Apr 15, 2026",0.25,4.29,-,0.24,4.29,0.24,USD,"Apr 09, 2021","Apr 09, 2021"
INVITAE CORP,Technology,Fixed Income,"2,225,867.50",0.14,"718,274.89","2,355,000.00",46185LAB9,US46185LAB99,BK810L5,93.85,United States,-,USD,1.39,4.47,1.0,"Sep 01, 2024",2.0,2.53,-,4.47,2.53,4.47,USD,"Sep 10, 2019","Sep 10, 2019"
MAGNITE INC 144A,Communications,Fixed Income,"2,208,741.11",0.14,"377,064.06","2,800,000.00",55955DAA8,US55955DAA81,BNVWRV5,78.81,United States,-,USD,3.14,6.03,1.0,"Mar 15, 2026",0.25,4.06,-,6.03,4.06,6.03,USD,"Mar 18, 2021","Mar 18, 2021"
AVAYA HOLDINGS CORP,Technology,Fixed Income,"2,206,236.30",0.14,"793,532.03","2,071,000.00",05351XAB7,US05351XAB73,BGMG8B4,106.43,United States,-,USD,0.84,2.11,1.0,"Jun 15, 2023",2.25,1.45,-,2.11,1.45,2.11,USD,"Jun 11, 2018","Jun 11, 2018"
ALTERYX INC,Technology,Fixed Income,"2,193,323.00",0.13,"242,001.97","2,442,000.00",02156BAF0,US02156BAF04,-,89.4,United States,-,USD,3.81,3.52,1.0,"Aug 01, 2026",1.0,4.39,-,3.52,4.39,3.52,USD,"Aug 12, 2019","Aug 12, 2019"
GREENBRIER CO INC 144A,Transportation,Fixed Income,"2,181,538.89",0.13,"1,100,968.74","2,000,000.00",393657AL5,US393657AL59,BMD1D60,108.47,United States,-,USD,2.49,2.64,1.0,"Apr 15, 2028",2.88,5.75,-,2.64,5.75,2.64,USD,"Apr 20, 2021","Apr 20, 2021"
TRIPADVISOR INC 144A,Consumer Cyclical,Fixed Income,"2,179,546.88",0.13,"331,946.72","2,475,000.00",896945AC6,US896945AC62,-,88.0,United States,-,USD,3.39,3.30,1.0,"Apr 01, 2026",0.25,4.16,-,3.30,4.16,3.30,USD,"Mar 25, 2021","Mar 25, 2021"
SUPERNUS PHARMACEUTICALS INC,Consumer Non-Cyclical,Fixed Income,"2,137,032.69",0.13,"92,513.95","2,155,000.00",868459AD0,US868459AD01,BHL0YP0,99.01,United States,-,USD,1.17,1.43,1.0,"Apr 01, 2023",0.63,1.24,-,1.43,1.24,1.43,USD,"Mar 19, 2018","Mar 19, 2018"
GANNETT CO INC,Communications,Equity,"2,132,000.00",0.13,"2,132,000.00","400,000.00",36472T109,US36472T1097,BKPH157,5.33,United States,New York Stock Exchange Inc.,USD,0.0,-,1.0,-,0.0,0.0,-,-,0.0,-,USD,-,-
FUBOTV INC 144A,Consumer Cyclical,Fixed Income,"2,129,703.33",0.13,"394,357.89","2,550,000.00",35953DAA2,US35953DAA28,-,82.29,United States,-,USD,2.68,8.42,1.0,"Feb 15, 2026",3.25,3.65,-,8.42,3.65,8.42,USD,"Feb 02, 2021","Feb 02, 2021"
NUVASIVE INC.,Consumer Non-Cyclical,Fixed Income,"2,129,363.63",0.13,"497,037.92","2,216,000.00",670704AJ4,US670704AJ40,BN775T8,95.98,United States,-,USD,2.29,1.67,1.0,"Mar 15, 2025",0.38,3.16,-,1.67,3.16,1.67,USD,"Mar 02, 2020","Mar 02, 2020"
WINNEBAGO INDUSTRIES INC,Consumer Non-Cyclical,Fixed Income,"2,125,068.75",0.13,"1,393,988.43","1,575,000.00",974637AB6,US974637AB61,BN13KX1,134.55,United States,-,USD,1.05,1.11,1.0,"Apr 01, 2025",1.5,3.31,-,1.11,3.31,1.11,USD,"Nov 01, 2019","Nov 01, 2019"
EVERBRIDGE INC 144A,Technology,Fixed Income,"2,101,275.00",0.13,"767,488.24","2,475,000.00",29978AAD6,US29978AAD63,BN6JC61,84.9,United States,-,USD,2.29,3.93,1.0,"Mar 15, 2026",0.0,4.05,-,3.93,4.05,3.93,USD,"Mar 11, 2021","Mar 11, 2021"
Q2 HOLDINGS INC,Technology,Fixed Income,"2,088,358.37",0.13,"700,750.87","2,275,000.00",74736LAF6,US74736LAF67,BN470D0,91.78,United States,-,USD,2.32,2.36,1.0,"Nov 15, 2025",0.13,3.82,-,2.36,3.82,2.36,USD,"Nov 18, 2020","Nov 18, 2020"
TWO HARBORS INVESTMENT CORP,Reits,Fixed Income,"2,076,438.89",0.13,"564,428.23","2,000,000.00",90187BAB7,US90187BAB71,BMG4RH5,100.94,United States,-,USD,2.36,6.02,1.0,"Jan 15, 2026",6.25,3.43,-,6.02,3.43,6.02,USD,"Feb 01, 2021","Feb 01, 2021"
SUNRUN INC 144A,Technology,Fixed Income,"2,070,075.00",0.13,"392,078.34","2,625,000.00",86771WAA3,US86771WAA36,-,78.86,United States,-,USD,3.0,5.90,1.0,"Feb 01, 2026",0.0,3.86,-,5.90,3.86,5.90,USD,"Jan 28, 2021","Jan 28, 2021"
EXACT SCIENCES CORPORATION,Technology,Fixed Income,"2,056,017.78",0.13,"1,217,000.19","1,600,000.00",30063PAA3,US30063PAA30,BYVW897,128.04,United States,-,USD,1.15,0.78,1.0,"Jan 15, 2025",1.0,3.11,-,0.78,3.11,0.78,USD,"Jan 17, 2018","Jan 17, 2018"
NEOGENOMICS INC,Consumer Non-Cyclical,Fixed Income,"2,049,966.67",0.13,"894,295.99","2,400,000.00",64049MAB6,US64049MAB63,-,85.3,United States,-,USD,2.94,2.92,1.0,"Jan 15, 2028",0.25,5.9,-,2.92,5.9,2.92,USD,"Jan 11, 2021","Jan 11, 2021"
SUMMIT HOTEL PROPERTIES INC 144A,Reits,Fixed Income,"2,042,755.00",0.13,"1,058,344.44","1,950,000.00",866082AA8,US866082AA86,-,104.19,United States,-,USD,1.7,1.43,1.0,"Feb 15, 2026",1.5,3.98,-,1.43,3.98,1.43,USD,"Jan 12, 2021","Jan 12, 2021"
GOLAR LNG LTD,Transportation,Fixed Income,"2,030,943.69",0.12,"2,030,943.69","2,015,000.00",38046YAB7,US38046YAB74,-,99.76,Bermuda,-,USD,0.12,4.63,1.0,"Feb 15, 2022",2.75,0.12,-,4.63,0.12,4.63,USD,"Feb 17, 2017","Feb 17, 2017"
BIGCOMMERCE HOLDINGS INC 144A,Technology,Fixed Income,"2,025,075.45",0.12,"788,561.63","2,275,000.00",08975PAA6,US08975PAA66,-,88.94,United States,-,USD,2.54,2.75,1.0,"Oct 01, 2026",0.25,4.66,-,2.75,4.66,2.75,USD,"Sep 14, 2021","Sep 14, 2021"
SMILEDIRECTCLUB INC 144A,Consumer Non-Cyclical,Fixed Income,"2,019,675.00",0.12,"404,020.37","5,250,000.00",83192HAA4,US83192HAA41,-,38.47,United States,-,USD,2.49,24.80,1.0,"Feb 01, 2026",0.0,3.23,-,24.80,3.23,24.80,USD,"Feb 09, 2021","Feb 09, 2021"
PENNYMAC CORP 144A,Reits,Fixed Income,"1,993,104.83",0.12,"606,502.43","2,010,000.00",70932AAE3,US70932AAE38,BMCDCW6,97.54,United States,-,USD,2.4,6.17,1.0,"Mar 15, 2026",5.5,3.63,-,6.17,3.63,6.17,USD,"Mar 05, 2021","Mar 05, 2021"
PAGERDUTY INC,Communications,Fixed Income,"1,981,775.00",0.12,"1,018,009.88","1,700,000.00",69553PAB6,US69553PAB67,-,115.95,United States,-,USD,1.39,1.07,1.0,"Jul 01, 2025",1.25,3.48,-,1.07,3.48,1.07,USD,"Jun 25, 2020","Jun 25, 2020"
RETROPHIN INC,Technology,Fixed Income,"1,945,508.47",0.12,"713,639.96","1,775,000.00",761299AB2,US761299AB20,-,108.87,United States,-,USD,1.75,2.28,1.0,"Sep 15, 2025",2.5,3.54,-,2.28,3.54,2.28,USD,"Sep 10, 2018","Sep 10, 2018"
ALPHATEC HOLDINGS INC 144A,Consumer Non-Cyclical,Fixed Income,"1,944,875.00",0.12,"770,153.65","2,000,000.00",02081GAA0,US02081GAA04,BMCH5N0,96.95,United States,-,USD,2.45,1.44,1.0,"Aug 01, 2026",0.75,4.47,-,1.44,4.47,1.44,USD,"Aug 10, 2021","Aug 10, 2021"
ALLEGHENY TECHNOLOGIES INCORPORATE,Basic Industry,Fixed Income,"1,938,274.78",0.12,"1,116,820.60","1,490,000.00",01741RAK8,US01741RAK86,-,129.93,United States,-,USD,1.12,2.69,1.0,"Jun 15, 2025",3.5,3.38,-,2.69,3.38,2.69,USD,"Jun 22, 2020","Jun 22, 2020"
1LIFE HEALTHCARE INC,Consumer Non-Cyclical,Fixed Income,"1,934,458.33",0.12,"392,336.18","2,125,000.00",68269GAB3,US68269GAB32,-,90.9,United States,-,USD,2.3,5.95,1.0,"Jun 15, 2025",3.0,3.2,-,5.95,3.2,5.95,USD,"May 29, 2020","May 29, 2020"
BARCLAYS BANK PLC,Banking,Fixed Income,"1,932,900.00",0.12,0.00,"1,700,000.00",06739GCF4,US06739GCF46,BLM1KM9,113.7,United Kingdom,-,USD,1.65,0.00,1.0,"Feb 18, 2025",0.0,3.26,-,0.00,3.26,0.00,USD,"Feb 20, 2020","Feb 20, 2020"
GDS HOLDINGS LTD 144A,Technology,Fixed Income,"1,926,806.78",0.12,"1,144,633.09","1,645,000.00",36165LAB4,US36165LAB45,-,116.97,China,-,USD,0.66,1.71,1.0,"Jun 01, 2025",2.0,3.37,-,1.71,3.37,1.71,USD,"Jun 05, 2018","Jun 05, 2018"
3D SYSTEMS CORPORATION 144A,Technology,Fixed Income,"1,904,000.00",0.12,"868,904.64","2,000,000.00",88554DAC0,US88554DAC02,-,95.2,United States,-,USD,2.35,1.01,1.0,"Nov 15, 2026",0.0,4.83,-,1.01,4.83,1.01,USD,"Nov 16, 2021","Nov 16, 2021"
CRACKER BARREL OLD COUNTRY STORE I 144A,Consumer Cyclical,Fixed Income,"1,897,733.61",0.12,"774,898.13","1,975,000.00",22410JAA4,US22410JAA43,BM9CLK7,96.06,United States,-,USD,2.38,1.54,1.0,"Jun 15, 2026",0.63,4.36,-,1.54,4.36,1.54,USD,"Jun 18, 2021","Jun 18, 2021"
ARBOR REALTY TRUST INC,Reits,Fixed Income,"1,852,075.42",0.11,"1,082,339.60","1,675,000.00",038923AP3,US038923AP39,BLGZ760,109.78,United States,-,USD,0.33,4.30,1.0,"Nov 01, 2022",4.75,0.85,-,4.30,0.85,4.30,USD,"Nov 12, 2019","Nov 12, 2019"
CRYOPORT INC 144A,Capital Goods,Fixed Income,"1,852,041.67",0.11,"581,767.23","2,000,000.00",229050AC3,US229050AC34,BMQ81H5,92.5,United States,-,USD,3.03,2.38,1.0,"Dec 01, 2026",0.75,4.77,-,2.38,4.77,2.38,USD,"Nov 12, 2021","Nov 12, 2021"
OSI SYSTEMS INC,Technology,Fixed Income,"1,848,298.40",0.11,"640,827.42","1,794,000.00",671044AD7,US671044AD76,-,102.61,United States,-,USD,0.41,1.21,1.0,"Sep 01, 2022",1.25,0.67,-,1.21,0.67,1.21,USD,"Feb 22, 2017","Feb 22, 2017"
BOFA FINANCE LLC MTN,Finance Companies,Fixed Income,"1,842,793.67",0.11,"915,337.36","1,660,000.00",09709TED9,US09709TED90,-,110.97,United States,-,USD,0.66,0.23,1.0,"May 01, 2023",0.25,1.38,-,0.23,1.38,0.23,USD,"Apr 10, 2018","Apr 10, 2018"
GLAUKOS CORP,Consumer Non-Cyclical,Fixed Income,"1,835,343.20",0.11,"909,257.96","1,548,000.00",377322AB8,US377322AB83,-,118.44,United States,-,USD,2.1,2.32,1.0,"Jun 15, 2027",2.75,5.15,-,2.32,5.15,2.32,USD,"Jun 11, 2020","Jun 11, 2020"
PAR TECHNOLOGY CORP,Technology,Fixed Income,"1,810,522.50",0.11,"897,179.01","1,800,000.00",698884AE3,US698884AE30,-,100.22,United States,-,USD,2.37,1.24,1.0,"Oct 15, 2027",1.25,5.55,-,1.24,5.55,1.24,USD,"Sep 16, 2021","Sep 16, 2021"
PTC THERAPEUTICS INC 144A,Technology,Fixed Income,"1,786,415.42",0.11,"781,552.28","1,675,000.00",69366JAC5,US69366JAC53,BKDZ603,106.21,United States,-,USD,2.2,1.41,1.0,"Sep 15, 2026",1.5,4.54,-,1.41,4.54,1.41,USD,"Sep 20, 2019","Sep 20, 2019"
TABULA RASA HEALTHCARE INC,Technology,Fixed Income,"1,773,896.47",0.11,"423,479.46","2,139,000.00",873379AA9,US873379AA92,BNKBD59,82.27,United States,-,USD,2.63,6.75,1.0,"Feb 15, 2026",1.75,3.82,-,6.75,3.82,6.75,USD,"Feb 12, 2019","Feb 12, 2019"
REVANCE THERAPEUTICS INC,Technology,Fixed Income,"1,769,226.94",0.11,"888,760.77","1,975,000.00",761330AB5,US761330AB54,-,88.92,United States,-,USD,1.88,4.17,1.0,"Feb 15, 2027",1.75,4.77,-,4.17,4.77,4.17,USD,"Feb 14, 2020","Feb 14, 2020"
STARWOOD PROPERTY TRUST INC,Reits,Fixed Income,"1,764,323.75",0.11,"794,370.47","1,700,000.00",85571BAH8,US85571BAH87,BD6K446,102.69,United States,-,USD,0.59,4.22,1.0,"Apr 01, 2023",4.38,1.21,-,4.22,0.97,4.22,USD,"Mar 29, 2017","Mar 29, 2017"
ACCOLADE INC 144A,Consumer Non-Cyclical,Fixed Income,"1,740,700.00",0.11,"655,514.95","2,000,000.00",00437EAA0,US00437EAA01,BN773Y9,86.91,United States,-,USD,2.29,3.87,1.0,"Apr 01, 2026",0.5,4.12,-,3.87,4.12,3.87,USD,"Mar 29, 2021","Mar 29, 2021"
DEUTSCHE BANK AG (LONDON BRANCH),Banking,Fixed Income,"1,711,808.50",0.1,"832,328.98","1,545,000.00",25155MKM2,US25155MKM28,BFZWVY6,110.63,Germany,-,USD,0.64,0.90,1.0,"May 01, 2023",1.0,1.37,-,0.90,1.37,0.90,USD,"Mar 13, 2018","Mar 13, 2018"
LIBERTY TRIPADVISOR HOLDINGS INC 144A,Consumer Cyclical,Fixed Income,"1,617,000.00",0.1,"223,143.14","2,000,000.00",531465AA0,US531465AA00,BMW2VG0,80.85,United States,-,USD,2.51,1.28,1.0,"Mar 27, 2025",0.5,27.05,-,7.24,3.16,7.24,USD,"Mar 25, 2021","Mar 25, 2021"
REALREAL INC 144A,Consumer Cyclical,Fixed Income,"1,588,083.33",0.1,"484,896.13","1,900,000.00",88339PAC5,US88339PAC59,BMV38D0,83.25,United States,-,USD,3.65,4.10,1.0,"Mar 01, 2028",1.0,5.83,-,4.10,5.83,4.10,USD,"Mar 08, 2021","Mar 08, 2021"
NABORS INDUSTRIES INC,Energy,Fixed Income,"1,578,966.04",0.1,"1,900.41","1,775,000.00",62957HAB1,US62957HAB15,BZ1HN16,88.61,United States,-,USD,1.9,6.83,1.0,"Jan 15, 2024",0.75,1.95,-,6.83,1.95,6.83,USD,"Jan 13, 2017","Jan 13, 2017"
MERITOR INC,Consumer Cyclical,Fixed Income,"1,534,010.11",0.09,"376,788.43","1,396,000.00",59001KAF7,US59001KAF75,BFZ02L4,109.2,United States,-,USD,2.62,2.96,1.0,"Oct 15, 2025",3.25,12.41,-,2.96,3.57,2.96,USD,"Sep 22, 2017","Sep 22, 2017"
AIR TRANSPORT SERVICES GROUP INC,Transportation,Fixed Income,"1,524,066.48",0.09,"725,849.30","1,349,000.00",00922RAB1,US00922RAB15,BD2PFM0,112.74,United States,-,USD,1.39,1.00,1.0,"Oct 15, 2024",1.13,2.8,-,1.00,2.8,1.00,USD,"Sep 29, 2017","Sep 29, 2017"
SHAKE SHACK INC 144A,Consumer Cyclical,Fixed Income,"1,514,040.00",0.09,"499,991.08","1,850,000.00",819047AA9,US819047AA97,-,81.84,United States,-,USD,3.74,3.27,1.0,"Mar 01, 2028",0.0,5.97,-,3.27,5.97,3.27,USD,"Mar 04, 2021","Mar 04, 2021"
RADIUS GLOBAL INFRASTRUCTURE INC 144A,Consumer Cyclical,Fixed Income,"1,508,100.00",0.09,"642,708.67","1,500,000.00",750481AA1,US750481AA14,BNLXS26,99.79,United States,-,USD,2.25,2.55,1.0,"Sep 15, 2026",2.5,4.38,-,2.55,4.38,2.55,USD,"Sep 13, 2021","Sep 13, 2021"
AERIE PHARMACEUTICALS INC,Consumer Non-Cyclical,Fixed Income,"1,433,043.75",0.09,"154,026.89","1,725,000.00",00771VAB4,US00771VAB45,-,82.7,United States,-,USD,2.14,8.71,1.0,"Oct 01, 2024",1.5,2.58,-,8.71,2.58,8.71,USD,"Sep 09, 2019","Sep 09, 2019"
TRANSOCEAN INC RegS,Energy,Fixed Income,"1,411,916.67",0.09,"503,279.74","1,500,000.00",893830BT5,US893830BT59,BKQN7K1,93.95,Cayman Islands,-,USD,2.05,5.73,1.0,"Dec 15, 2025",4.0,3.58,-,5.73,3.58,5.73,USD,"Feb 26, 2021","Feb 26, 2021"
TILRAY INC 144A,Consumer Non-Cyclical,Fixed Income,"1,350,830.62",0.08,"409,911.13","1,275,000.00",03765KAA2,US03765KAA25,-,105.51,Canada,-,USD,1.23,4.96,1.0,"Jun 01, 2024",5.25,2.26,-,4.96,2.26,4.96,USD,"Apr 23, 2019","Apr 23, 2019"
BANDWIDTH INC 144A,Communications,Fixed Income,"1,288,072.50",0.08,"394,824.67","1,650,000.00",05988JAC7,US05988JAC71,BNNLQX5,77.94,United States,-,USD,3.83,4.60,1.0,"Apr 01, 2028",0.5,6.0,-,4.60,6.0,4.60,USD,"Mar 16, 2021","Mar 16, 2021"
BLACKSTONE MORTGAGE TRUST INC,Reits,Fixed Income,"1,239,199.79",0.08,"138,328.88","1,225,000.00",09257WAB6,US09257WAB63,BD8Z2K1,100.43,United States,-,USD,0.29,4.32,1.0,"May 05, 2022",4.38,0.34,-,4.32,0.34,4.32,USD,"May 05, 2017","May 05, 2017"
BAOZUN INC,Technology,Fixed Income,"1,217,662.15",0.07,"2,134.34","1,300,000.00",06684LAB9,US06684LAB99,-,93.4,China,-,USD,0.27,4.64,1.0,"May 01, 2024",1.63,2.24,-,22.70,0.3,22.70,USD,"Apr 10, 2019","Apr 10, 2019"
CHEESECAKE FACTORY INC,Consumer Cyclical,Fixed Income,"1,163,586.67",0.07,"291,146.54","1,300,000.00",163072AA9,US163072AA98,BKP8Q88,89.49,United States,-,USD,3.11,2.91,1.0,"Jun 15, 2026",0.38,4.36,-,2.91,4.36,2.91,USD,"Jun 15, 2021","Jun 15, 2021"
IMPINJ INC 144A,Technology,Fixed Income,"1,090,250.00",0.07,"675,312.44","1,000,000.00",453204AC3,US453204AC35,BMF0J78,108.85,United States,-,USD,1.6,1.03,1.0,"May 15, 2027",1.13,5.24,-,1.03,5.24,1.03,USD,"Nov 05, 2021","Nov 05, 2021"
CLOVIS ONCOLOGY INC,Technology,Fixed Income,"994,198.75",0.06,"2,428.92","1,425,000.00",189464AC4,US189464AC48,BZ1M9H9,69.56,United States,-,USD,2.88,12.74,1.0,"May 01, 2025",1.25,3.06,-,12.74,3.06,12.74,USD,"Apr 19, 2018","Apr 19, 2018"
STEM INC 144A,Finance Companies,Fixed Income,"957,941.67",0.06,"537,611.41","1,000,000.00",85859NAA0,US85859NAA00,-,95.74,United States,-,USD,2.55,1.14,1.0,"Dec 01, 2028",0.5,6.76,-,1.14,6.76,1.14,USD,"Nov 22, 2021","Nov 22, 2021"
ESPERION THERAPEUTICS INC,Consumer Non-Cyclical,Fixed Income,"949,700.00",0.06,"229,680.51","1,800,000.00",29664WAB1,US29664WAB19,-,52.25,United States,-,USD,1.9,23.41,1.0,"Nov 15, 2025",4.0,3.11,-,23.41,3.11,23.41,USD,"Nov 16, 2020","Nov 16, 2020"
AURORA CANNABIS INC,Consumer Non-Cyclical,Fixed Income,"686,266.67",0.04,759.66,"800,000.00",05156XAG3,US05156XAG34,2GFD6P1,83.95,Canada,-,USD,1.76,14.43,1.0,"Feb 28, 2024",5.5,1.87,-,14.43,1.87,14.43,USD,"Jan 24, 2019","Jan 24, 2019"
GSK FINANCE (NO3) PLC 144A,Finance Companies,Fixed Income,"487,900.00",0.03,"24,020.32","500,000.00",36259RAA0,US36259RAA05,BLB2FG2,97.58,United Kingdom,-,USD,1.37,1.66,1.0,"Jun 22, 2023",0.0,1.45,-,1.66,1.45,1.66,USD,"Jun 22, 2020","Jun 22, 2020"
USD CASH,Cash and/or Derivatives,Cash,"-272,126.25",-0.02,"-272,126.25","-272,126.00",-,-,-,100.0,United States,-,USD,0.0,0.10,1.0,-,0.0,0.0,-,0.10,0.0,0.10,USD,-,"Jan 01, 1989"
