,,,,,,,,,,,,,,,,,,,,,,,,,,iShares® iBonds® Dec 2031 Term Corporate ETF
VERIZON COMMUNICATIONS INC,Corporates,Fixed Income,"466,571.47",1.63,"466,571.47","458,000.00",92343VGJ7,US92343VGJ70,-,101.15,United States,-,USD,8.08,2.41,1.0,"Mar 21, 2031",2.55,8.13,-,2.41,7.93,2.41,USD,"Mar 22, 2021","Mar 22, 2021"
ORANGE SA,Corporates,Fixed Income,"423,713.92",1.48,"423,713.92","271,000.00",35177PAL1,US35177PAL13,7310155,153.3,France,-,USD,6.81,2.47,1.0,"Mar 01, 2031",8.5,6.8,-,2.47,6.8,2.47,USD,"Sep 01, 2001","Feb 11, 2002"
ALLY FINANCIAL INC,Corporates,Fixed Income,"399,000.07",1.39,"399,000.07","279,000.00",36186CBY8,US36186CBY84,B3LVPV8,141.63,United States,-,USD,7.36,3.06,1.0,"Nov 01, 2031",8.0,7.31,-,3.06,7.31,3.06,USD,"Dec 31, 2008","Dec 31, 2008"
ORACLE CORPORATION,Corporates,Fixed Income,"360,907.95",1.26,"360,907.95","356,000.00",68389XCE3,US68389XCE31,-,100.6,United States,-,USD,7.97,2.8,1.0,"Mar 25, 2031",2.88,8.01,-,2.8,7.81,2.8,USD,"Mar 24, 2021","Mar 24, 2021"
AMAZON.COM INC,Corporates,Fixed Income,"340,143.92",1.19,"340,143.92","335,000.00",023135BZ8,US023135BZ81,-,101.24,United States,-,USD,8.39,1.95,1.0,"May 12, 2031",2.1,8.45,-,1.95,8.24,1.95,USD,"May 12, 2021","May 12, 2021"
AT&T INC,Corporates,Fixed Income,"338,829.62",1.18,"338,829.62","331,000.00",00206RJY9,US00206RJY99,-,102.12,United States,-,USD,8.21,2.5,1.0,"Jun 01, 2031",2.75,8.25,-,2.49,8.06,2.49,USD,"May 28, 2020","May 28, 2020"
APPLE INC,Corporates,Fixed Income,"303,594.30",1.06,"303,594.30","309,000.00",037833ED8,US037833ED89,-,97.59,United States,-,USD,8.29,1.94,1.0,"Feb 08, 2031",1.65,8.34,-,1.94,8.34,1.94,USD,"Feb 08, 2021","Feb 08, 2021"
BROADCOM INC 144A,Corporates,Fixed Income,"291,590.29",1.02,"291,590.29","295,000.00",11135FBH3,US11135FBH38,-,97.91,United States,-,USD,8.02,2.71,1.0,"Feb 15, 2031",2.45,8.03,-,2.71,8.03,2.71,USD,"Jan 19, 2021","Jan 19, 2021"
T-MOBILE USA INC,Corporates,Fixed Income,"271,780.65",0.95,"271,780.65","270,000.00",87264ACB9,US87264ACB98,-,99.68,United States,-,USD,7.98,2.59,1.0,"Feb 15, 2031",2.55,8.01,-,2.59,8.01,2.59,USD,"Feb 15, 2021","May 21, 2021"
WALT DISNEY CO,Corporates,Fixed Income,"263,330.97",0.92,"263,330.97","250,000.00",254687FX9,US254687FX90,-,104.08,United States,-,USD,7.96,2.15,1.0,"Jan 13, 2031",2.65,7.94,-,2.15,7.94,2.15,USD,"May 13, 2020","May 13, 2020"
DAIMLER FINANCE NORTH AMERICA LLC,Corporates,Fixed Income,"258,475.08",0.9,"258,475.08","169,000.00",233835AQ0,US233835AQ08,B065ZJ2,149.05,Germany,-,USD,6.77,2.43,1.0,"Jan 18, 2031",8.5,6.75,-,2.43,6.75,2.43,USD,"Jan 18, 2001","Jan 18, 2001"
VERIZON COMMUNICATIONS INC,Corporates,Fixed Income,"239,070.90",0.84,"239,070.90","250,000.00",92343VFR0,US92343VFR06,BMWBBJ0,94.84,United States,-,USD,8.2,2.39,1.0,"Jan 20, 2031",1.75,8.22,-,2.39,8.22,2.39,USD,"Nov 20, 2020","Nov 20, 2020"
MERCK & CO INC,Corporates,Fixed Income,"229,396.18",0.8,"229,396.18","228,000.00",58933YBE4,US58933YBE41,-,100.47,United States,-,USD,8.86,2.1,1.0,"Dec 10, 2031",2.15,8.9,-,2.1,8.7,2.1,USD,"Dec 10, 2021","Dec 10, 2021"
WILLIAMS COMPANIES INC,Corporates,Fixed Income,"223,369.74",0.78,"223,369.74","222,000.00",969457BY5,US969457BY52,-,99.84,United States,-,USD,8.04,2.62,1.0,"Mar 15, 2031",2.6,8.08,-,2.62,8.08,2.62,USD,"Mar 02, 2021","Mar 02, 2021"
WALMART INC,Corporates,Fixed Income,"223,289.92",0.78,"223,289.92","224,000.00",931142ET6,US931142ET65,-,99.18,United States,-,USD,8.79,1.89,1.0,"Sep 22, 2031",1.8,8.83,-,1.89,8.83,1.89,USD,"Sep 22, 2021","Sep 22, 2021"
SUMITOMO MITSUI FINANCIAL GROUP IN,Corporates,Fixed Income,"197,451.48",0.69,"197,451.48","200,000.00",86562MCJ7,US86562MCJ71,-,98.09,Japan,-,USD,8.65,2.44,1.0,"Sep 17, 2031",2.22,8.62,-,2.44,8.62,2.44,USD,"Sep 17, 2021","Sep 17, 2021"
ALIBABA GROUP HOLDING LTD,Corporates,Fixed Income,"195,084.58",0.68,"195,084.58","200,000.00",01609WAX0,US01609WAX02,-,96.71,China,-,USD,8.11,2.53,1.0,"Feb 09, 2031",2.13,8.14,-,2.53,8.14,2.53,USD,"Feb 09, 2021","Feb 09, 2021"
COMCAST CORPORATION,Corporates,Fixed Income,"191,697.33",0.67,"191,697.33","202,000.00",20030NDN8,US20030NDN84,-,94.33,United States,-,USD,8.38,2.19,1.0,"Feb 15, 2031",1.5,8.4,-,2.19,8.4,2.19,USD,"Aug 25, 2020","Aug 25, 2020"
HOME DEPOT INC,Corporates,Fixed Income,"191,554.30",0.67,"191,554.30","202,000.00",437076CF7,US437076CF79,-,94.42,United States,-,USD,8.5,2.04,1.0,"Mar 15, 2031",1.38,8.54,-,2.04,8.54,2.04,USD,"Jan 07, 2021","Jan 07, 2021"
TORONTO-DOMINION BANK/THE MTN,Corporates,Fixed Income,"188,680.98",0.66,"188,680.98","190,000.00",89114TZJ4,US89114TZJ41,-,98.68,Canada,-,USD,8.73,2.15,1.0,"Sep 10, 2031",2.0,8.7,-,2.15,8.7,2.15,USD,"Sep 10, 2021","Sep 10, 2021"
PEPSICO INC,Corporates,Fixed Income,"180,909.32",0.63,"180,909.32","180,000.00",713448FE3,US713448FE31,-,100.13,United States,-,USD,8.81,1.94,1.0,"Oct 21, 2031",1.95,8.85,-,1.94,8.65,1.94,USD,"Oct 21, 2021","Oct 21, 2021"
CHARTER COMMUNICATIONS OPERATING L,Corporates,Fixed Income,"177,979.63",0.62,"177,979.63","178,000.00",161175BU7,US161175BU77,BMCJ8R1,99.27,United States,-,USD,8.01,2.89,1.0,"Apr 01, 2031",2.8,8.04,-,2.89,8.04,2.89,USD,"Apr 17, 2020","Apr 17, 2020"
UNITEDHEALTH GROUP INC,Corporates,Fixed Income,"177,580.34",0.62,"177,580.34","174,000.00",91324PED0,US91324PED06,-,101.75,United States,-,USD,8.32,2.09,1.0,"May 15, 2031",2.3,8.38,-,2.09,8.18,2.09,USD,"May 19, 2021","May 19, 2021"
LOWES COMPANIES INC,Corporates,Fixed Income,"177,328.27",0.62,"177,328.27","172,000.00",548661EA1,US548661EA10,-,102.43,United States,-,USD,8.08,2.33,1.0,"Apr 01, 2031",2.63,8.14,-,2.32,7.94,2.32,USD,"Mar 31, 2021","Mar 31, 2021"
SALESFORCE.COM INC.,Corporates,Fixed Income,"175,177.19",0.61,"175,177.19","175,000.00",79466LAJ3,US79466LAJ35,-,99.17,United States,-,USD,8.53,2.05,1.0,"Jul 15, 2031",1.95,8.58,-,2.05,8.58,2.05,USD,"Jul 12, 2021","Jul 12, 2021"
VIACOMCBS INC,Corporates,Fixed Income,"170,057.28",0.59,"170,057.28","141,000.00",92556HAB3,US92556HAB33,BL66P92,118.3,United States,-,USD,7.26,2.66,1.0,"Jan 15, 2031",4.95,7.31,-,2.62,7.2,2.62,USD,"Apr 01, 2020","Apr 01, 2020"
VMWARE INC,Corporates,Fixed Income,"169,573.48",0.59,"169,573.48","171,000.00",928563AL9,US928563AL97,-,98.24,United States,-,USD,8.51,2.41,1.0,"Aug 15, 2031",2.2,8.53,-,2.41,8.53,2.41,USD,"Aug 02, 2021","Aug 02, 2021"
PACIFIC GAS AND ELECTRIC COMPANY,Corporates,Fixed Income,"166,455.13",0.58,"166,455.13","165,000.00",694308JT5,US694308JT56,-,100.59,United States,-,USD,8.04,3.18,1.0,"Jun 01, 2031",3.25,8.04,-,3.18,7.86,3.18,USD,"Mar 11, 2021","Mar 11, 2021"
CIGNA CORP,Corporates,Fixed Income,"164,035.53",0.57,"164,035.53","162,000.00",125523CM0,US125523CM05,-,100.54,United States,-,USD,8.13,2.31,1.0,"Mar 15, 2031",2.38,8.17,-,2.31,7.97,2.31,USD,"Mar 03, 2021","Mar 03, 2021"
BOEING CO,Corporates,Fixed Income,"162,515.33",0.57,"162,515.33","150,000.00",097023DC6,US097023DC69,-,106.81,United States,-,USD,7.6,2.77,1.0,"Feb 01, 2031",3.63,7.65,-,2.75,7.47,2.75,USD,"Nov 02, 2020","Nov 02, 2020"
HONEYWELL INTERNATIONAL INC,Corporates,Fixed Income,"161,952.40",0.57,"161,952.40","165,000.00",438516CF1,US438516CF18,-,97.49,United States,-,USD,8.74,2.04,1.0,"Sep 01, 2031",1.75,8.78,-,2.04,8.78,2.04,USD,"Aug 16, 2021","Aug 16, 2021"
COMCAST CORPORATION,Corporates,Fixed Income,"158,102.40",0.55,"158,102.40","160,000.00",20030NDM0,US20030NDM02,-,97.9,United States,-,USD,8.11,2.21,1.0,"Jan 15, 2031",1.95,8.16,-,2.21,8.16,2.21,USD,"May 28, 2020","May 28, 2020"
CROWN CASTLE INTERNATIONAL CORP,Corporates,Fixed Income,"156,137.53",0.55,"156,137.53","155,000.00",22822VAY7,US22822VAY74,-,99.47,United States,-,USD,8.31,2.56,1.0,"Jul 15, 2031",2.5,8.33,-,2.56,8.33,2.56,USD,"Jun 29, 2021","Jun 29, 2021"
CANADIAN PACIFIC RAILWAY COMPANY,Corporates,Fixed Income,"153,178.46",0.54,"153,178.46","150,000.00",13645RBF0,US13645RBF01,-,101.91,Canada,-,USD,8.72,2.23,1.0,"Dec 02, 2031",2.45,8.76,-,2.23,8.57,2.23,USD,"Dec 02, 2021","Dec 02, 2021"
PACIFIC GAS AND ELECTRIC COMPANY,Corporates,Fixed Income,"149,448.93",0.52,"149,448.93","155,000.00",694308JG3,US694308JG36,-,95.38,United States,-,USD,7.95,3.09,1.0,"Feb 01, 2031",2.5,7.94,-,3.09,7.94,3.09,USD,"Jun 19, 2020","Jun 19, 2020"
BOSTON PROPERTIES LP,Corporates,Fixed Income,"148,580.95",0.52,"148,580.95","140,000.00",10112RBD5,US10112RBD52,BM9KMK8,104.75,United States,-,USD,7.7,2.66,1.0,"Jan 30, 2031",3.25,7.77,-,2.64,7.58,2.64,USD,"May 05, 2020","May 05, 2020"
INTEL CORPORATION,Corporates,Fixed Income,"148,456.33",0.52,"148,456.33","148,000.00",458140BU3,US458140BU38,-,99.53,United States,-,USD,8.59,2.05,1.0,"Aug 12, 2031",2.0,8.64,-,2.05,8.64,2.05,USD,"Aug 12, 2021","Aug 12, 2021"
NVIDIA CORPORATION,Corporates,Fixed Income,"148,332.48",0.52,"148,332.48","149,000.00",67066GAN4,US67066GAN43,BNK9MH8,99.45,United States,-,USD,8.52,2.06,1.0,"Jun 15, 2031",2.0,8.56,-,2.06,8.56,2.06,USD,"Jun 16, 2021","Jun 16, 2021"
COCA-COLA CO,Corporates,Fixed Income,"146,159.09",0.51,"146,159.09","154,000.00",191216DE7,US191216DE73,-,94.5,United States,-,USD,8.56,2.03,1.0,"Mar 15, 2031",1.38,8.54,-,2.03,8.54,2.03,USD,"Sep 18, 2020","Sep 18, 2020"
JOHN DEERE CAPITAL CORP,Corporates,Fixed Income,"143,969.42",0.5,"143,969.42","150,000.00",24422EVL0,US24422EVL00,-,95.31,United States,-,USD,8.37,2.02,1.0,"Jan 15, 2031",1.45,8.34,-,2.02,8.34,2.02,USD,"Jan 07, 2021","Jan 07, 2021"
PROGRESS ENERGY INC,Corporates,Fixed Income,"143,811.85",0.5,"143,811.85","105,000.00",743263AG0,US743263AG09,2812623,135.8,United States,-,USD,7.54,2.81,1.0,"Oct 30, 2031",7.0,7.51,-,2.81,7.51,2.81,USD,"Oct 30, 2001","Oct 30, 2001"
ENTERGY CORPORATION,Corporates,Fixed Income,"143,602.20",0.5,"143,602.20","145,000.00",29364GAP8,US29364GAP81,-,98.92,United States,-,USD,8.36,2.53,1.0,"Jun 15, 2031",2.4,8.39,-,2.53,8.39,2.53,USD,"Mar 05, 2021","Mar 05, 2021"
DOMINION ENERGY INC,Corporates,Fixed Income,"143,461.19",0.5,"143,461.19","145,000.00",25746UDL0,US25746UDL08,-,98.07,United States,-,USD,8.49,2.48,1.0,"Aug 15, 2031",2.25,8.51,-,2.48,8.51,2.48,USD,"Aug 12, 2021","Aug 12, 2021"
THERMO FISHER SCIENTIFIC INC,Corporates,Fixed Income,"142,188.08",0.5,"142,188.08","143,000.00",883556CL4,US883556CL42,-,98.71,United States,-,USD,8.74,2.15,1.0,"Oct 15, 2031",2.0,8.78,-,2.15,8.78,2.15,USD,"Aug 23, 2021","Aug 23, 2021"
ROYAL BANK OF CANADA MTN,Corporates,Fixed Income,"141,296.57",0.49,"141,296.57","140,000.00",78016EYH4,US78016EYH43,-,100.53,Canada,-,USD,8.76,2.24,1.0,"Nov 03, 2031",2.3,8.73,-,2.24,8.73,2.24,USD,"Oct 29, 2021","Oct 29, 2021"
UNION PACIFIC CORPORATION,Corporates,Fixed Income,"138,357.02",0.48,"138,357.02","135,000.00",907818FU7,US907818FU72,-,102.2,United States,-,USD,8.31,2.11,1.0,"May 20, 2031",2.38,8.37,-,2.11,8.17,2.11,USD,"May 20, 2021","May 20, 2021"
MARRIOTT INTERNATIONAL INC,Corporates,Fixed Income,"135,701.33",0.47,"135,701.33","135,000.00",571903BG7,US571903BG74,-,99.9,United States,-,USD,8.04,2.86,1.0,"Apr 15, 2031",2.85,8.06,-,2.86,8.06,2.86,USD,"Mar 05, 2021","Mar 05, 2021"
BAT CAPITAL CORP,Corporates,Fixed Income,"132,351.40",0.46,"132,351.40","135,000.00",05526DBS3,US05526DBS36,-,97.3,United Kingdom,-,USD,8.02,3.06,1.0,"Mar 25, 2031",2.73,8.03,-,3.06,8.03,3.06,USD,"Sep 25, 2020","Sep 25, 2020"
AMGEN INC,Corporates,Fixed Income,"131,758.90",0.46,"131,758.90","130,000.00",031162CW8,US031162CW82,BM9D0T2,100.55,United States,-,USD,8.1,2.23,1.0,"Feb 25, 2031",2.3,8.15,-,2.23,7.95,2.23,USD,"May 06, 2020","May 06, 2020"
ANALOG DEVICES INC,Corporates,Fixed Income,"131,026.55",0.46,"131,026.55","130,000.00",032654AV7,US032654AV70,-,100.29,United States,-,USD,8.69,2.07,1.0,"Oct 01, 2031",2.1,8.74,-,2.07,8.53,2.07,USD,"Oct 05, 2021","Oct 05, 2021"
TELEDYNE TECHNOLOGIES INCORPORATED,Corporates,Fixed Income,"130,163.29",0.45,"130,163.29","127,000.00",879360AE5,US879360AE54,-,101.79,United States,-,USD,8.04,2.53,1.0,"Apr 01, 2031",2.75,8.08,-,2.53,7.89,2.53,USD,"Mar 22, 2021","Mar 22, 2021"
JEFFERIES GROUP LLC MTN,Corporates,Fixed Income,"124,358.49",0.43,"124,358.49","125,000.00",47233JGT9,US47233JGT97,-,98.87,United States,-,USD,8.51,2.76,1.0,"Oct 15, 2031",2.63,8.52,-,2.76,8.52,2.76,USD,"Oct 08, 2021","Oct 08, 2021"
FIDELITY NATIONAL INFORMATION SERV,Corporates,Fixed Income,"123,439.38",0.43,"123,439.38","125,000.00",31620MBT2,US31620MBT27,BKQN7B2,97.99,United States,-,USD,8.13,2.5,1.0,"Mar 01, 2031",2.25,8.16,-,2.5,8.16,2.5,USD,"Mar 02, 2021","Mar 02, 2021"
CHARLES SCHWAB CORPORATION (THE),Corporates,Fixed Income,"123,178.12",0.43,"123,178.12","125,000.00",808513BT1,US808513BT10,-,98.38,United States,-,USD,8.91,2.13,1.0,"Dec 01, 2031",1.95,8.95,-,2.13,8.95,2.13,USD,"Aug 26, 2021","Aug 26, 2021"
CVS HEALTH CORP,Corporates,Fixed Income,"122,892.87",0.43,"122,892.87","127,000.00",126650DQ0,US126650DQ03,-,96.11,United States,-,USD,8.26,2.35,1.0,"Feb 28, 2031",1.88,8.29,-,2.35,8.29,2.35,USD,"Dec 16, 2020","Dec 16, 2020"
WESTPAC BANKING CORP,Corporates,Fixed Income,"121,542.28",0.42,"121,542.28","121,000.00",961214ET6,US961214ET65,-,100.27,Australia,-,USD,8.5,2.12,1.0,"Jun 03, 2031",2.15,8.48,-,2.12,8.48,2.12,USD,"Jun 03, 2021","Jun 03, 2021"
EQUINIX INC,Corporates,Fixed Income,"120,624.39",0.42,"120,624.39","120,000.00",29444UBS4,US29444UBS42,-,100.19,United States,-,USD,8.25,2.48,1.0,"May 15, 2031",2.5,8.29,-,2.48,8.09,2.48,USD,"May 17, 2021","May 17, 2021"
ALEXANDRIA REAL ESTATE EQUITIES IN,Corporates,Fixed Income,"120,621.32",0.42,"120,621.32","110,000.00",015271AR0,US015271AR09,BKBZGZ0,108.36,United States,-,USD,8.1,2.4,1.0,"Aug 15, 2031",3.38,8.16,-,2.38,7.98,2.38,USD,"Jul 15, 2019","Jul 15, 2019"
PFIZER INC,Corporates,Fixed Income,"119,308.72",0.42,"119,308.72","121,000.00",717081FB4,US717081FB45,-,97.95,United States,-,USD,8.71,1.99,1.0,"Aug 18, 2031",1.75,8.75,-,1.99,8.75,1.99,USD,"Aug 18, 2021","Aug 18, 2021"
BUNGE LIMITED FINANCE CORPORATION,Corporates,Fixed Income,"118,366.75",0.41,"118,366.75","116,000.00",120568BC3,US120568BC39,-,101.67,United States,-,USD,8.16,2.55,1.0,"May 14, 2031",2.75,8.2,-,2.54,8.01,2.54,USD,"May 14, 2021","May 14, 2021"
NXP BV 144A,Corporates,Fixed Income,"117,787.54",0.41,"117,787.54","117,000.00",62954HAG3,US62954HAG39,BMHB1T5,100.31,Netherlands,-,USD,8.24,2.46,1.0,"May 11, 2031",2.5,8.28,-,2.46,8.08,2.46,USD,"May 11, 2021","May 11, 2021"
CVS HEALTH CORP,Corporates,Fixed Income,"116,746.69",0.41,"116,746.69","118,000.00",126650DR8,US126650DR85,-,98.14,United States,-,USD,8.62,2.34,1.0,"Sep 15, 2031",2.13,8.64,-,2.34,8.64,2.34,USD,"Aug 18, 2021","Aug 18, 2021"
EQUIFAX INC,Corporates,Fixed Income,"116,686.25",0.41,"116,686.25","117,000.00",294429AT2,US294429AT25,-,98.83,United States,-,USD,8.52,2.49,1.0,"Sep 15, 2031",2.35,8.54,-,2.49,8.54,2.49,USD,"Aug 13, 2021","Aug 13, 2021"
FEDEX CORP,Corporates,Fixed Income,"115,793.50",0.4,"115,793.50","115,000.00",31428XCD6,US31428XCD66,-,100.37,United States,-,USD,8.28,2.36,1.0,"May 15, 2031",2.4,8.33,-,2.35,8.13,2.35,USD,"Apr 29, 2021","Apr 29, 2021"
CONSTELLATION BRANDS INC,Corporates,Fixed Income,"115,615.01",0.4,"115,615.01","117,000.00",21036PBH0,US21036PBH01,-,97.83,United States,-,USD,8.45,2.51,1.0,"Aug 01, 2031",2.25,8.47,-,2.51,8.47,2.51,USD,"Jul 26, 2021","Jul 26, 2021"
BECTON DICKINSON AND COMPANY,Corporates,Fixed Income,"114,772.61",0.4,"114,772.61","118,000.00",075887CL1,US075887CL11,-,96.49,United States,-,USD,8.18,2.39,1.0,"Feb 11, 2031",1.96,8.21,-,2.39,8.21,2.39,USD,"Feb 11, 2021","Feb 11, 2021"
STEEL DYNAMICS INC,Corporates,Fixed Income,"114,706.85",0.4,"114,706.85","107,000.00",858119BM1,US858119BM10,-,105.69,United States,-,USD,7.67,2.54,1.0,"Jan 15, 2031",3.25,7.73,-,2.52,7.55,2.52,USD,"Jun 05, 2020","Jun 05, 2020"
VISA INC,Corporates,Fixed Income,"114,578.33",0.4,"114,578.33","122,000.00",92826CAN2,US92826CAN20,-,93.5,United States,-,USD,8.54,1.88,1.0,"Feb 15, 2031",1.1,8.57,-,1.88,8.57,1.88,USD,"Aug 17, 2020","Aug 17, 2020"
AES CORPORATION (THE),Corporates,Fixed Income,"113,248.93",0.4,"113,248.93","115,000.00",00130HCG8,US00130HCG83,BP6T4P8,97.33,United States,-,USD,7.92,2.79,1.0,"Jan 15, 2031",2.45,7.94,-,2.79,7.94,2.79,USD,"Jul 15, 2021","Aug 18, 2021"
PIONEER NATURAL RESOURCES COMPANY,Corporates,Fixed Income,"113,197.83",0.4,"113,197.83","116,000.00",723787AR8,US723787AR88,BM9PJB3,96.58,United States,-,USD,8.03,2.58,1.0,"Jan 15, 2031",2.15,8.06,-,2.58,8.06,2.58,USD,"Jan 29, 2021","Jan 29, 2021"
GENERAL MOTORS FINANCIAL CO INC,Corporates,Fixed Income,"113,178.82",0.4,"113,178.82","115,000.00",37045XDE3,US37045XDE31,-,97.27,United States,-,USD,7.94,2.69,1.0,"Jan 08, 2031",2.35,7.96,-,2.69,7.96,2.69,USD,"Jan 08, 2021","Jan 08, 2021"
EL PASO CORPORATION MTN,Corporates,Fixed Income,"112,033.46",0.39,"112,033.46","77,000.00",28368EAD8,US28368EAD85,2788650,142.25,United States,-,USD,7.17,2.75,1.0,"Aug 01, 2031",7.8,7.14,-,2.75,7.14,2.75,USD,"Jul 30, 2001","Jul 30, 2001"
LEIDOS INC,Corporates,Fixed Income,"111,543.87",0.39,"111,543.87","115,000.00",52532XAH8,US52532XAH89,-,96.11,United States,-,USD,8.07,2.79,1.0,"Feb 15, 2031",2.3,8.07,-,2.79,8.07,2.79,USD,"Feb 15, 2021","Jun 18, 2021"
APPLE INC,Corporates,Fixed Income,"111,285.66",0.39,"111,285.66","113,000.00",037833EJ5,US037833EJ59,-,97.78,United States,-,USD,8.69,1.95,1.0,"Aug 05, 2031",1.7,8.74,-,1.95,8.74,1.95,USD,"Aug 05, 2021","Aug 05, 2021"
TRANSCANADA PIPELINES LTD,Corporates,Fixed Income,"110,941.73",0.39,"110,941.73","111,000.00",89352HBC2,US89352HBC25,-,99.39,Canada,-,USD,8.56,2.57,1.0,"Oct 12, 2031",2.5,8.58,-,2.57,8.58,2.57,USD,"Oct 12, 2021","Oct 12, 2021"
AUTODESK INC,Corporates,Fixed Income,"110,608.67",0.39,"110,608.67","110,000.00",052769AH9,US052769AH94,-,99.98,United States,-,USD,8.74,2.4,1.0,"Dec 15, 2031",2.4,8.76,-,2.4,8.76,2.4,USD,"Oct 07, 2021","Oct 07, 2021"
CDW LLC,Corporates,Fixed Income,"109,545.71",0.38,"109,545.71","105,000.00",12513GBJ7,US12513GBJ76,-,104.01,United States,-,USD,8.31,3.1,1.0,"Dec 01, 2031",3.57,8.32,-,3.09,8.14,3.09,USD,"Dec 01, 2021","Dec 01, 2021"
CONSOLIDATED EDISON COMPANY OF NEW,Corporates,Fixed Income,"109,014.12",0.38,"109,014.12","108,000.00",209111GA5,US209111GA54,-,100.82,United States,-,USD,8.37,2.3,1.0,"Jun 15, 2031",2.4,8.41,-,2.3,8.21,2.3,USD,"Jun 08, 2021","Jun 08, 2021"
SUZANO AUSTRIA GMBH,Corporates,Fixed Income,"108,627.49",0.38,"108,627.49","105,000.00",86964WAJ1,US86964WAJ18,BM8TGP9,101.74,Brazil,-,USD,7.49,3.52,1.0,"Jan 15, 2031",3.75,7.5,-,3.52,7.33,3.52,USD,"Sep 14, 2020","Sep 14, 2020"
DIAMONDBACK ENERGY INC,Corporates,Fixed Income,"108,265.43",0.38,"108,265.43","104,000.00",25278XAR0,US25278XAR08,-,103.24,United States,-,USD,7.89,2.73,1.0,"Mar 24, 2031",3.13,7.94,-,2.72,7.75,2.72,USD,"Mar 24, 2021","Mar 24, 2021"
NASDAQ INC,Corporates,Fixed Income,"108,040.01",0.38,"108,040.01","115,000.00",63111XAD3,US63111XAD30,-,93.19,United States,-,USD,8.22,2.5,1.0,"Jan 15, 2031",1.65,8.24,-,2.5,8.24,2.5,USD,"Dec 21, 2020","Dec 21, 2020"
GENERAL MOTORS FINANCIAL CO INC,Corporates,Fixed Income,"107,924.94",0.38,"107,924.94","108,000.00",37045XDL7,US37045XDL73,-,99.76,United States,-,USD,8.25,2.73,1.0,"Jun 10, 2031",2.7,8.27,-,2.73,8.27,2.73,USD,"Jun 10, 2021","Jun 10, 2021"
T-MOBILE USA INC,Corporates,Fixed Income,"107,209.30",0.37,"107,209.30","110,000.00",87264ABX2,US87264ABX28,-,97.16,United States,-,USD,8.75,2.58,1.0,"Nov 15, 2031",2.25,8.75,-,2.58,8.75,2.58,USD,"May 15, 2021","May 21, 2021"
CONOCO FUNDING CO,Corporates,Fixed Income,"107,134.38",0.37,"107,134.38","75,000.00",20825UAC8,US20825UAC80,7229132,141.28,United States,-,USD,7.49,2.48,1.0,"Oct 15, 2031",7.25,7.47,-,2.48,7.47,2.48,USD,"Oct 11, 2001","Oct 11, 2001"
TOYOTA MOTOR CORPORATION,Corporates,Fixed Income,"105,748.36",0.37,"105,748.36","102,000.00",892331AN9,US892331AN94,-,103.05,Japan,-,USD,8.16,2.0,1.0,"Mar 25, 2031",2.36,8.23,-,1.99,8.03,1.99,USD,"Mar 25, 2021","Mar 25, 2021"
ANTHEM INC,Corporates,Fixed Income,"105,225.07",0.37,"105,225.07","102,000.00",036752AP8,US036752AP88,-,102.41,United States,-,USD,8.07,2.26,1.0,"Mar 15, 2031",2.55,8.13,-,2.25,7.93,2.25,USD,"Mar 17, 2021","Mar 17, 2021"
HP INC 144A,Corporates,Fixed Income,"103,842.96",0.36,"103,842.96","105,000.00",40434LAG0,US40434LAG05,-,98.8,United States,-,USD,8.28,2.8,1.0,"Jun 17, 2031",2.65,8.3,-,2.8,8.3,2.8,USD,"Jun 16, 2021","Jun 16, 2021"
ANHEUSER-BUSCH INBEV WORLDWIDE INC,Corporates,Fixed Income,"103,057.73",0.36,"103,057.73","84,000.00",035240AR1,US035240AR13,BJ521C2,120.51,Belgium,-,USD,7.26,2.37,1.0,"Jan 23, 2031",4.9,7.38,-,2.31,7.21,2.31,USD,"Jan 23, 2019","Jan 23, 2019"
WELLTOWER INC,Corporates,Fixed Income,"102,583.33",0.36,"102,583.33","100,000.00",95040QAM6,US95040QAM69,-,102.35,United States,-,USD,8.2,2.52,1.0,"Jun 01, 2031",2.8,8.24,-,2.51,8.04,2.51,USD,"Mar 25, 2021","Mar 25, 2021"
PACIFICORP,Corporates,Fixed Income,"101,516.72",0.35,"101,516.72","70,000.00",695114BT4,US695114BT48,2823926,144.04,United States,-,USD,7.49,2.61,1.0,"Nov 15, 2031",7.7,7.46,-,2.61,7.46,2.61,USD,"Nov 21, 2001","Nov 21, 2001"
BROADRIDGE FINANCIAL SOLUTIONS INC,Corporates,Fixed Income,"101,457.33",0.35,"101,457.33","100,000.00",11133TAE3,US11133TAE38,-,101.02,United States,-,USD,8.18,2.48,1.0,"May 01, 2031",2.6,8.22,-,2.47,8.02,2.47,USD,"May 17, 2021","May 17, 2021"
EXPEDIA GROUP INC,Corporates,Fixed Income,"101,108.60",0.35,"101,108.60","100,000.00",30212PBH7,US30212PBH73,BNXL6B3,100.24,United States,-,USD,7.92,2.92,1.0,"Mar 15, 2031",2.95,7.95,-,2.92,7.75,2.92,USD,"Mar 03, 2021","Jun 15, 2021"
MARTIN MARIETTA MATERIALS INC,Corporates,Fixed Income,"100,682.33",0.35,"100,682.33","100,000.00",573284AW6,US573284AW62,-,99.49,United States,-,USD,8.35,2.46,1.0,"Jul 15, 2031",2.4,8.37,-,2.46,8.37,2.46,USD,"Jul 02, 2021","Jul 02, 2021"
STATE STREET CORP,Corporates,Fixed Income,"100,523.11",0.35,"100,523.11","100,000.00",857477BP7,US857477BP72,-,99.8,United States,-,USD,8.23,2.22,1.0,"Mar 03, 2031",2.2,8.2,-,2.22,8.2,2.22,USD,"Mar 03, 2021","Mar 03, 2021"
BANK OF NOVA SCOTIA,Corporates,Fixed Income,"100,439.81",0.35,"100,439.81","100,000.00",0641594B9,US0641594B99,-,99.32,Canada,-,USD,8.54,2.23,1.0,"Aug 01, 2031",2.15,8.52,-,2.23,8.52,2.23,USD,"Jun 24, 2021","Jun 24, 2021"
NOMURA HOLDINGS INC,Corporates,Fixed Income,"99,940.80",0.35,"99,940.80","100,000.00",65535HAX7,US65535HAX70,-,98.7,Japan,-,USD,8.32,2.76,1.0,"Jul 14, 2031",2.61,8.28,-,2.76,8.28,2.76,USD,"Jul 12, 2021","Jul 12, 2021"
AGILENT TECHNOLOGIES INC,Corporates,Fixed Income,"99,824.39",0.35,"99,824.39","100,000.00",00846UAN1,US00846UAN19,-,99.13,United States,-,USD,8.14,2.41,1.0,"Mar 12, 2031",2.3,8.18,-,2.41,8.18,2.41,USD,"Mar 12, 2021","Mar 12, 2021"
MOTOROLA SOLUTIONS INC,Corporates,Fixed Income,"99,653.32",0.35,"99,653.32","99,000.00",620076BU2,US620076BU23,BKPG927,100.36,United States,-,USD,8.19,2.71,1.0,"May 24, 2031",2.75,8.21,-,2.71,8.02,2.71,USD,"May 24, 2021","May 24, 2021"
MASTERCARD INC,Corporates,Fixed Income,"99,036.52",0.35,"99,036.52","99,000.00",57636QAU8,US57636QAU85,-,99.8,United States,-,USD,8.86,2.02,1.0,"Nov 18, 2031",2.0,8.9,-,2.02,8.9,2.02,USD,"Nov 18, 2021","Nov 18, 2021"
BROWN & BROWN INC,Corporates,Fixed Income,"98,845.31",0.35,"98,845.31","100,000.00",115236AC5,US115236AC57,-,98.15,United States,-,USD,8.12,2.6,1.0,"Mar 15, 2031",2.38,8.15,-,2.6,8.15,2.6,USD,"Sep 24, 2020","Sep 24, 2020"
PERKINELMER INC,Corporates,Fixed Income,"98,221.25",0.34,"98,221.25","100,000.00",714046AN9,US714046AN96,-,97.52,United States,-,USD,8.58,2.54,1.0,"Sep 15, 2031",2.25,8.59,-,2.54,8.59,2.54,USD,"Sep 10, 2021","Sep 10, 2021"
NSTAR ELECTRIC CO,Corporates,Fixed Income,"98,200.33",0.34,"98,200.33","100,000.00",67021CAR8,US67021CAR88,-,97.51,United States,-,USD,8.62,2.24,1.0,"Aug 15, 2031",1.95,8.65,-,2.24,8.65,2.24,USD,"Aug 23, 2021","Aug 23, 2021"
UNILEVER CAPITAL CORP,Corporates,Fixed Income,"98,020.69",0.34,"98,020.69","100,000.00",904764BQ9,US904764BQ99,-,97.34,Netherlands,-,USD,8.69,2.06,1.0,"Aug 12, 2031",1.75,8.73,-,2.06,8.73,2.06,USD,"Aug 12, 2021","Aug 12, 2021"
OVINTIV INC,Corporates,Fixed Income,"97,121.51",0.34,"97,121.51","73,000.00",012873AK1,US012873AK13,2835772,131.81,United States,-,USD,7.41,3.52,1.0,"Nov 01, 2031",7.38,7.35,-,3.52,7.35,3.52,USD,"Oct 26, 2001","Oct 26, 2001"
AMERISOURCEBERGEN CORPORATION,Corporates,Fixed Income,"96,977.90",0.34,"96,977.90","95,000.00",03073EAT2,US03073EAT29,-,101.29,United States,-,USD,8.01,2.54,1.0,"Mar 15, 2031",2.7,8.05,-,2.54,7.86,2.54,USD,"Mar 30, 2021","Mar 30, 2021"
WASTE MANAGEMENT INC,Corporates,Fixed Income,"96,642.62",0.34,"96,642.62","102,000.00",94106LBP3,US94106LBP31,-,94.31,United States,-,USD,8.45,2.19,1.0,"Mar 15, 2031",1.5,8.48,-,2.19,8.48,2.19,USD,"Nov 17, 2020","Nov 17, 2020"
AMCOR FLEXIBLES NORTH AMERICA INC,Corporates,Fixed Income,"96,406.90",0.34,"96,406.90","95,000.00",02344AAA6,US02344AAA60,-,101.2,United States,-,USD,8.22,2.55,1.0,"May 25, 2031",2.69,8.25,-,2.54,8.05,2.54,USD,"May 25, 2021","May 25, 2021"
SVB FINANCIAL GROUP,Corporates,Fixed Income,"95,615.00",0.33,"95,615.00","100,000.00",78486QAF8,US78486QAF81,-,94.87,United States,-,USD,8.22,2.43,1.0,"Feb 02, 2031",1.8,8.23,-,2.43,8.23,2.43,USD,"Feb 02, 2021","Feb 02, 2021"
RAYTHEON TECHNOLOGIES CORPORATION,Corporates,Fixed Income,"95,370.82",0.33,"95,370.82","98,000.00",75513ECM1,US75513ECM12,-,96.57,United States,-,USD,8.68,2.3,1.0,"Sep 01, 2031",1.9,8.69,-,2.3,8.69,2.3,USD,"Aug 10, 2021","Aug 10, 2021"
ROPER TECHNOLOGIES INC,Corporates,Fixed Income,"94,805.11",0.33,"94,805.11","100,000.00",776743AL0,US776743AL02,BL9YSK5,94.14,United States,-,USD,8.28,2.47,1.0,"Feb 15, 2031",1.75,8.28,-,2.47,8.28,2.47,USD,"Sep 01, 2020","Sep 01, 2020"
HCA INC,Corporates,Fixed Income,"94,694.57",0.33,"94,694.57","95,000.00",404119CC1,US404119CC14,-,98.49,United States,-,USD,8.35,2.55,1.0,"Jul 15, 2031",2.38,8.37,-,2.55,8.37,2.55,USD,"Jun 30, 2021","Jun 30, 2021"
DEVON FINANCING CO LLC,Corporates,Fixed Income,"93,345.04",0.33,"93,345.04","65,000.00",25179SAD2,US25179SAD27,2864925,141.64,United States,-,USD,7.3,2.93,1.0,"Sep 30, 2031",7.88,7.27,-,2.93,7.27,2.93,USD,"Oct 03, 2001","Mar 12, 2002"
REALTY INCOME CORPORATION,Corporates,Fixed Income,"92,775.47",0.32,"92,775.47","85,000.00",756109AX2,US756109AX24,-,107.65,United States,-,USD,7.67,2.31,1.0,"Jan 15, 2031",3.25,7.76,-,2.28,7.57,2.28,USD,"May 08, 2020","May 08, 2020"
CARRIER GLOBAL CORP,Corporates,Fixed Income,"92,630.70",0.32,"92,630.70","90,000.00",14448CAL8,US14448CAL81,-,101.89,United States,-,USD,7.94,2.47,1.0,"Feb 15, 2031",2.7,7.98,-,2.46,7.78,2.46,USD,"Jun 19, 2020","Dec 08, 2020"
HEALTHCARE TRUST OF AMERICA HOLDIN,Corporates,Fixed Income,"90,866.55",0.32,"90,866.55","95,000.00",42225UAH7,US42225UAH77,-,95.05,United States,-,USD,8.26,2.61,1.0,"Mar 15, 2031",2.0,8.27,-,2.61,8.27,2.61,USD,"Sep 28, 2020","Sep 28, 2020"
SOUTHERN COMPANY GAS CAPITAL CORPO,Corporates,Fixed Income,"90,070.40",0.31,"90,070.40","95,000.00",8426EPAD0,US8426EPAD09,-,94.0,United States,-,USD,8.18,2.5,1.0,"Jan 15, 2031",1.75,8.2,-,2.5,8.2,2.5,USD,"Aug 21, 2020","Aug 21, 2020"
VERISIGN INC,Corporates,Fixed Income,"89,837.49",0.31,"89,837.49","89,000.00",92343EAM4,US92343EAM49,-,100.81,United States,-,USD,8.27,2.6,1.0,"Jun 15, 2031",2.7,8.3,-,2.6,8.1,2.6,USD,"Jun 08, 2021","Jun 08, 2021"
GLOBAL PAYMENTS INC,Corporates,Fixed Income,"89,820.96",0.31,"89,820.96","88,000.00",37940XAH5,US37940XAH52,-,101.74,United States,-,USD,8.51,2.7,1.0,"Nov 15, 2031",2.9,8.53,-,2.69,8.34,2.69,USD,"Nov 22, 2021","Nov 22, 2021"
SUN COMMUNITIES OPERATING LP,Corporates,Fixed Income,"88,986.92",0.31,"88,986.92","88,000.00",866677AE7,US866677AE75,-,99.73,United States,-,USD,8.23,2.73,1.0,"Jul 15, 2031",2.7,8.24,-,2.73,8.24,2.73,USD,"Jun 28, 2021","Jun 28, 2021"
CHARLES SCHWAB CORPORATION (THE),Corporates,Fixed Income,"88,909.87",0.31,"88,909.87","92,000.00",808513BG9,US808513BG98,-,96.14,United States,-,USD,8.38,2.11,1.0,"Mar 11, 2031",1.65,8.42,-,2.11,8.42,2.11,USD,"Dec 11, 2020","Dec 11, 2020"
GLP CAPITAL LP,Corporates,Fixed Income,"88,300.26",0.31,"88,300.26","81,000.00",361841AQ2,US361841AQ25,BL57VT8,107.15,United States,-,USD,7.43,3.09,1.0,"Jan 15, 2031",4.0,7.48,-,3.07,7.31,3.07,USD,"Jun 25, 2020","Jun 25, 2020"
SYNCHRONY FINANCIAL,Corporates,Fixed Income,"87,256.73",0.3,"87,256.73","87,000.00",87165BAR4,US87165BAR42,-,99.78,United States,-,USD,8.46,2.9,1.0,"Oct 28, 2031",2.88,8.46,-,2.9,8.46,2.9,USD,"Oct 28, 2021","Oct 28, 2021"
KELLOGG COMPANY,Corporates,Fixed Income,"87,193.10",0.3,"87,193.10","61,000.00",487836AT5,US487836AT55,2791056,141.08,United States,-,USD,7.11,2.46,1.0,"Apr 01, 2031",7.45,7.09,-,2.46,7.09,2.46,USD,"Mar 29, 2001","Jul 13, 2001"
BROOKFIELD FINANCE INC,Corporates,Fixed Income,"86,420.52",0.3,"86,420.52","85,000.00",11271LAH5,US11271LAH50,-,101.08,Canada,-,USD,8.09,2.59,1.0,"Apr 15, 2031",2.72,8.12,-,2.59,7.93,2.59,USD,"Apr 12, 2021","Apr 12, 2021"
DUKE REALTY CORPORATION,Corporates,Fixed Income,"86,059.95",0.3,"86,059.95","90,000.00",26441YBF3,US26441YBF34,-,94.89,United States,-,USD,8.24,2.38,1.0,"Feb 01, 2031",1.75,8.25,-,2.38,8.25,2.38,USD,"Jan 21, 2021","Jan 21, 2021"
DOLLAR TREE INC,Corporates,Fixed Income,"85,483.50",0.3,"85,483.50","85,000.00",256746AJ7,US256746AJ71,-,100.35,United States,-,USD,8.64,2.61,1.0,"Dec 01, 2031",2.65,8.66,-,2.61,8.46,2.61,USD,"Dec 01, 2021","Dec 01, 2021"
ONEOK INC,Corporates,Fixed Income,"85,237.24",0.3,"85,237.24","66,000.00",682680BE2,US682680BE21,-,126.18,United States,-,USD,6.91,3.02,1.0,"Jan 15, 2031",6.35,7.0,-,2.95,6.85,2.95,USD,"May 07, 2020","May 07, 2020"
NISOURCE INC,Corporates,Fixed Income,"84,864.30",0.3,"84,864.30","90,000.00",65473PAL9,US65473PAL94,-,93.64,United States,-,USD,8.3,2.48,1.0,"Feb 15, 2031",1.7,8.3,-,2.48,8.3,2.48,USD,"Aug 18, 2020","Aug 18, 2020"
DUKE ENERGY CORP,Corporates,Fixed Income,"84,157.35",0.29,"84,157.35","84,000.00",26441CBL8,US26441CBL81,BNR5LF0,100.07,United States,-,USD,8.32,2.54,1.0,"Jun 15, 2031",2.55,8.35,-,2.54,8.35,2.54,USD,"Jun 10, 2021","Jun 10, 2021"
PUBLIC SERVICE ELECTRIC AND GAS CO MTN,Corporates,Fixed Income,"83,959.79",0.29,"83,959.79","85,000.00",74456QCH7,US74456QCH74,-,98.07,United States,-,USD,8.64,2.12,1.0,"Aug 15, 2031",1.9,8.68,-,2.12,8.68,2.12,USD,"Aug 19, 2021","Aug 19, 2021"
SABRA HEALTH CARE LP,Corporates,Fixed Income,"83,819.92",0.29,"83,819.92","85,000.00",78574MAA1,US78574MAA18,-,97.78,United States,-,USD,8.37,3.47,1.0,"Dec 01, 2031",3.2,8.35,-,3.47,8.35,3.47,USD,"Sep 30, 2021","Sep 30, 2021"
PUBLIC SERVICE COMPANY OF OKLAHOMA,Corporates,Fixed Income,"83,761.07",0.29,"83,761.07","84,000.00",744533BM1,US744533BM10,-,98.86,United States,-,USD,8.52,2.33,1.0,"Aug 15, 2031",2.2,8.55,-,2.33,8.55,2.33,USD,"Aug 13, 2021","Aug 13, 2021"
PROCTER & GAMBLE CO,Corporates,Fixed Income,"83,162.21",0.29,"83,162.21","82,000.00",742718FQ7,US742718FQ70,-,101.05,United States,-,USD,8.46,1.83,1.0,"Apr 23, 2031",1.95,8.46,-,1.83,8.46,1.83,USD,"Apr 23, 2021","Apr 23, 2021"
MARVELL TECHNOLOGY INC,Corporates,Fixed Income,"82,419.02",0.29,"82,419.02","80,000.00",573874AJ3,US573874AJ32,-,102.4,United States,-,USD,8.01,2.66,1.0,"Apr 15, 2031",2.95,8.05,-,2.65,7.86,2.65,USD,"Apr 12, 2021","Oct 07, 2021"
HESS CORPORATION,Corporates,Fixed Income,"82,036.07",0.29,"82,036.07","60,000.00",023551AJ3,US023551AJ38,2791205,133.97,United States,-,USD,7.25,3.17,1.0,"Aug 15, 2031",7.3,7.2,-,3.17,7.2,3.17,USD,"Aug 15, 2001","Aug 15, 2001"
TJX COMPANIES INC,Corporates,Fixed Income,"81,531.53",0.28,"81,531.53","85,000.00",872540AW9,US872540AW92,-,95.72,United States,-,USD,8.58,2.11,1.0,"May 15, 2031",1.6,8.61,-,2.11,8.61,2.11,USD,"Nov 30, 2020","Nov 30, 2020"
EBAY INC,Corporates,Fixed Income,"81,415.02",0.28,"81,415.02","80,000.00",278642AY9,US278642AY97,-,101.39,United States,-,USD,8.21,2.43,1.0,"May 10, 2031",2.6,8.25,-,2.43,8.05,2.43,USD,"May 10, 2021","May 10, 2021"
OMNICOM GROUP INC,Corporates,Fixed Income,"81,038.46",0.28,"81,038.46","79,000.00",681919BD7,US681919BD76,-,101.5,United States,-,USD,8.33,2.42,1.0,"Aug 01, 2031",2.6,8.36,-,2.42,8.16,2.42,USD,"May 03, 2021","May 03, 2021"
UDR INC MTN,Corporates,Fixed Income,"79,155.00",0.28,"79,155.00","75,000.00",90265EAR1,US90265EAR18,BKFC2F9,104.39,United States,-,USD,8.22,2.48,1.0,"Aug 15, 2031",3.0,8.27,-,2.47,8.07,2.47,USD,"Aug 15, 2019","Aug 15, 2019"
CROWN CASTLE INTERNATIONAL CORP,Corporates,Fixed Income,"78,781.60",0.28,"78,781.60","80,000.00",22822VAT8,US22822VAT89,BMG11F2,97.43,United States,-,USD,8.0,2.57,1.0,"Jan 15, 2031",2.25,8.03,-,2.57,8.03,2.57,USD,"Jun 15, 2020","Jun 15, 2020"
XCEL ENERGY INC,Corporates,Fixed Income,"78,309.36",0.27,"78,309.36","78,000.00",98388MAC1,US98388MAC10,-,100.02,United States,-,USD,8.65,2.35,1.0,"Nov 15, 2031",2.35,8.73,-,2.35,8.34,2.35,USD,"Nov 03, 2021","Nov 03, 2021"
AMERICAN TOWER CORPORATION,Corporates,Fixed Income,"78,007.92",0.27,"78,007.92","77,000.00",03027XBM1,US03027XBM11,BKVCS77,100.72,United States,-,USD,8.09,2.61,1.0,"Apr 15, 2031",2.7,8.13,-,2.61,7.94,2.61,USD,"Mar 29, 2021","Mar 29, 2021"
L3HARRIS TECHNOLOGIES INC,Corporates,Fixed Income,"77,990.04",0.27,"77,990.04","81,000.00",502431AN9,US502431AN98,-,95.44,United States,-,USD,8.16,2.36,1.0,"Jan 15, 2031",1.8,8.19,-,2.36,8.19,2.36,USD,"Nov 25, 2020","Nov 25, 2020"
HEALTHCARE REALTY TRUST INC,Corporates,Fixed Income,"77,561.29",0.27,"77,561.29","80,000.00",421946AM6,US421946AM66,-,96.35,United States,-,USD,8.24,2.5,1.0,"Mar 15, 2031",2.05,8.26,-,2.5,8.26,2.5,USD,"Oct 02, 2020","Oct 02, 2020"
CENTERPOINT ENERGY HOUSTON ELECTRI,Corporates,Fixed Income,"77,118.42",0.27,"77,118.42","75,000.00",15189XAV0,US15189XAV01,-,102.22,United States,-,USD,8.18,2.08,1.0,"Apr 01, 2031",2.35,8.25,-,2.08,8.05,2.08,USD,"Mar 11, 2021","Mar 11, 2021"
CONOCOPHILLIPS 144A,Corporates,Fixed Income,"76,233.75",0.27,"76,233.75","75,000.00",20825CAZ7,US20825CAZ77,BKSC740,100.72,United States,-,USD,8.04,2.31,1.0,"Feb 15, 2031",2.4,8.08,-,2.31,7.88,2.31,USD,"Aug 24, 2020","Feb 08, 2021"
DUKE ENERGY FLORIDA LLC,Corporates,Fixed Income,"76,181.75",0.27,"76,181.75","75,000.00",26444HAK7,US26444HAK77,-,101.37,United States,-,USD,8.77,2.25,1.0,"Dec 15, 2031",2.4,8.81,-,2.24,8.61,2.24,USD,"Dec 02, 2021","Dec 02, 2021"
PUBLIC STORAGE,Corporates,Fixed Income,"76,140.25",0.27,"76,140.25","75,000.00",74460WAE7,US74460WAE75,-,101.14,United States,-,USD,8.28,2.16,1.0,"May 01, 2031",2.3,8.34,-,2.16,8.14,2.16,USD,"Apr 23, 2021","Apr 23, 2021"
CHARLES SCHWAB CORPORATION (THE),Corporates,Fixed Income,"76,063.25",0.27,"76,063.25","75,000.00",808513BS3,US808513BS37,-,101.11,United States,-,USD,8.32,2.17,1.0,"May 13, 2031",2.3,8.37,-,2.17,8.17,2.17,USD,"May 13, 2021","May 13, 2021"
CBRE SERVICES INC,Corporates,Fixed Income,"75,817.50",0.26,"75,817.50","75,000.00",12505BAE0,US12505BAE02,-,100.47,United States,-,USD,8.12,2.44,1.0,"Apr 01, 2031",2.5,8.17,-,2.44,7.97,2.44,USD,"Mar 18, 2021","Mar 18, 2021"
Bon Secours Mercy Health,Corporates,Fixed Income,"75,695.30",0.26,"75,695.30","77,000.00",09778PAB1,US09778PAB13,-,98.13,United States,-,USD,8.37,2.32,1.0,"Jun 01, 2031",2.1,8.47,-,2.32,8.47,2.32,USD,"Oct 15, 2020","Oct 15, 2020"
BALTIMORE GAS AND ELECTRIC CO,Corporates,Fixed Income,"75,467.26",0.26,"75,467.26","75,000.00",059165EN6,US059165EN63,-,100.52,United States,-,USD,8.43,2.19,1.0,"Jun 15, 2031",2.25,8.47,-,2.19,8.27,2.19,USD,"Jun 10, 2021","Jun 10, 2021"
WP CAREY INC,Corporates,Fixed Income,"75,187.00",0.26,"75,187.00","75,000.00",92936UAG4,US92936UAG40,-,99.24,United States,-,USD,8.0,2.49,1.0,"Feb 01, 2031",2.4,8.03,-,2.49,8.03,2.49,USD,"Oct 14, 2020","Oct 14, 2020"
ZIMMER BIOMET HOLDINGS INC,Corporates,Fixed Income,"74,741.23",0.26,"74,741.23","74,000.00",98956PAV4,US98956PAV40,-,100.72,United States,-,USD,8.64,2.52,1.0,"Nov 24, 2031",2.6,8.66,-,2.52,8.46,2.52,USD,"Nov 24, 2021","Nov 24, 2021"
AMERICAN HOMES 4 RENT LP,Corporates,Fixed Income,"74,661.39",0.26,"74,661.39","75,000.00",02666TAC1,US02666TAC18,-,98.39,United States,-,USD,8.36,2.57,1.0,"Jul 15, 2031",2.38,8.38,-,2.57,8.38,2.57,USD,"Jul 08, 2021","Jul 08, 2021"
KEURIG DR PEPPER INC,Corporates,Fixed Income,"74,642.62",0.26,"74,642.62","75,000.00",49271VAN0,US49271VAN01,BKQN4P5,98.86,United States,-,USD,8.17,2.39,1.0,"Mar 15, 2031",2.25,8.21,-,2.39,8.21,2.39,USD,"Mar 15, 2021","Mar 15, 2021"
BURLINGTON RESOURCES LLC,Corporates,Fixed Income,"74,629.88",0.26,"74,629.88","52,000.00",12201PAB2,US12201PAB22,2795036,140.8,United States,-,USD,7.34,2.42,1.0,"Aug 15, 2031",7.2,7.32,-,2.42,7.32,2.42,USD,"Aug 24, 2001","Aug 24, 2001"
ECOLAB INC,Corporates,Fixed Income,"74,453.15",0.26,"74,453.15","79,000.00",278865BF6,US278865BF65,BKPTV75,93.69,United States,-,USD,8.4,2.07,1.0,"Jan 30, 2031",1.3,8.44,-,2.07,8.44,2.07,USD,"Aug 13, 2020","Aug 13, 2020"
ARES CAPITAL CORPORATION,Corporates,Fixed Income,"74,185.83",0.26,"74,185.83","75,000.00",04010LBC6,US04010LBC63,-,98.39,United States,-,USD,8.37,3.39,1.0,"Nov 15, 2031",3.2,8.35,-,3.39,8.35,3.39,USD,"Nov 04, 2021","Nov 04, 2021"
AMPHENOL CORPORATION,Corporates,Fixed Income,"74,110.42",0.26,"74,110.42","75,000.00",032095AL5,US032095AL53,-,98.16,United States,-,USD,8.6,2.41,1.0,"Sep 15, 2031",2.2,8.62,-,2.41,8.62,2.41,USD,"Sep 14, 2021","Sep 14, 2021"
INVITATION HOMES OPERATING PARTNER,Corporates,Fixed Income,"74,068.54",0.26,"74,068.54","78,000.00",46188BAA0,US46188BAA08,-,94.14,United States,-,USD,8.59,2.69,1.0,"Aug 15, 2031",2.0,8.58,-,2.69,8.58,2.69,USD,"Aug 06, 2021","Aug 06, 2021"
DUKE ENERGY PROGRESS LLC,Corporates,Fixed Income,"73,997.50",0.26,"73,997.50","75,000.00",26442UAL8,US26442UAL89,-,97.88,United States,-,USD,8.6,2.25,1.0,"Aug 15, 2031",2.0,8.62,-,2.25,8.62,2.25,USD,"Aug 12, 2021","Aug 12, 2021"
AMERICAN TOWER CORPORATION,Corporates,Fixed Income,"73,476.25",0.26,"73,476.25","75,000.00",03027XBS8,US03027XBS80,-,97.36,United States,-,USD,8.56,2.61,1.0,"Sep 15, 2031",2.3,8.57,-,2.61,8.57,2.61,USD,"Sep 27, 2021","Sep 27, 2021"
CROWN CASTLE INTERNATIONAL CORP,Corporates,Fixed Income,"73,333.16",0.26,"73,333.16","76,000.00",22822VAW1,US22822VAW19,-,95.97,United States,-,USD,8.26,2.59,1.0,"Apr 01, 2031",2.1,8.28,-,2.59,8.28,2.59,USD,"Feb 16, 2021","Feb 16, 2021"
PRIMERICA INC,Corporates,Fixed Income,"73,171.60",0.26,"73,171.60","72,000.00",74164MAB4,US74164MAB46,-,101.29,United States,-,USD,8.55,2.65,1.0,"Nov 19, 2031",2.8,8.57,-,2.65,8.38,2.65,USD,"Nov 19, 2021","Nov 19, 2021"
JABIL INC,Corporates,Fixed Income,"73,087.93",0.26,"73,087.93","70,000.00",466313AK9,US466313AK92,-,103.03,United States,-,USD,7.74,2.62,1.0,"Jan 15, 2031",3.0,7.8,-,2.61,7.61,2.61,USD,"Jul 13, 2020","Jul 13, 2020"
EAGLE MATERIALS INC,Corporates,Fixed Income,"73,044.53",0.26,"73,044.53","73,000.00",26969PAB4,US26969PAB40,-,98.81,United States,-,USD,8.27,2.64,1.0,"Jul 01, 2031",2.5,8.29,-,2.64,8.29,2.64,USD,"Jul 01, 2021","Jul 01, 2021"
MASCO CORPORATION,Corporates,Fixed Income,"72,720.50",0.25,"72,720.50","75,000.00",574599BQ8,US574599BQ83,-,96.19,United States,-,USD,8.18,2.47,1.0,"Feb 15, 2031",2.0,8.2,-,2.47,8.2,2.47,USD,"Mar 04, 2021","Mar 04, 2021"
FIDELITY NATIONAL FINANCIAL INC,Corporates,Fixed Income,"72,644.49",0.25,"72,644.49","73,000.00",31620RAK1,US31620RAK14,-,98.78,United States,-,USD,8.1,2.6,1.0,"Mar 15, 2031",2.45,8.13,-,2.6,8.13,2.6,USD,"Sep 15, 2020","Sep 15, 2020"
ELECTRONIC ARTS INC,Corporates,Fixed Income,"72,398.17",0.25,"72,398.17","75,000.00",285512AE9,US285512AE93,-,95.83,United States,-,USD,8.24,2.36,1.0,"Feb 15, 2031",1.85,8.26,-,2.36,8.26,2.36,USD,"Feb 11, 2021","Feb 11, 2021"
LIFE STORAGE LP,Corporates,Fixed Income,"72,319.88",0.25,"72,319.88","73,000.00",53227JAD6,US53227JAD63,-,98.5,United States,-,USD,8.6,2.57,1.0,"Oct 15, 2031",2.4,8.61,-,2.57,8.61,2.57,USD,"Oct 07, 2021","Oct 07, 2021"
AUTOZONE INC,Corporates,Fixed Income,"72,280.56",0.25,"72,280.56","76,000.00",053332BA9,US053332BA96,-,94.34,United States,-,USD,8.22,2.35,1.0,"Jan 15, 2031",1.65,8.25,-,2.35,8.25,2.35,USD,"Aug 14, 2020","Aug 14, 2020"
KYNDRYL HOLDINGS INC 144A,Corporates,Fixed Income,"72,225.85",0.25,"72,225.85","74,000.00",50155QAE0,US50155QAE08,-,96.92,United States,-,USD,8.3,3.52,1.0,"Oct 15, 2031",3.15,8.27,-,3.52,8.27,3.52,USD,"Oct 15, 2021","Oct 15, 2021"
OMEGA HEALTHCARE INVESTORS INC,Corporates,Fixed Income,"71,562.57",0.25,"71,562.57","70,000.00",681936BM1,US681936BM17,-,100.83,United States,-,USD,7.66,3.27,1.0,"Feb 01, 2031",3.38,7.67,-,3.27,7.49,3.27,USD,"Oct 09, 2020","Oct 09, 2020"
TAMPA ELECTRIC COMPANY,Corporates,Fixed Income,"71,380.87",0.25,"71,380.87","70,000.00",875127BH4,US875127BH45,-,101.27,United States,-,USD,8.12,2.25,1.0,"Mar 15, 2031",2.4,8.17,-,2.24,7.97,2.24,USD,"Mar 18, 2021","Mar 18, 2021"
QUEST DIAGNOSTICS INCORPORATED,Corporates,Fixed Income,"71,339.33",0.25,"71,339.33","69,000.00",74834LBC3,US74834LBC37,-,103.37,United States,-,USD,8.28,2.4,1.0,"Jun 30, 2031",2.8,8.33,-,2.39,8.14,2.39,USD,"May 13, 2020","May 13, 2020"
KROGER CO. (THE),Corporates,Fixed Income,"70,983.50",0.25,"70,983.50","50,000.00",501044BZ3,US501044BZ37,2758459,140.09,United States,-,USD,7.09,2.6,1.0,"Apr 01, 2031",7.5,7.07,-,2.6,7.07,2.6,USD,"May 11, 2001","May 11, 2001"
VENTAS REALTY LP,Corporates,Fixed Income,"70,025.71",0.24,"70,025.71","70,000.00",92277GAW7,US92277GAW78,BLDBLQ9,99.13,United States,-,USD,8.44,2.6,1.0,"Sep 01, 2031",2.5,8.45,-,2.6,8.45,2.6,USD,"Aug 20, 2021","Aug 20, 2021"
ALLY FINANCIAL INC,Corporates,Fixed Income,"69,890.67",0.24,"69,890.67","50,000.00",370425RZ5,US370425RZ53,7260799,138.45,United States,-,USD,7.32,3.37,1.0,"Nov 01, 2031",8.0,7.27,-,3.37,7.27,3.37,USD,"Nov 02, 2001","Nov 02, 2001"
VONTIER CORP 144A,Corporates,Fixed Income,"69,441.75",0.24,"69,441.75","70,000.00",928881AE1,US928881AE18,-,98.47,United States,-,USD,7.96,3.14,1.0,"Apr 01, 2031",2.95,7.97,-,3.14,7.97,3.14,USD,"Mar 10, 2021","Mar 10, 2021"
SAFEHOLD OPERATING PARTNERSHIP LP,Corporates,Fixed Income,"69,378.71",0.24,"69,378.71","70,000.00",78646UAA7,US78646UAA79,-,98.99,United States,-,USD,8.23,2.92,1.0,"Jun 15, 2031",2.8,8.24,-,2.92,8.24,2.92,USD,"May 07, 2021","May 07, 2021"
BANK OF NEW YORK MELLON CORP/THE MTN,Corporates,Fixed Income,"69,037.50",0.24,"69,037.50","70,000.00",06406RAW7,US06406RAW79,-,97.86,United States,-,USD,8.63,2.05,1.0,"Jul 28, 2031",1.8,8.67,-,2.05,8.67,2.05,USD,"Jul 27, 2021","Jul 27, 2021"
PUBLIC SERVICE COMPANY OF COLORADO,Corporates,Fixed Income,"68,380.43",0.24,"68,380.43","70,000.00",744448CV1,US744448CV12,-,97.6,United States,-,USD,8.49,2.16,1.0,"Jun 15, 2031",1.88,8.6,-,2.16,8.6,2.16,USD,"Mar 01, 2021","Mar 01, 2021"
GENERAL DYNAMICS CORPORATION,Corporates,Fixed Income,"68,210.02",0.24,"68,210.02","67,000.00",369550BP2,US369550BP29,-,101.61,United States,-,USD,8.39,2.06,1.0,"Jun 01, 2031",2.25,8.44,-,2.06,8.24,2.06,USD,"May 10, 2021","May 10, 2021"
TEXAS INSTRUMENTS INC,Corporates,Fixed Income,"67,593.36",0.24,"67,593.36","68,000.00",882508BL7,US882508BL77,-,98.83,United States,-,USD,8.72,2.03,1.0,"Sep 15, 2031",1.9,8.76,-,2.03,8.76,2.03,USD,"Sep 15, 2021","Sep 15, 2021"
PUBLIC STORAGE,Corporates,Fixed Income,"67,524.95",0.24,"67,524.95","67,000.00",74460DAJ8,US74460DAJ81,-,100.45,United States,-,USD,8.74,2.2,1.0,"Nov 09, 2031",2.25,8.77,-,2.2,8.57,2.2,USD,"Nov 09, 2021","Nov 09, 2021"
ATMOS ENERGY CORPORATION,Corporates,Fixed Income,"67,097.13",0.23,"67,097.13","71,000.00",049560AT2,US049560AT22,-,93.8,United States,-,USD,8.28,2.26,1.0,"Jan 15, 2031",1.5,8.31,-,2.26,8.31,2.26,USD,"Oct 01, 2020","Oct 01, 2020"
TOYOTA MOTOR CREDIT CORP MTN,Corporates,Fixed Income,"66,969.50",0.23,"66,969.50","68,000.00",89236TJQ9,US89236TJQ94,-,97.9,United States,-,USD,8.77,2.14,1.0,"Sep 12, 2031",1.9,8.75,-,2.14,8.75,2.14,USD,"Sep 13, 2021","Sep 13, 2021"
DTE ELECTRIC COMPANY,Corporates,Fixed Income,"66,732.80",0.23,"66,732.80","64,000.00",23338VAM8,US23338VAM81,-,103.4,United States,-,USD,8.0,2.21,1.0,"Mar 01, 2031",2.63,8.07,-,2.2,7.87,2.2,USD,"Apr 06, 2020","Apr 06, 2020"
ATHENE HOLDING LTD,Corporates,Fixed Income,"65,447.10",0.23,"65,447.10","61,000.00",04686JAC5,US04686JAC53,BNG1LR1,105.66,United States,-,USD,7.58,2.79,1.0,"Jan 15, 2031",3.5,7.64,-,2.77,7.46,2.77,USD,"Oct 08, 2020","Oct 08, 2020"
KIMBERLY-CLARK CORPORATION,Corporates,Fixed Income,"65,103.28",0.23,"65,103.28","65,000.00",494368CD3,US494368CD38,-,99.82,United States,-,USD,8.82,2.02,1.0,"Nov 02, 2031",2.0,8.86,-,2.02,8.86,2.02,USD,"Nov 02, 2021","Nov 02, 2021"
HELMERICH AND PAYNE INC 144A,Corporates,Fixed Income,"64,728.44",0.23,"64,728.44","65,000.00",423452AE1,US423452AE19,-,98.83,United States,-,USD,8.36,3.04,1.0,"Sep 29, 2031",2.9,8.36,-,3.04,8.36,3.04,USD,"Sep 29, 2021","Sep 29, 2021"
INTERPUBLIC GROUP OF COMPANIES INC,Corporates,Fixed Income,"64,601.81",0.23,"64,601.81","64,000.00",460690BT6,US460690BT64,-,100.13,United States,-,USD,8.08,2.38,1.0,"Mar 01, 2031",2.4,8.12,-,2.38,8.12,2.38,USD,"Feb 25, 2021","Feb 25, 2021"
LABORATORY CORPORATION OF AMERICA,Corporates,Fixed Income,"64,446.48",0.23,"64,446.48","63,000.00",50540RAY8,US50540RAY80,-,102.06,United States,-,USD,8.23,2.45,1.0,"Jun 01, 2031",2.7,8.27,-,2.45,8.07,2.45,USD,"May 26, 2021","May 26, 2021"
REPUBLIC SERVICES INC,Corporates,Fixed Income,"63,754.61",0.22,"63,754.61","68,000.00",760759AX8,US760759AX86,-,93.21,United States,-,USD,8.4,2.28,1.0,"Feb 15, 2031",1.45,8.41,-,2.28,8.41,2.28,USD,"Aug 20, 2020","Aug 20, 2020"
ILLUMINA INC,Corporates,Fixed Income,"63,631.46",0.22,"63,631.46","63,000.00",452327AM1,US452327AM11,-,100.29,United States,-,USD,8.08,2.51,1.0,"Mar 23, 2031",2.55,8.12,-,2.51,7.93,2.51,USD,"Mar 23, 2021","Mar 23, 2021"
YAMANA GOLD INC 144A,Corporates,Fixed Income,"63,563.70",0.22,"63,563.70","65,000.00",98462YAE0,US98462YAE05,-,96.73,Canada,-,USD,8.33,3.02,1.0,"Aug 15, 2031",2.63,8.32,-,3.02,8.32,3.02,USD,"Aug 06, 2021","Aug 06, 2021"
UNITED AIR 2019-1 AA PTT,Corporates,Fixed Income,"62,960.80",0.22,"62,960.80","57,362.00",90931CAA6,US90931CAA62,-,108.31,United States,-,USD,5.96,2.8,1.0,"Aug 25, 2031",4.15,5.94,-,2.8,5.94,2.8,USD,"Feb 11, 2019","Feb 11, 2019"
ASTRAZENECA FINANCE LLC,Corporates,Fixed Income,"62,874.36",0.22,"62,874.36","62,000.00",04636NAB9,US04636NAB91,BMW1GS4,101.2,United Kingdom,-,USD,8.38,2.11,1.0,"May 28, 2031",2.25,8.43,-,2.11,8.23,2.11,USD,"May 28, 2021","May 28, 2021"
BOARDWALK PIPELINES LP,Corporates,Fixed Income,"62,828.00",0.22,"62,828.00","60,000.00",096630AH1,US096630AH15,-,103.41,United States,-,USD,7.7,2.97,1.0,"Feb 15, 2031",3.4,7.73,-,2.96,7.55,2.96,USD,"Aug 11, 2020","Aug 11, 2020"
ROSS STORES INC,Corporates,Fixed Income,"62,690.06",0.22,"62,690.06","65,000.00",778296AG8,US778296AG89,-,96.04,United States,-,USD,8.39,2.35,1.0,"Apr 15, 2031",1.88,8.42,-,2.35,8.42,2.35,USD,"Oct 21, 2020","Oct 21, 2020"
MASTERCARD INC,Corporates,Fixed Income,"62,382.82",0.22,"62,382.82","62,000.00",57636QAS3,US57636QAS30,-,100.06,United States,-,USD,8.3,1.89,1.0,"Mar 15, 2031",1.9,8.36,-,1.89,8.36,1.89,USD,"Mar 04, 2021","Mar 04, 2021"
COCA-COLA CO,Corporates,Fixed Income,"62,277.42",0.22,"62,277.42","62,000.00",191216DK3,US191216DK34,-,99.8,United States,-,USD,8.31,2.02,1.0,"Mar 05, 2031",2.0,8.29,-,2.02,8.29,2.02,USD,"Mar 05, 2021","Mar 05, 2021"
PHYSICIANS REALTY LP,Corporates,Fixed Income,"62,255.03",0.22,"62,255.03","62,000.00",71951QAC6,US71951QAC69,-,99.83,United States,-,USD,8.56,2.64,1.0,"Nov 01, 2031",2.63,8.57,-,2.64,8.57,2.64,USD,"Oct 13, 2021","Oct 13, 2021"
NATIONAL RURAL UTILITIES COOPERATI,Corporates,Fixed Income,"61,568.22",0.22,"61,568.22","65,000.00",637432NX9,US637432NX94,BKP9G03,94.65,United States,-,USD,8.65,2.28,1.0,"Jun 15, 2031",1.65,8.66,-,2.28,8.66,2.28,USD,"Feb 08, 2021","Feb 08, 2021"
HUNTSMAN INTERNATIONAL LLC,Corporates,Fixed Income,"61,173.07",0.21,"61,173.07","60,000.00",44701QBF8,US44701QBF81,-,101.82,United States,-,USD,8.18,2.73,1.0,"Jun 15, 2031",2.95,8.21,-,2.73,8.02,2.73,USD,"May 26, 2021","May 26, 2021"
FAIRFAX FINANCIAL HOLDINGS LTD,Corporates,Fixed Income,"60,459.35",0.21,"60,459.35","58,000.00",303901BJ0,US303901BJ06,-,103.13,Canada,-,USD,7.75,2.98,1.0,"Mar 03, 2031",3.38,7.79,-,2.97,7.6,2.97,USD,"Sep 03, 2021","Nov 05, 2021"
ESSEX PORTFOLIO LP,Corporates,Fixed Income,"60,345.80",0.21,"60,345.80","60,000.00",29717PAZ0,US29717PAZ09,-,100.46,United States,-,USD,8.32,2.49,1.0,"Jun 15, 2031",2.55,8.35,-,2.49,8.15,2.49,USD,"Jun 01, 2021","Jun 01, 2021"
SYSCO CORPORATION,Corporates,Fixed Income,"59,368.93",0.21,"59,368.93","59,000.00",871829BQ9,US871829BQ93,-,100.5,United States,-,USD,8.76,2.39,1.0,"Dec 14, 2031",2.45,8.78,-,2.39,8.58,2.39,USD,"Dec 14, 2021","Dec 14, 2021"
STEWART INFORMATION SERVICES CORPO,Corporates,Fixed Income,"59,062.56",0.21,"59,062.56","58,000.00",86038AAA0,US86038AAA07,-,101.44,United States,-,USD,8.25,3.43,1.0,"Nov 15, 2031",3.6,8.24,-,3.42,8.06,3.42,USD,"Nov 24, 2021","Nov 24, 2021"
MOODYS CORPORATION,Corporates,Fixed Income,"58,955.07",0.21,"58,955.07","60,000.00",615369AW5,US615369AW51,-,97.51,United States,-,USD,8.61,2.29,1.0,"Aug 19, 2031",2.0,8.63,-,2.29,8.63,2.29,USD,"Aug 19, 2021","Aug 19, 2021"
MONDELEZ INTERNATIONAL INC,Corporates,Fixed Income,"58,503.51",0.2,"58,503.51","62,000.00",609207AX3,US609207AX34,-,93.75,United States,-,USD,8.34,2.26,1.0,"Feb 04, 2031",1.5,8.36,-,2.26,8.36,2.26,USD,"Sep 04, 2020","Sep 04, 2020"
SYNNEX CORP 144A,Corporates,Fixed Income,"58,453.20",0.2,"58,453.20","60,000.00",87162WAJ9,US87162WAJ99,-,96.36,United States,-,USD,8.32,3.09,1.0,"Aug 09, 2031",2.65,8.3,-,3.09,8.3,3.09,USD,"Aug 09, 2021","Aug 09, 2021"
CGI INC 144A,Corporates,Fixed Income,"58,242.37",0.2,"58,242.37","60,000.00",12532HAD6,US12532HAD61,-,96.39,Canada,-,USD,8.56,2.73,1.0,"Sep 14, 2031",2.3,8.55,-,2.73,8.55,2.73,USD,"Sep 14, 2021","Sep 14, 2021"
LEXINGTON REALTY TRUST,Corporates,Fixed Income,"58,112.68",0.2,"58,112.68","60,000.00",529537AA0,US529537AA08,-,96.04,United States,-,USD,8.55,2.84,1.0,"Oct 01, 2031",2.38,8.54,-,2.84,8.54,2.84,USD,"Aug 30, 2021","Aug 30, 2021"
PUBLIC SERVICE ENTERPRISE GROUP IN,Corporates,Fixed Income,"57,843.80",0.2,"57,843.80","58,000.00",744573AU0,US744573AU04,-,99.37,United States,-,USD,8.67,2.52,1.0,"Nov 15, 2031",2.45,8.68,-,2.52,8.68,2.52,USD,"Nov 08, 2021","Nov 08, 2021"
XYLEM INC (INDIANA),Corporates,Fixed Income,"57,070.82",0.2,"57,070.82","57,000.00",98419MAL4,US98419MAL46,BKSGH20,99.17,United States,-,USD,8.04,2.35,1.0,"Jan 30, 2031",2.25,8.09,-,2.35,8.09,2.35,USD,"Jun 26, 2020","Jun 26, 2020"
CHURCH & DWIGHT CO INC,Corporates,Fixed Income,"56,599.73",0.2,"56,599.73","56,000.00",17136MAA0,US17136MAA09,-,100.92,United States,-,USD,8.81,2.2,1.0,"Dec 15, 2031",2.3,8.85,-,2.19,8.65,2.19,USD,"Dec 10, 2021","Dec 10, 2021"
HOME DEPOT INC,Corporates,Fixed Income,"56,476.88",0.2,"56,476.88","57,000.00",437076CJ9,US437076CJ91,-,98.55,United States,-,USD,8.74,2.04,1.0,"Sep 15, 2031",1.88,8.78,-,2.04,8.78,2.04,USD,"Sep 21, 2021","Sep 21, 2021"
RAYONIER LP,Corporates,Fixed Income,"56,073.58",0.2,"56,073.58","56,000.00",75508XAA4,US75508XAA46,-,99.78,United States,-,USD,8.17,2.78,1.0,"May 17, 2031",2.75,8.19,-,2.78,8.19,2.78,USD,"May 17, 2021","May 17, 2021"
IDEX CORPORATION,Corporates,Fixed Income,"55,679.39",0.19,"55,679.39","55,000.00",45167RAH7,US45167RAH75,-,101.1,United States,-,USD,8.3,2.49,1.0,"Jun 15, 2031",2.63,8.33,-,2.49,8.13,2.49,USD,"May 28, 2021","May 28, 2021"
SIMON PROPERTY GROUP LP,Corporates,Fixed Income,"55,471.17",0.19,"55,471.17","56,000.00",828807DM6,US828807DM67,-,98.14,United States,-,USD,8.07,2.43,1.0,"Feb 01, 2031",2.2,8.1,-,2.43,8.1,2.43,USD,"Jan 21, 2021","Jan 21, 2021"
WHIRLPOOL CORPORATION,Corporates,Fixed Income,"55,431.01",0.19,"55,431.01","55,000.00",963320AY2,US963320AY28,-,100.48,United States,-,USD,8.28,2.34,1.0,"May 15, 2031",2.4,8.33,-,2.34,8.13,2.34,USD,"Apr 29, 2021","Apr 29, 2021"
VALERO ENERGY CORPORATION,Corporates,Fixed Income,"55,043.39",0.19,"55,043.39","55,000.00",91913YBC3,US91913YBC30,-,99.83,United States,-,USD,8.58,2.82,1.0,"Dec 01, 2031",2.8,8.58,-,2.82,8.58,2.82,USD,"Nov 29, 2021","Nov 29, 2021"
AUTONATION INC,Corporates,Fixed Income,"54,850.13",0.19,"54,850.13","56,000.00",05329WAS1,US05329WAS17,-,96.92,United States,-,USD,8.39,2.77,1.0,"Aug 01, 2031",2.4,8.39,-,2.77,8.39,2.77,USD,"Jul 29, 2021","Jul 29, 2021"
PROLOGIS LP,Corporates,Fixed Income,"54,714.01",0.19,"54,714.01","57,000.00",74340XBS9,US74340XBS99,-,95.5,United States,-,USD,8.4,2.17,1.0,"Mar 15, 2031",1.63,8.44,-,2.17,8.44,2.17,USD,"Feb 19, 2021","Feb 19, 2021"
FLOWERS FOODS INC,Corporates,Fixed Income,"54,672.57",0.19,"54,672.57","55,000.00",343498AC5,US343498AC58,-,98.7,United States,-,USD,8.11,2.56,1.0,"Mar 15, 2031",2.4,8.14,-,2.56,8.14,2.56,USD,"Mar 09, 2021","Mar 09, 2021"
EMERA US FINANCE LP,Corporates,Fixed Income,"54,637.16",0.19,"54,637.16","55,000.00",29103DAT3,US29103DAT37,-,99.22,United States,-,USD,8.29,2.73,1.0,"Jun 15, 2031",2.64,8.3,-,2.73,8.3,2.73,USD,"Jun 04, 2021","Nov 26, 2021"
APPALACHIAN POWER CO,Corporates,Fixed Income,"54,573.57",0.19,"54,573.57","53,000.00",037735CZ8,US037735CZ84,-,102.29,United States,-,USD,8.06,2.42,1.0,"Apr 01, 2031",2.7,8.11,-,2.41,7.92,2.41,USD,"Mar 11, 2021","Mar 11, 2021"
ENSTAR GROUP LTD,Corporates,Fixed Income,"54,534.06",0.19,"54,534.06","55,000.00",29359UAC3,US29359UAC36,-,98.04,United States,-,USD,8.15,3.34,1.0,"Sep 01, 2031",3.1,8.18,-,3.34,8.18,3.34,USD,"Aug 24, 2021","Aug 24, 2021"
BRUNSWICK CORPORATION,Corporates,Fixed Income,"52,557.48",0.18,"52,557.48","54,000.00",117043AT6,US117043AT65,-,96.44,United States,-,USD,8.44,2.82,1.0,"Aug 18, 2031",2.4,8.44,-,2.82,8.44,2.82,USD,"Aug 18, 2021","Aug 18, 2021"
GATX CORPORATION,Corporates,Fixed Income,"52,428.14",0.18,"52,428.14","55,000.00",361448BG7,US361448BG72,-,95.16,United States,-,USD,8.51,2.48,1.0,"Jun 01, 2031",1.9,8.52,-,2.48,8.52,2.48,USD,"Feb 03, 2021","Feb 03, 2021"
ASSURED GUARANTY US HOLDINGS INC,Corporates,Fixed Income,"52,362.00",0.18,"52,362.00","50,000.00",04621WAD2,US04621WAD20,-,104.58,United States,-,USD,8.12,2.6,1.0,"Jun 15, 2031",3.15,8.17,-,2.59,7.98,2.59,USD,"May 26, 2021","May 26, 2021"
NEWMARKET CORP,Corporates,Fixed Income,"52,309.14",0.18,"52,309.14","52,000.00",651587AG2,US651587AG29,-,99.81,United States,-,USD,8.01,2.72,1.0,"Mar 18, 2031",2.7,8.05,-,2.72,8.05,2.72,USD,"Mar 18, 2021","Mar 18, 2021"
AMERICAN ASSETS TRUST LP,Corporates,Fixed Income,"52,011.12",0.18,"52,011.12","50,000.00",02401LAA2,US02401LAA26,-,102.62,United States,-,USD,7.67,3.04,1.0,"Feb 01, 2031",3.38,7.69,-,3.04,7.51,3.04,USD,"Jan 26, 2021","Jan 26, 2021"
TEXTRON INC,Corporates,Fixed Income,"51,884.24",0.18,"51,884.24","52,000.00",883203CC3,US883203CC32,-,99.06,United States,-,USD,8.1,2.57,1.0,"Mar 15, 2031",2.45,8.13,-,2.57,8.13,2.57,USD,"Aug 05, 2020","Aug 05, 2020"
FORTINET INC,Corporates,Fixed Income,"51,284.88",0.18,"51,284.88","52,000.00",34959EAB5,US34959EAB56,BMHWKD5,97.98,United States,-,USD,8.19,2.45,1.0,"Mar 15, 2031",2.2,8.22,-,2.45,8.22,2.45,USD,"Mar 05, 2021","Mar 05, 2021"
EPR PROPERTIES,Corporates,Fixed Income,"51,134.13",0.18,"51,134.13","51,000.00",26884UAG4,US26884UAG40,-,99.6,United States,-,USD,8.22,3.65,1.0,"Nov 15, 2031",3.6,8.19,-,3.65,8.19,3.65,USD,"Oct 27, 2021","Oct 27, 2021"
NATIONAL FUEL GAS COMPANY,Corporates,Fixed Income,"50,783.17",0.18,"50,783.17","50,000.00",636180BR1,US636180BR19,-,100.58,United States,-,USD,7.89,2.88,1.0,"Mar 01, 2031",2.95,7.91,-,2.88,7.72,2.88,USD,"Feb 24, 2021","Feb 24, 2021"
HIGHWOODS REALTY LP,Corporates,Fixed Income,"50,386.89",0.18,"50,386.89","50,000.00",431282AT9,US431282AT94,-,99.68,United States,-,USD,7.93,2.64,1.0,"Feb 01, 2031",2.6,7.95,-,2.64,7.95,2.64,USD,"Aug 13, 2020","Aug 13, 2020"
KOHLS CORP,Corporates,Fixed Income,"50,221.82",0.18,"50,221.82","49,000.00",500255AX2,US500255AX28,-,101.93,United States,-,USD,7.91,3.13,1.0,"May 01, 2031",3.38,7.93,-,3.13,7.75,3.13,USD,"Mar 31, 2021","Mar 31, 2021"
GXO LOGISTICS INC 144A,Corporates,Fixed Income,"50,050.32",0.17,"50,050.32","50,000.00",36262GAC5,US36262GAC50,-,98.78,United States,-,USD,8.25,2.8,1.0,"Jul 15, 2031",2.65,8.26,-,2.8,8.26,2.8,USD,"Jul 02, 2021","Jul 02, 2021"
JACKSON FINANCIAL INC 144A,Corporates,Fixed Income,"49,654.57",0.17,"49,654.57","49,000.00",46817MAK3,US46817MAK36,-,101.01,United States,-,USD,8.44,3.01,1.0,"Nov 23, 2031",3.13,8.44,-,3.0,8.26,3.0,USD,"Nov 23, 2021","Nov 23, 2021"
FIRST AMERICAN FINANCIAL CORP,Corporates,Fixed Income,"49,500.83",0.17,"49,500.83","50,000.00",31847RAH5,US31847RAH57,-,98.02,United States,-,USD,8.43,2.63,1.0,"Aug 15, 2031",2.4,8.44,-,2.63,8.44,2.63,USD,"Aug 03, 2021","Aug 03, 2021"
BRIXMOR OPERATING PARTNERSHIP LP,Corporates,Fixed Income,"49,467.25",0.17,"49,467.25","50,000.00",11120VAL7,US11120VAL71,-,98.0,United States,-,USD,8.4,2.74,1.0,"Aug 16, 2031",2.5,8.41,-,2.74,8.41,2.74,USD,"Aug 16, 2021","Aug 16, 2021"
AMERICAN HONDA FINANCE CORPORATION MTN,Corporates,Fixed Income,"49,324.00",0.17,"49,324.00","50,000.00",02665WDT5,US02665WDT53,-,97.8,United States,-,USD,8.23,2.07,1.0,"Jan 13, 2031",1.8,8.21,-,2.07,8.21,2.07,USD,"Jan 13, 2021","Jan 13, 2021"
WISCONSIN POWER AND LIGHT COMPANY,Corporates,Fixed Income,"49,240.38",0.17,"49,240.38","50,000.00",976826BP1,US976826BP11,-,97.91,United States,-,USD,8.71,2.19,1.0,"Sep 16, 2031",1.95,8.73,-,2.19,8.73,2.19,USD,"Sep 16, 2021","Sep 16, 2021"
ESSENTIAL PROPERTIES LP,Corporates,Fixed Income,"49,149.93",0.17,"49,149.93","49,000.00",29670VAA7,US29670VAA70,-,98.79,United States,-,USD,8.13,3.1,1.0,"Jul 15, 2031",2.95,8.12,-,3.1,8.12,3.1,USD,"Jun 28, 2021","Jun 28, 2021"
KIMCO REALTY CORPORATION,Corporates,Fixed Income,"49,105.62",0.17,"49,105.62","50,000.00",49446RAY5,US49446RAY53,-,97.58,United States,-,USD,8.75,2.53,1.0,"Dec 01, 2031",2.25,8.76,-,2.53,8.76,2.53,USD,"Sep 22, 2021","Sep 22, 2021"
OFFICE PROPERTIES INCOME TRUST,Corporates,Fixed Income,"49,063.62",0.17,"49,063.62","50,000.00",67623CAF6,US67623CAF68,-,97.24,United States,-,USD,8.18,3.79,1.0,"Oct 15, 2031",3.45,8.14,-,3.79,8.14,3.79,USD,"Sep 28, 2021","Sep 28, 2021"
JOHNSON CONTROLS INTERNATIONAL PLC,Corporates,Fixed Income,"48,613.67",0.17,"48,613.67","50,000.00",47837RAD2,US47837RAD26,-,96.64,United States,-,USD,8.68,2.39,1.0,"Sep 16, 2031",2.0,8.7,-,2.39,8.7,2.39,USD,"Sep 16, 2021","Sep 16, 2021"
MCCORMICK & COMPANY INCORPORATED,Corporates,Fixed Income,"48,239.58",0.17,"48,239.58","50,000.00",579780AS6,US579780AS64,-,95.77,United States,-,USD,8.24,2.37,1.0,"Feb 15, 2031",1.85,8.26,-,2.37,8.26,2.37,USD,"Feb 11, 2021","Feb 11, 2021"
SPIRIT REALTY LP,Corporates,Fixed Income,"48,234.17",0.17,"48,234.17","46,000.00",84861TAG3,US84861TAG31,-,103.65,United States,-,USD,7.77,2.74,1.0,"Feb 15, 2031",3.2,7.81,-,2.73,7.62,2.73,USD,"Aug 06, 2020","Aug 06, 2020"
ROYALTY PHARMA PLC,Corporates,Fixed Income,"48,215.85",0.17,"48,215.85","50,000.00",78081BAN3,US78081BAN38,-,95.51,United States,-,USD,8.56,2.68,1.0,"Sep 02, 2031",2.15,8.56,-,2.68,8.56,2.68,USD,"Jul 26, 2021","Jul 26, 2021"
MID-AMERICA APARTMENTS LP,Corporates,Fixed Income,"48,084.11",0.17,"48,084.11","50,000.00",59523UAS6,US59523UAS69,BMD7K34,95.53,United States,-,USD,8.3,2.25,1.0,"Feb 15, 2031",1.7,8.32,-,2.25,8.32,2.25,USD,"Aug 12, 2020","Aug 12, 2020"
KROGER CO,Corporates,Fixed Income,"47,944.44",0.17,"47,944.44","50,000.00",501044DQ1,US501044DQ10,-,95.11,United States,-,USD,8.2,2.3,1.0,"Jan 15, 2031",1.7,8.23,-,2.3,8.23,2.3,USD,"Jan 12, 2021","Jan 12, 2021"
AMERICAN CAMPUS COMMUNITIES OPERAT,Corporates,Fixed Income,"47,206.15",0.16,"47,206.15","42,000.00",024836AG3,US024836AG36,-,110.78,United States,-,USD,7.53,2.54,1.0,"Jan 30, 2031",3.88,7.62,-,2.51,7.44,2.51,USD,"Jun 11, 2020","Jun 11, 2020"
CORPORATE OFFICE PROPERTIES LP,Corporates,Fixed Income,"47,082.51",0.16,"47,082.51","47,000.00",22003BAM8,US22003BAM81,-,99.59,United States,-,USD,8.07,2.8,1.0,"Apr 15, 2031",2.75,8.1,-,2.8,8.1,2.8,USD,"Mar 11, 2021","Mar 11, 2021"
BROADSTONE NET LEASE LLC,Corporates,Fixed Income,"46,248.00",0.16,"46,248.00","47,000.00",11135EAA2,US11135EAA29,-,97.62,United States,-,USD,8.44,2.88,1.0,"Sep 15, 2031",2.6,8.44,-,2.88,8.44,2.88,USD,"Sep 15, 2021","Sep 15, 2021"
STORE CAPITAL CORP,Corporates,Fixed Income,"46,233.90",0.16,"46,233.90","47,000.00",862121AD2,US862121AD28,-,98.03,United States,-,USD,8.6,2.93,1.0,"Dec 01, 2031",2.7,8.6,-,2.93,8.6,2.93,USD,"Nov 17, 2021","Nov 17, 2021"
MEADWESTVACO CORP,Corporates,Fixed Income,"44,588.95",0.16,"44,588.95","31,000.00",961548AY0,US961548AY02,2721699,140.83,United States,-,USD,6.89,2.84,1.0,"Feb 15, 2031",7.95,6.85,-,2.84,6.85,2.84,USD,"Feb 06, 2001","Feb 06, 2001"
CEDARS-SINAI HEALTH SYSTEM,Corporates,Fixed Income,"44,098.73",0.15,"44,098.73","44,000.00",15073LAA1,US15073LAA17,-,100.02,United States,-,USD,8.47,2.29,1.0,"Aug 15, 2031",2.29,8.58,-,2.29,8.18,2.29,USD,"Dec 01, 2021","Dec 01, 2021"
BAXTER INTERNATIONAL INC,Corporates,Fixed Income,"43,272.22",0.15,"43,272.22","45,000.00",071813CB3,US071813CB37,-,95.73,United States,-,USD,8.41,2.24,1.0,"Apr 01, 2031",1.73,8.44,-,2.24,8.44,2.24,USD,"Apr 01, 2021","May 11, 2021"
AON CORP,Corporates,Fixed Income,"43,161.75",0.15,"43,161.75","44,000.00",03740LAA0,US03740LAA08,-,97.37,United States,-,USD,8.6,2.36,1.0,"Aug 23, 2031",2.05,8.62,-,2.36,8.62,2.36,USD,"Aug 23, 2021","Aug 23, 2021"
ESSENTIAL UTILITIES INC,Corporates,Fixed Income,"42,941.95",0.15,"42,941.95","43,000.00",29670GAF9,US29670GAF90,-,99.47,United States,-,USD,8.24,2.46,1.0,"May 01, 2031",2.4,8.28,-,2.46,8.28,2.46,USD,"Apr 19, 2021","Apr 19, 2021"
ARTHUR J GALLAGHER & CO,Corporates,Fixed Income,"42,602.97",0.15,"42,602.97","43,000.00",04316JAA7,US04316JAA79,-,98.73,United States,-,USD,8.67,2.55,1.0,"Nov 09, 2031",2.4,8.69,-,2.55,8.69,2.55,USD,"Nov 09, 2021","Nov 09, 2021"
GENERAL MILLS INC,Corporates,Fixed Income,"41,796.83",0.15,"41,796.83","42,000.00",370334CQ5,US370334CQ51,-,99.03,United States,-,USD,8.66,2.36,1.0,"Oct 14, 2031",2.25,8.69,-,2.36,8.69,2.36,USD,"Oct 14, 2021","Oct 14, 2021"
VORNADO REALTY LP,Corporates,Fixed Income,"41,400.13",0.14,"41,400.13","40,000.00",929043AL1,US929043AL12,-,103.22,United States,-,USD,8.0,3.0,1.0,"Jun 01, 2031",3.4,8.02,-,3.0,7.83,3.0,USD,"May 24, 2021","May 24, 2021"
DUKE ENERGY CAROLINAS LLC,Corporates,Fixed Income,"41,244.13",0.14,"41,244.13","40,000.00",26442CBB9,US26442CBB90,-,102.57,United States,-,USD,8.15,2.24,1.0,"Apr 15, 2031",2.55,8.21,-,2.23,8.01,2.23,USD,"Apr 01, 2021","Apr 01, 2021"
AON CORP,Corporates,Fixed Income,"40,820.18",0.14,"40,820.18","40,000.00",03740LAC6,US03740LAC63,-,101.84,United States,-,USD,8.67,2.39,1.0,"Dec 02, 2031",2.6,8.7,-,2.39,8.5,2.39,USD,"Dec 02, 2021","Dec 02, 2021"
CENTERPOINT ENERGY INC,Corporates,Fixed Income,"40,621.42",0.14,"40,621.42","40,000.00",15189TBB2,US15189TBB26,-,101.32,United States,-,USD,8.25,2.49,1.0,"Jun 01, 2031",2.65,8.28,-,2.49,8.09,2.49,USD,"May 13, 2021","May 13, 2021"
ATLANTIC CITY ELECTRIC CO,Corporates,Fixed Income,"40,574.00",0.14,"40,574.00","40,000.00",048303CJ8,US048303CJ83,-,100.75,United States,-,USD,8.15,2.21,1.0,"Mar 15, 2031",2.3,8.21,-,2.21,8.0,2.21,USD,"Mar 10, 2021","Mar 10, 2021"
SKYWORKS SOLUTIONS INC.,Corporates,Fixed Income,"40,378.00",0.14,"40,378.00","40,000.00",83088MAL6,US83088MAL63,-,100.69,United States,-,USD,8.12,2.91,1.0,"Jun 01, 2031",3.0,8.14,-,2.91,7.95,2.91,USD,"May 26, 2021","May 26, 2021"
CONNECTICUT LIGHT AND POWER COMPAN,Corporates,Fixed Income,"40,008.40",0.14,"40,008.40","40,000.00",207597EN1,US207597EN17,-,99.0,United States,-,USD,8.46,2.17,1.0,"Jul 01, 2031",2.05,8.5,-,2.17,8.5,2.17,USD,"Jun 30, 2021","Jun 30, 2021"
EXTRA SPACE STORAGE LP,Corporates,Fixed Income,"39,902.60",0.14,"39,902.60","40,000.00",30225VAF4,US30225VAF40,-,99.54,United States,-,USD,8.28,2.6,1.0,"Jun 01, 2031",2.55,8.3,-,2.6,8.3,2.6,USD,"May 11, 2021","May 11, 2021"
AVNET INC,Corporates,Fixed Income,"39,790.53",0.14,"39,790.53","40,000.00",053807AU7,US053807AU73,-,99.09,United States,-,USD,8.07,3.11,1.0,"May 15, 2031",3.0,8.08,-,3.11,8.08,3.11,USD,"May 06, 2021","May 06, 2021"
ESTEE LAUDER COMPANIES INC. (THE),Corporates,Fixed Income,"39,739.27",0.14,"39,739.27","40,000.00",29736RAR1,US29736RAR12,-,98.77,United States,-,USD,8.28,2.1,1.0,"Mar 15, 2031",1.95,8.33,-,2.1,8.33,2.1,USD,"Mar 04, 2021","Mar 04, 2021"
NATIONAL HEALTH INVESTORS INC.,Corporates,Fixed Income,"39,175.20",0.14,"39,175.20","40,000.00",63633DAF1,US63633DAF15,-,96.69,United States,-,USD,7.78,3.43,1.0,"Feb 01, 2031",3.0,7.76,-,3.43,7.76,3.43,USD,"Jan 26, 2021","Jan 26, 2021"
TANGER PROPERTIES LP,Corporates,Fixed Income,"39,162.83",0.14,"39,162.83","40,000.00",875484AL1,US875484AL13,-,96.83,United States,-,USD,8.33,3.13,1.0,"Sep 01, 2031",2.75,8.31,-,3.13,8.31,3.13,USD,"Aug 10, 2021","Aug 10, 2021"
GEORGIA-PACIFIC CORPORATION,Corporates,Fixed Income,"39,052.01",0.14,"39,052.01","25,000.00",373298BU1,US373298BU13,2755159,155.07,United States,-,USD,7.04,2.31,1.0,"May 15, 2031",8.88,7.03,-,2.31,7.03,2.31,USD,"May 08, 2001","May 08, 2001"
WESTERN UNION CO/THE,Corporates,Fixed Income,"39,016.77",0.14,"39,016.77","39,000.00",959802BA6,US959802BA61,-,99.22,United States,-,USD,7.99,2.85,1.0,"Mar 15, 2031",2.75,8.01,-,2.85,8.01,2.85,USD,"Mar 09, 2021","Mar 09, 2021"
NVENT FINANCE SARL,Corporates,Fixed Income,"38,998.66",0.14,"38,998.66","39,000.00",67078AAE3,US67078AAE38,-,99.69,United Kingdom,-,USD,8.56,2.79,1.0,"Nov 15, 2031",2.75,8.57,-,2.79,8.57,2.79,USD,"Nov 23, 2021","Nov 23, 2021"
SOUTHERN CALIFORNIA EDISON COMPANY,Corporates,Fixed Income,"38,348.97",0.13,"38,348.97","38,000.00",842400HD8,US842400HD82,-,100.71,United States,-,USD,8.3,2.42,1.0,"Jun 01, 2031",2.5,8.34,-,2.41,8.14,2.41,USD,"Jun 14, 2021","Jun 14, 2021"
CATERPILLAR INC,Corporates,Fixed Income,"37,026.58",0.13,"37,026.58","37,000.00",149123CK5,US149123CK50,-,99.49,United States,-,USD,8.28,1.96,1.0,"Mar 12, 2031",1.9,8.35,-,1.96,8.35,1.96,USD,"Mar 12, 2021","Mar 12, 2021"
PHILLIPS EDISON GROCERY CENTER OPE,Corporates,Fixed Income,"36,472.67",0.13,"36,472.67","37,000.00",71845JAA6,US71845JAA60,-,97.95,United States,-,USD,8.58,2.86,1.0,"Nov 15, 2031",2.63,8.57,-,2.86,8.57,2.86,USD,"Oct 06, 2021","Oct 06, 2021"
DOMINION ENERGY SOUTH CAROLINA INC,Corporates,Fixed Income,"36,423.52",0.13,"36,423.52","36,000.00",25731VAA2,US25731VAA26,-,100.97,United States,-,USD,8.78,2.19,1.0,"Dec 01, 2031",2.3,8.82,-,2.19,8.61,2.19,USD,"Nov 29, 2021","Nov 29, 2021"
MARSH & MCLENNAN COMPANIES INC,Corporates,Fixed Income,"35,459.53",0.12,"35,459.53","35,000.00",571748BP6,US571748BP64,-,101.15,United States,-,USD,8.78,2.25,1.0,"Dec 15, 2031",2.38,8.82,-,2.24,8.62,2.24,USD,"Dec 08, 2021","Dec 08, 2021"
PIEDMONT NATURAL GAS COMPANY INC,Corporates,Fixed Income,"35,229.99",0.12,"35,229.99","35,000.00",720186AN5,US720186AN51,-,99.92,United States,-,USD,8.08,2.51,1.0,"Mar 15, 2031",2.5,8.12,-,2.51,8.12,2.51,USD,"Mar 11, 2021","Mar 11, 2021"
MDC HOLDINGS INC,Corporates,Fixed Income,"34,380.73",0.12,"34,380.73","35,000.00",552676AU2,US552676AU23,-,97.06,United States,-,USD,7.83,2.87,1.0,"Jan 15, 2031",2.5,7.92,-,2.87,7.92,2.87,USD,"Jan 11, 2021","Jan 11, 2021"
BANNER HEALTH,Corporates,Fixed Income,"33,952.29",0.12,"33,952.29","35,000.00",06654DAD9,US06654DAD93,-,97.0,United States,-,USD,8.01,2.27,1.0,"Jan 01, 2031",1.9,8.13,-,2.27,8.13,2.27,USD,"Oct 29, 2020","Oct 29, 2020"
PEPSICO INC,Corporates,Fixed Income,"33,641.22",0.12,"33,641.22","35,000.00",713448FA1,US713448FA19,-,95.62,United States,-,USD,8.43,1.92,1.0,"Feb 25, 2031",1.4,8.48,-,1.92,8.48,1.92,USD,"Oct 07, 2020","Oct 07, 2020"
ORIX CORPORATION,Corporates,Fixed Income,"32,328.00",0.11,"32,328.00","32,000.00",686330AN1,US686330AN18,-,100.33,Japan,-,USD,8.23,2.21,1.0,"Mar 09, 2031",2.25,8.21,-,2.21,8.21,2.21,USD,"Mar 09, 2021","Mar 09, 2021"
KENNAMETAL INC,Corporates,Fixed Income,"32,206.83",0.11,"32,206.83","32,000.00",489170AF7,US489170AF77,BJP8K12,99.71,United States,-,USD,7.93,2.84,1.0,"Mar 01, 2031",2.8,7.96,-,2.84,7.96,2.84,USD,"Feb 23, 2021","Feb 23, 2021"
USD CASH,Cash and/or Derivatives,Cash,"31,587.18",0.11,"31,587.18","31,587.00",-,-,-,100.0,United States,-,USD,0.0,0.1,1.0,-,0.0,0.0,-,0.1,0.0,0.1,USD,-,"Jan 01, 1989"
NORFOLK SOUTHERN CORPORATION,Corporates,Fixed Income,"30,350.36",0.11,"30,350.36","30,000.00",655844CK2,US655844CK21,-,100.87,United States,-,USD,8.32,2.2,1.0,"May 15, 2031",2.3,8.37,-,2.19,8.17,2.19,USD,"May 12, 2021","May 12, 2021"
OCONEE CNTY GA INDL DEV AUTH,Corporates,Fixed Income,"29,507.02",0.1,"29,507.02","30,000.00",67555JAA4,US67555JAA43,-,98.04,United States,-,USD,8.17,2.75,1.0,"May 15, 2031",2.51,8.26,-,2.75,8.26,2.75,USD,"Jul 27, 2021","Jul 27, 2021"
ROCKWELL AUTOMATION INC,Corporates,Fixed Income,"29,484.12",0.1,"29,484.12","30,000.00",773903AL3,US773903AL39,-,97.63,United States,-,USD,8.7,2.02,1.0,"Aug 15, 2031",1.75,8.74,-,2.02,8.74,2.02,USD,"Aug 17, 2021","Aug 17, 2021"
ARIZONA PUBLIC SERVICE COMPANY,Corporates,Fixed Income,"29,201.93",0.1,"29,201.93","30,000.00",040555DD3,US040555DD31,-,97.24,United States,-,USD,8.85,2.51,1.0,"Dec 15, 2031",2.2,8.86,-,2.51,8.86,2.51,USD,"Aug 16, 2021","Aug 16, 2021"
HOST HOTELS & RESORTS LP,Corporates,Fixed Income,"29,113.23",0.1,"29,113.23","30,000.00",44107TBA3,US44107TBA34,-,96.74,United States,-,USD,8.55,3.29,1.0,"Dec 15, 2031",2.9,8.53,-,3.29,8.53,3.29,USD,"Nov 23, 2021","Nov 23, 2021"
OVINTIV INC,Corporates,Fixed Income,"28,939.02",0.1,"28,939.02","22,000.00",698900AG2,US698900AG20,B3CTX73,130.3,United States,-,USD,7.44,3.53,1.0,"Nov 01, 2031",7.2,7.38,-,3.53,7.38,3.53,USD,"Nov 05, 2001","Nov 05, 2001"
KINDER MORGAN INC,Corporates,Fixed Income,"28,882.37",0.1,"28,882.37","30,000.00",49456BAR2,US49456BAR24,-,95.52,United States,-,USD,8.18,2.55,1.0,"Feb 15, 2031",2.0,8.19,-,2.55,8.19,2.55,USD,"Aug 05, 2020","Aug 05, 2020"
BURLINGTON RESOURCES LLC,Corporates,Fixed Income,"28,831.33",0.1,"28,831.33","20,000.00",12201PAN6,US12201PAN69,2977953,143.54,United States,-,USD,7.59,2.43,1.0,"Dec 01, 2031",7.4,7.58,-,2.43,7.58,2.43,USD,"Jun 01, 2002","Jul 25, 2002"
CANADIAN PACIFIC RAILWAY COMPANY,Corporates,Fixed Income,"28,224.03",0.1,"28,224.03","20,000.00",13645RAD6,US13645RAD61,2812399,139.62,Canada,-,USD,7.5,2.53,1.0,"Oct 15, 2031",7.13,7.48,-,2.53,7.48,2.53,USD,"Oct 30, 2001","Oct 30, 2001"
CHOICE HOTELS INTERNATIONAL INC,Corporates,Fixed Income,"26,882.03",0.09,"26,882.03","25,000.00",169905AG1,US169905AG19,-,105.82,United States,-,USD,7.52,2.96,1.0,"Jan 15, 2031",3.7,7.57,-,2.94,7.39,2.94,USD,"Jul 23, 2020","Jul 23, 2020"
EVERSOURCE ENERGY,Corporates,Fixed Income,"26,347.36",0.09,"26,347.36","26,000.00",30040WAL2,US30040WAL28,-,100.57,United States,-,USD,8.06,2.48,1.0,"Mar 15, 2031",2.55,8.11,-,2.48,7.91,2.48,USD,"Mar 11, 2021","Mar 11, 2021"
WELLTOWER INC,Corporates,Fixed Income,"25,893.51",0.09,"25,893.51","25,000.00",95040QAL8,US95040QAL86,BN2X3L9,102.31,United States,-,USD,7.82,2.46,1.0,"Jan 15, 2031",2.75,7.88,-,2.46,7.69,2.46,USD,"Jun 30, 2020","Jun 30, 2020"
PROGRESS ENERGY INC,Corporates,Fixed Income,"21,325.85",0.07,"21,325.85","15,000.00",743263AE5,US743263AE50,2747822,139.59,United States,-,USD,6.96,2.82,1.0,"Mar 01, 2031",7.75,6.92,-,2.82,6.92,2.82,USD,"Feb 22, 2001","Feb 22, 2001"
ENTERGY LOUISIANA LLC,Corporates,Fixed Income,"21,260.23",0.07,"21,260.23","20,000.00",29364WAX6,US29364WAX65,BD72474,106.05,United States,-,USD,8.12,2.33,1.0,"Jun 01, 2031",3.05,8.18,-,2.31,7.99,2.31,USD,"May 19, 2016","May 19, 2016"
NORTHERN STATES POWER COMPANY (MIN,Corporates,Fixed Income,"20,288.50",0.07,"20,288.50","20,000.00",665772CT4,US665772CT43,-,100.88,United States,-,USD,8.15,2.14,1.0,"Apr 01, 2031",2.25,8.27,-,2.14,7.94,2.14,USD,"Mar 30, 2021","Mar 30, 2021"
HUBBELL INCORPORATED,Corporates,Fixed Income,"20,174.24",0.07,"20,174.24","20,000.00",443510AK8,US443510AK84,-,100.19,United States,-,USD,8.15,2.28,1.0,"Mar 15, 2031",2.3,8.2,-,2.28,8.0,2.28,USD,"Mar 12, 2021","Mar 12, 2021"
JOHN DEERE CAPITAL CORP MTN,Corporates,Fixed Income,"20,006.56",0.07,"20,006.56","20,000.00",24422EVS5,US24422EVS52,-,99.95,United States,-,USD,8.59,2.01,1.0,"Jun 17, 2031",2.0,8.57,-,2.01,8.57,2.01,USD,"Jun 17, 2021","Jun 17, 2021"
BLK CSH FND TREASURY SL AGENCY,Cash and/or Derivatives,Money Market,"20,000.00",0.07,"20,000.00","20,000.00",066922477,US0669224778,6922477,1.0,United States,-,USD,0.07,0.07,1.0,-,0.1,0.1,-,0.07,0.1,0.07,USD,-,"Feb 04, 2009"
BANK OF NEW YORK MELLON CORP/THE MTN,Corporates,Fixed Income,"14,698.09",0.05,"14,698.09","15,000.00",06406RAR8,US06406RAR84,-,97.29,United States,-,USD,8.26,1.98,1.0,"Jan 28, 2031",1.65,8.31,-,1.98,8.31,1.98,USD,"Jan 28, 2021","Jan 28, 2021"
AMEREN CORPORATION,Corporates,Fixed Income,"5,500.84",0.02,"5,500.84","5,000.00",023608AJ1,US023608AJ15,-,108.4,United States,-,USD,7.59,2.46,1.0,"Jan 15, 2031",3.5,7.67,-,2.43,7.49,2.43,USD,"Apr 03, 2020","Apr 03, 2020"
LINCOLN NATIONAL CORPORATION,Corporates,Fixed Income,"2,184.44",0.01,"2,184.44","2,000.00",534187BK4,US534187BK40,BMWRFD0,107.65,United States,-,USD,7.62,2.45,1.0,"Jan 15, 2031",3.4,7.7,-,2.43,7.52,2.43,USD,"May 15, 2020","May 15, 2020"
OREILLY AUTOMOTIVE INC,Corporates,Fixed Income,"1,911.05",0.01,"1,911.05","2,000.00",67103HAK3,US67103HAK32,BLFDQL3,95.04,United States,-,USD,8.35,2.35,1.0,"Mar 15, 2031",1.75,8.38,-,2.35,8.38,2.35,USD,"Sep 23, 2020","Sep 23, 2020"
NATIONAL RURAL UTILITIES COOPERATI,Corporates,Fixed Income,"1,854.37",0.01,"1,854.37","2,000.00",637432NW1,US637432NW12,-,92.32,United States,-,USD,8.51,2.28,1.0,"Mar 15, 2031",1.35,8.53,-,2.28,8.53,2.28,USD,"Oct 08, 2020","Oct 08, 2020"
