,,,,,,,,,,,,,,,,,,,,,,,,,,iShares® iBonds® Dec 2028 Term Corporate ETF
VERIZON COMMUNICATIONS INC,Corporates,Fixed Income,"4,692,828.31",1.51,"4,692,828.31","4,079,000.00",92343VER1,US92343VER15,BGDQ891,113.85,United States,-,USD,5.86,2.11,1.0,"Sep 21, 2028",4.33,5.84,-,2.11,5.84,2.11,USD,"Jun 21, 2018","Oct 22, 2018"
COMCAST CORPORATION,Corporates,Fixed Income,"4,236,097.11",1.36,"4,236,097.11","3,700,000.00",20030NCT6,US20030NCT63,-,113.61,United States,-,USD,5.8,2.0,1.0,"Oct 15, 2028",4.15,5.94,-,1.92,5.75,1.92,USD,"Oct 05, 2018","Oct 05, 2018"
CIGNA CORP,Corporates,Fixed Income,"4,140,980.86",1.33,"4,140,980.86","3,610,000.00",125523AH3,US125523AH38,BKPHS12,113.79,United States,-,USD,5.77,2.18,1.0,"Oct 15, 2028",4.38,5.9,-,2.11,5.7,2.11,USD,"Apr 15, 2019","Aug 27, 2019"
VODAFONE GROUP PLC,Corporates,Fixed Income,"3,458,370.79",1.11,"3,458,370.79","3,056,000.00",92857WBK5,US92857WBK53,BYWFV85,112.8,United Kingdom,-,USD,5.65,2.22,1.0,"May 30, 2028",4.38,5.64,-,2.22,5.64,2.22,USD,"May 30, 2018","May 30, 2018"
RAYTHEON TECHNOLOGIES CORPORATION,Corporates,Fixed Income,"3,134,117.16",1.01,"3,134,117.16","2,785,000.00",913017CY3,US913017CY37,BF7MTW8,112.02,United States,-,USD,5.89,2.23,1.0,"Nov 16, 2028",4.13,6.02,-,2.17,5.82,2.17,USD,"Aug 16, 2018","Aug 16, 2018"
AERCAP IRELAND CAPITAL DAC,Corporates,Fixed Income,"3,038,785.47",0.98,"3,038,785.47","2,980,000.00",00774MAW5,US00774MAW55,-,101.46,Ireland,-,USD,6.09,2.76,1.0,"Oct 29, 2028",3.0,6.11,-,2.76,5.97,2.76,USD,"Oct 29, 2021","Oct 29, 2021"
CVS HEALTH CORP,Corporates,Fixed Income,"2,997,315.20",0.96,"2,997,315.20","2,640,000.00",126650CX6,US126650CX62,BF3V2P3,112.39,United States,-,USD,5.34,2.16,1.0,"Mar 25, 2028",4.3,5.47,-,2.09,5.27,2.09,USD,"Mar 09, 2018","Mar 09, 2018"
ANHEUSER-BUSCH INBEV WORLDWIDE INC MTN,Corporates,Fixed Income,"2,899,068.88",0.93,"2,899,068.88","2,585,000.00",035240AL4,US035240AL43,BFYCQN1,111.28,Belgium,-,USD,5.43,2.07,1.0,"Apr 13, 2028",4.0,5.56,-,2.01,5.36,2.01,USD,"Apr 04, 2018","Apr 04, 2018"
AT&T INC,Corporates,Fixed Income,"2,582,476.26",0.83,"2,582,476.26","2,290,000.00",00206RGL0,US00206RGL06,BG6F453,111.22,United States,-,USD,5.26,2.13,1.0,"Feb 15, 2028",4.1,5.38,-,2.06,5.19,2.06,USD,"Aug 15, 2018","Nov 23, 2018"
DUPONT DE NEMOURS INC,Corporates,Fixed Income,"2,517,626.09",0.81,"2,517,626.09","2,159,000.00",26078JAD2,US26078JAD28,BGT0PR4,116.01,United States,-,USD,5.79,2.2,1.0,"Nov 15, 2028",4.72,5.93,-,2.12,5.75,2.12,USD,"Nov 28, 2018","Nov 28, 2018"
CITIGROUP INC,Corporates,Fixed Income,"2,385,310.51",0.77,"2,385,310.51","2,134,000.00",172967KU4,US172967KU42,BYYKP97,109.99,United States,-,USD,5.72,2.47,1.0,"Jul 25, 2028",4.13,5.7,-,2.47,5.7,2.47,USD,"Jul 25, 2016","Jul 25, 2016"
ABBVIE INC,Corporates,Fixed Income,"2,170,101.15",0.7,"2,170,101.15","1,910,000.00",00287YBF5,US00287YBF51,BGHCK77,113.06,United States,-,USD,5.87,2.19,1.0,"Nov 14, 2028",4.25,6.0,-,2.12,5.8,2.12,USD,"Sep 18, 2018","Sep 18, 2018"
TAKEDA PHARMACEUTICAL CO LTD,Corporates,Fixed Income,"2,169,490.84",0.7,"2,169,490.84","1,840,000.00",874060AW6,US874060AW64,-,117.42,Japan,-,USD,5.78,2.26,1.0,"Nov 26, 2028",5.0,5.92,-,2.17,5.74,2.17,USD,"Nov 26, 2019","Dec 13, 2019"
KEURIG DR PEPPER INC,Corporates,Fixed Income,"2,154,485.29",0.69,"2,154,485.29","1,883,000.00",49271VAF7,US49271VAF76,BK1VSD0,113.96,United States,-,USD,5.46,2.24,1.0,"May 25, 2028",4.6,5.59,-,2.16,5.4,2.16,USD,"May 25, 2019","May 31, 2019"
BROADCOM INC,Corporates,Fixed Income,"2,117,459.70",0.68,"2,117,459.70","1,907,000.00",11135FAL5,US11135FAL58,-,109.83,United States,-,USD,5.73,2.51,1.0,"Sep 15, 2028",4.11,5.83,-,2.45,5.64,2.45,USD,"May 21, 2020","Aug 07, 2020"
APPLE INC,Corporates,Fixed Income,"2,055,450.92",0.66,"2,055,450.92","2,085,000.00",037833EH9,US037833EH93,-,98.02,United States,-,USD,6.2,1.72,1.0,"Aug 05, 2028",1.4,6.23,-,1.72,6.23,1.72,USD,"Aug 05, 2021","Aug 05, 2021"
BP CAPITAL MARKETS AMERICA INC.,Corporates,Fixed Income,"2,046,925.76",0.66,"2,046,925.76","1,795,000.00",10373QAE0,US10373QAE08,BGS1HD8,113.39,United States,-,USD,5.85,2.12,1.0,"Nov 06, 2028",4.23,5.98,-,2.05,5.78,2.05,USD,"Nov 06, 2018","Nov 06, 2018"
APPLE INC,Corporates,Fixed Income,"2,028,349.74",0.65,"2,028,349.74","2,077,000.00",037833EC0,US037833EC07,-,97.18,United States,-,USD,5.79,1.69,1.0,"Feb 08, 2028",1.2,5.82,-,1.69,5.82,1.69,USD,"Feb 08, 2021","Feb 08, 2021"
NORTHROP GRUMMAN CORP,Corporates,Fixed Income,"2,026,002.24",0.65,"2,026,002.24","1,866,000.00",666807BN1,US666807BN13,BF15KF3,107.08,United States,-,USD,5.32,2.0,1.0,"Jan 15, 2028",3.25,5.42,-,1.95,5.22,1.95,USD,"Oct 13, 2017","Oct 13, 2017"
BARCLAYS PLC,Corporates,Fixed Income,"1,986,607.87",0.64,"1,986,607.87","1,795,000.00",06738EAW5,US06738EAW57,BDGKSN3,109.98,United Kingdom,-,USD,4.95,3.09,1.0,"May 09, 2028",4.84,5.47,-,2.81,4.71,2.81,USD,"May 09, 2017","May 09, 2017"
T-MOBILE USA INC,Corporates,Fixed Income,"1,955,951.72",0.63,"1,955,951.72","1,952,000.00",87264ACA1,US87264ACA16,-,99.43,United States,-,USD,5.65,2.15,1.0,"Feb 15, 2028",2.05,5.68,-,2.15,5.68,2.15,USD,"Feb 15, 2021","May 21, 2021"
GLAXOSMITHKLINE CAPITAL INC,Corporates,Fixed Income,"1,934,497.19",0.62,"1,934,497.19","1,722,000.00",377372AN7,US377372AN70,BF108Q5,111.85,United Kingdom,-,USD,5.68,1.89,1.0,"May 15, 2028",3.88,5.67,-,1.89,5.67,1.89,USD,"May 15, 2018","May 15, 2018"
SANDS CHINA LTD,Corporates,Fixed Income,"1,890,118.65",0.61,"1,890,118.65","1,715,000.00",80007RAE5,US80007RAE53,BGV2CT9,108.07,Macau,-,USD,5.42,4.0,1.0,"Aug 08, 2028",5.4,5.47,-,3.95,5.29,3.95,USD,"Aug 09, 2018","Jan 29, 2019"
BAT CAPITAL CORP,Corporates,Fixed Income,"1,837,984.33",0.59,"1,837,984.33","1,871,000.00",05526DBR5,US05526DBR52,-,97.63,United Kingdom,-,USD,5.73,2.67,1.0,"Mar 25, 2028",2.26,5.73,-,2.67,5.73,2.67,USD,"Sep 25, 2020","Sep 25, 2020"
DISCOVERY COMMUNICATIONS LLC,Corporates,Fixed Income,"1,806,361.25",0.58,"1,806,361.25","1,645,000.00",25470DAR0,US25470DAR08,BDG75T9,108.7,United States,-,USD,5.38,2.43,1.0,"Mar 20, 2028",3.95,5.48,-,2.38,5.29,2.38,USD,"Sep 21, 2017","Sep 21, 2017"
LLOYDS BANKING GROUP PLC,Corporates,Fixed Income,"1,800,165.73",0.58,"1,800,165.73","1,585,000.00",539439AR0,US539439AR07,BG10BS5,112.37,United Kingdom,-,USD,5.46,2.23,1.0,"Mar 22, 2028",4.38,5.45,-,2.23,5.45,2.23,USD,"Mar 22, 2018","Mar 22, 2018"
AXA EQUITABLE HOLDINGS INC,Corporates,Fixed Income,"1,789,586.04",0.57,"1,789,586.04","1,584,000.00",054561AJ4,US054561AJ49,BJ2L542,112.12,United States,-,USD,5.4,2.27,1.0,"Apr 20, 2028",4.35,5.52,-,2.2,5.33,2.2,USD,"Oct 20, 2018","Jan 16, 2019"
GENERAL MILLS INC,Corporates,Fixed Income,"1,788,885.61",0.57,"1,788,885.61","1,589,000.00",370334CG7,US370334CG79,BFY3D22,111.72,United States,-,USD,5.41,2.2,1.0,"Apr 17, 2028",4.2,5.54,-,2.12,5.34,2.12,USD,"Apr 17, 2018","Apr 17, 2018"
TRANSCANADA PIPELINES LTD,Corporates,Fixed Income,"1,652,095.63",0.53,"1,652,095.63","1,471,000.00",89352HAW9,US89352HAW97,BF16175,111.77,Canada,-,USD,5.48,2.26,1.0,"May 15, 2028",4.25,5.61,-,2.19,5.41,2.19,USD,"May 07, 2018","May 07, 2018"
AT&T INC,Corporates,Fixed Income,"1,630,742.35",0.52,"1,630,742.35","1,653,000.00",00206RKG6,US00206RKG64,-,97.97,United States,-,USD,5.69,2.01,1.0,"Feb 01, 2028",1.65,5.71,-,2.01,5.71,2.01,USD,"Aug 04, 2020","Aug 04, 2020"
VERIZON COMMUNICATIONS INC,Corporates,Fixed Income,"1,605,613.33",0.52,"1,605,613.33","1,591,000.00",92343VGH1,US92343VGH15,-,100.34,United States,-,USD,5.74,2.04,1.0,"Mar 22, 2028",2.1,5.78,-,2.04,5.63,2.04,USD,"Mar 22, 2021","Mar 22, 2021"
ORACLE CORPORATION,Corporates,Fixed Income,"1,594,282.76",0.51,"1,594,282.76","1,591,000.00",68389XCD5,US68389XCD57,-,99.59,United States,-,USD,5.72,2.37,1.0,"Mar 25, 2028",2.3,5.74,-,2.37,5.74,2.37,USD,"Mar 24, 2021","Mar 24, 2021"
SHELL INTERNATIONAL FINANCE BV,Corporates,Fixed Income,"1,589,158.93",0.51,"1,589,158.93","1,412,000.00",822582CB6,US822582CB65,BFXPTR6,112.03,Netherlands,-,USD,5.94,1.99,1.0,"Nov 13, 2028",3.88,6.06,-,1.94,5.88,1.94,USD,"Nov 13, 2018","Nov 13, 2018"
SALESFORCE.COM INC.,Corporates,Fixed Income,"1,586,234.67",0.51,"1,586,234.67","1,418,000.00",79466LAF1,US79466LAF13,BFMYX16,111.04,United States,-,USD,5.47,1.83,1.0,"Apr 11, 2028",3.7,5.61,-,1.76,5.4,1.76,USD,"Apr 11, 2018","Apr 11, 2018"
DOLLAR TREE INC,Corporates,Fixed Income,"1,581,851.42",0.51,"1,581,851.42","1,409,000.00",256746AH1,US256746AH16,BFY8ZY3,111.73,United States,-,USD,5.49,2.22,1.0,"May 15, 2028",4.2,5.61,-,2.15,5.42,2.15,USD,"Apr 19, 2018","Apr 19, 2018"
CONAGRA BRANDS INC,Corporates,Fixed Income,"1,570,278.93",0.5,"1,570,278.93","1,354,000.00",205887CC4,US205887CC49,BFWN1R5,115.17,United States,-,USD,5.73,2.43,1.0,"Nov 01, 2028",4.85,5.86,-,2.35,5.68,2.35,USD,"Oct 22, 2018","Oct 22, 2018"
BRISTOL-MYERS SQUIBB CO,Corporates,Fixed Income,"1,564,392.87",0.5,"1,564,392.87","1,384,000.00",110122DE5,US110122DE50,-,111.61,United States,-,USD,5.3,1.89,1.0,"Feb 20, 2028",3.9,5.44,-,1.81,5.24,1.81,USD,"Feb 20, 2020","Jul 15, 2020"
COMCAST CORPORATION,Corporates,Fixed Income,"1,532,811.63",0.49,"1,532,811.63","1,411,000.00",20030NCA7,US20030NCA72,BF22PP8,107.44,United States,-,USD,5.41,1.86,1.0,"Feb 15, 2028",3.15,5.53,-,1.81,5.32,1.81,USD,"Aug 07, 2017","Aug 07, 2017"
MITSUBISHI UFJ FINANCIAL GROUP INC,Corporates,Fixed Income,"1,505,491.49",0.48,"1,505,491.49","1,341,000.00",606822AV6,US606822AV60,BDVLN36,110.96,Japan,-,USD,5.47,2.06,1.0,"Mar 02, 2028",3.96,5.45,-,2.06,5.45,2.06,USD,"Mar 02, 2018","Mar 02, 2018"
PNC BANK NATIONAL ASSOCIATION,Corporates,Fixed Income,"1,482,971.75",0.48,"1,482,971.75","1,300,000.00",69349LAR9,US69349LAR96,BZ0WL74,112.33,United States,-,USD,5.75,2.03,1.0,"Jul 26, 2028",4.05,5.74,-,2.03,5.74,2.03,USD,"Jul 26, 2018","Jul 26, 2018"
WESTINGHOUSE AIR BRAKE TECHNOLOGIE,Corporates,Fixed Income,"1,454,590.79",0.47,"1,454,590.79","1,263,000.00",960386AM2,US960386AM29,BGKCBF9,113.71,United States,-,USD,5.59,2.7,1.0,"Sep 15, 2028",4.95,5.71,-,2.63,5.52,2.63,USD,"Sep 14, 2018","Sep 14, 2018"
ING GROEP NV,Corporates,Fixed Income,"1,451,260.76",0.47,"1,451,260.76","1,250,000.00",456837AM5,US456837AM56,BFZYYN2,114.98,Netherlands,-,USD,5.86,2.15,1.0,"Oct 02, 2028",4.55,5.84,-,2.15,5.84,2.15,USD,"Oct 02, 2018","Oct 02, 2018"
NEXTERA ENERGY CAPITAL HOLDINGS IN,Corporates,Fixed Income,"1,445,141.57",0.46,"1,445,141.57","1,455,000.00",65339KBW9,US65339KBW99,-,99.24,United States,-,USD,6.0,2.03,1.0,"Jun 15, 2028",1.9,6.04,-,2.03,6.04,2.03,USD,"Jun 08, 2021","Jun 08, 2021"
SABINE PASS LIQUEFACTION LLC,Corporates,Fixed Income,"1,430,135.85",0.46,"1,430,135.85","1,287,000.00",785592AU0,US785592AU04,BF43YT6,109.89,United States,-,USD,5.18,2.47,1.0,"Mar 15, 2028",4.2,5.44,-,2.34,5.05,2.34,USD,"Mar 06, 2017","Jul 17, 2017"
JOHNSON & JOHNSON,Corporates,Fixed Income,"1,426,909.73",0.46,"1,426,909.73","1,320,000.00",478160CK8,US478160CK81,BFN2R40,106.76,United States,-,USD,5.37,1.72,1.0,"Jan 15, 2028",2.9,5.49,-,1.67,5.28,1.67,USD,"Nov 10, 2017","Nov 10, 2017"
CAPITAL ONE FINANCIAL CORPORATION,Corporates,Fixed Income,"1,423,564.18",0.46,"1,423,564.18","1,291,000.00",14040HBW4,US14040HBW43,BFXS0V6,108.69,United States,-,USD,5.4,2.26,1.0,"Jan 31, 2028",3.8,5.38,-,2.25,5.31,2.25,USD,"Jan 30, 2018","Jan 30, 2018"
CHARTER COMMUNICATIONS OPERATING L,Corporates,Fixed Income,"1,411,561.00",0.45,"1,411,561.00","1,275,000.00",161175BK9,US161175BK95,BFFFBV2,109.47,United States,-,USD,5.32,2.54,1.0,"Mar 15, 2028",4.2,5.43,-,2.48,5.24,2.48,USD,"Sep 18, 2017","Nov 27, 2017"
KINDER MORGAN INC,Corporates,Fixed Income,"1,398,872.93",0.45,"1,398,872.93","1,240,000.00",49456BAP6,US49456BAP67,BDR5VP0,111.38,United States,-,USD,5.27,2.31,1.0,"Mar 01, 2028",4.3,5.39,-,2.24,5.2,2.24,USD,"Mar 01, 2018","Mar 01, 2018"
LLOYDS BANKING GROUP PLC,Corporates,Fixed Income,"1,389,579.00",0.45,"1,389,579.00","1,200,000.00",539439AT6,US539439AT62,BDDJGY0,114.09,United Kingdom,-,USD,5.73,2.25,1.0,"Aug 16, 2028",4.55,5.71,-,2.25,5.71,2.25,USD,"Aug 16, 2018","Aug 16, 2018"
BARCLAYS PLC,Corporates,Fixed Income,"1,389,308.88",0.45,"1,389,308.88","1,245,000.00",06738EAU9,US06738EAU91,BD72SC7,109.53,United Kingdom,-,USD,4.68,2.62,1.0,"Jan 10, 2028",4.34,5.23,-,2.32,4.46,2.32,USD,"Jan 10, 2017","Jan 10, 2017"
MCDONALDS CORPORATION MTN,Corporates,Fixed Income,"1,385,877.91",0.44,"1,385,877.91","1,249,000.00",58013MFF6,US58013MFF68,BFXSFH7,110.01,United States,-,USD,5.43,2.08,1.0,"Apr 01, 2028",3.8,5.55,-,2.02,5.35,2.02,USD,"Mar 16, 2018","Mar 16, 2018"
TOTAL CAPITAL SA,Corporates,Fixed Income,"1,369,834.81",0.44,"1,369,834.81","1,216,000.00",89152UAH5,US89152UAH59,BF5B2Y0,111.79,France,-,USD,5.98,2.01,1.0,"Oct 11, 2028",3.88,5.97,-,2.01,5.97,2.01,USD,"Oct 11, 2018","Oct 11, 2018"
MPLX LP,Corporates,Fixed Income,"1,365,861.90",0.44,"1,365,861.90","1,242,000.00",55336VAR1,US55336VAR15,BF2PXS6,108.8,United States,-,USD,5.36,2.46,1.0,"Mar 15, 2028",4.0,5.46,-,2.41,5.27,2.41,USD,"Feb 08, 2018","Feb 08, 2018"
CAMPBELL SOUP COMPANY,Corporates,Fixed Income,"1,346,084.11",0.43,"1,346,084.11","1,198,000.00",134429BG3,US134429BG35,BG1XJ24,111.14,United States,-,USD,5.33,2.22,1.0,"Mar 15, 2028",4.15,5.46,-,2.15,5.26,2.15,USD,"Mar 16, 2018","Mar 16, 2018"
WESTPAC BANKING CORP,Corporates,Fixed Income,"1,340,964.17",0.43,"1,340,964.17","1,214,000.00",961214DW0,US961214DW04,BYZGTJ2,108.99,Australia,-,USD,5.45,1.83,1.0,"Jan 25, 2028",3.4,5.44,-,1.83,5.44,1.83,USD,"Jan 25, 2018","Jan 25, 2018"
CROWN CASTLE INTERNATIONAL CORP,Corporates,Fixed Income,"1,338,547.95",0.43,"1,338,547.95","1,215,000.00",22822VAK7,US22822VAK70,BFWK3V4,108.73,United States,-,USD,5.31,2.26,1.0,"Feb 15, 2028",3.8,5.42,-,2.21,5.22,2.21,USD,"Jan 16, 2018","Jan 16, 2018"
ANTHEM INC,Corporates,Fixed Income,"1,326,210.75",0.43,"1,326,210.75","1,175,000.00",036752AG8,US036752AG89,BF2PZ02,111.5,United States,-,USD,5.3,2.1,1.0,"Mar 01, 2028",4.1,5.43,-,2.03,5.23,2.03,USD,"Mar 02, 2018","Mar 02, 2018"
SUMITOMO MITSUI FINANCIAL GROUP IN,Corporates,Fixed Income,"1,302,835.18",0.42,"1,302,835.18","1,325,000.00",86562MCG3,US86562MCG33,-,97.78,Japan,-,USD,6.25,2.26,1.0,"Sep 17, 2028",1.9,6.22,-,2.26,6.22,2.26,USD,"Sep 17, 2021","Sep 17, 2021"
MIZUHO FINANCIAL GROUP INC,Corporates,Fixed Income,"1,299,279.01",0.42,"1,299,279.01","1,155,000.00",60687YAR0,US60687YAR09,BFN8NN9,111.2,Japan,-,USD,5.47,2.08,1.0,"Mar 05, 2028",4.02,5.45,-,2.08,5.45,2.08,USD,"Mar 05, 2018","Mar 05, 2018"
FISERV INC,Corporates,Fixed Income,"1,287,288.66",0.41,"1,287,288.66","1,137,000.00",337738AR9,US337738AR95,BG8F4H3,112.17,United States,-,USD,5.76,2.25,1.0,"Oct 01, 2028",4.2,5.88,-,2.18,5.69,2.18,USD,"Sep 25, 2018","Sep 25, 2018"
BP CAPITAL MARKETS AMERICA INC,Corporates,Fixed Income,"1,259,967.94",0.4,"1,259,967.94","1,123,000.00",10373QAC4,US10373QAC42,BF5HW48,111.1,United States,-,USD,5.77,2.15,1.0,"Sep 21, 2028",3.94,5.9,-,2.09,5.7,2.09,USD,"Sep 21, 2018","Sep 21, 2018"
SANOFI SA,Corporates,Fixed Income,"1,241,144.46",0.4,"1,241,144.46","1,101,000.00",801060AD6,US801060AD60,BFMDHS8,112.61,France,-,USD,5.66,1.57,1.0,"Jun 19, 2028",3.63,5.82,-,1.49,5.61,1.49,USD,"Jun 19, 2018","Jun 19, 2018"
UNILEVER CAPITAL CORP,Corporates,Fixed Income,"1,236,287.99",0.4,"1,236,287.99","1,119,000.00",904764BC0,US904764BC04,BFMXK01,109.52,United States,-,USD,5.45,1.87,1.0,"Mar 22, 2028",3.5,5.58,-,1.81,5.38,1.81,USD,"Mar 22, 2018","Mar 22, 2018"
ARES CAPITAL CORPORATION,Corporates,Fixed Income,"1,232,045.61",0.4,"1,232,045.61","1,235,000.00",04010LBB8,US04010LBB80,-,99.63,United States,-,USD,5.84,2.94,1.0,"Jun 15, 2028",2.88,5.84,-,2.94,5.84,2.94,USD,"Jun 10, 2021","Jun 10, 2021"
NVIDIA CORPORATION,Corporates,Fixed Income,"1,230,357.42",0.4,"1,230,357.42","1,245,000.00",67066GAM6,US67066GAM69,-,98.75,United States,-,USD,6.07,1.75,1.0,"Jun 15, 2028",1.55,6.11,-,1.75,6.11,1.75,USD,"Jun 16, 2021","Jun 16, 2021"
UNION PACIFIC CORPORATION,Corporates,Fixed Income,"1,209,477.01",0.39,"1,209,477.01","1,065,000.00",907818EY0,US907818EY04,BDFT2W8,112.35,United States,-,USD,5.74,1.97,1.0,"Sep 10, 2028",3.95,5.88,-,1.9,5.68,1.9,USD,"Jun 08, 2018","Jun 08, 2018"
US BANCORP MTN,Corporates,Fixed Income,"1,209,083.54",0.39,"1,209,083.54","1,069,000.00",91159HHS2,US91159HHS22,BG452M8,112.4,United States,-,USD,5.63,1.81,1.0,"Apr 26, 2028",3.9,5.62,-,1.79,5.56,1.79,USD,"Apr 26, 2018","Apr 26, 2018"
ENERGY TRANSFER PARTNERS LP,Corporates,Fixed Income,"1,204,323.30",0.39,"1,204,323.30","1,065,000.00",29278NAF0,US29278NAF06,BDD88Q3,112.86,United States,-,USD,5.46,2.76,1.0,"Jun 15, 2028",4.95,5.58,-,2.69,5.39,2.69,USD,"Jun 08, 2018","Jun 08, 2018"
DISCOVER BANK,Corporates,Fixed Income,"1,202,826.35",0.39,"1,202,826.35","1,045,000.00",25466AAP6,US25466AAP66,BG49XV6,113.71,United States,-,USD,5.63,2.42,1.0,"Sep 13, 2028",4.65,5.76,-,2.35,5.57,2.35,USD,"Sep 13, 2018","Sep 13, 2018"
CHARLES SCHWAB CORPORATION (THE),Corporates,Fixed Income,"1,188,201.94",0.38,"1,188,201.94","1,166,000.00",808513BP9,US808513BP97,-,101.34,United States,-,USD,5.75,1.77,1.0,"Mar 20, 2028",2.0,5.8,-,1.77,5.65,1.77,USD,"Mar 18, 2021","Mar 18, 2021"
EXPEDIA INC,Corporates,Fixed Income,"1,176,955.29",0.38,"1,176,955.29","1,087,000.00",30212PAP0,US30212PAP09,BFFJZR8,106.84,United States,-,USD,5.31,2.58,1.0,"Feb 15, 2028",3.8,5.4,-,2.54,5.2,2.54,USD,"Sep 21, 2017","Dec 28, 2017"
BANCO SANTANDER SA,Corporates,Fixed Income,"1,175,417.85",0.38,"1,175,417.85","1,040,000.00",05964HAJ4,US05964HAJ41,BD85LP9,112.06,Spain,-,USD,5.52,2.3,1.0,"Apr 12, 2028",4.38,5.5,-,2.3,5.5,2.3,USD,"Apr 12, 2018","Apr 12, 2018"
CSX CORP,Corporates,Fixed Income,"1,147,838.56",0.37,"1,147,838.56","1,032,000.00",126408HJ5,US126408HJ52,BF3VPY3,109.96,United States,-,USD,5.34,2.07,1.0,"Mar 01, 2028",3.8,5.47,-,2.01,5.27,2.01,USD,"Feb 20, 2018","Feb 20, 2018"
BOSTON PROPERTIES LP,Corporates,Fixed Income,"1,147,666.87",0.37,"1,147,666.87","1,009,000.00",10112RBA1,US10112RBA14,BGL9BF9,113.37,United States,-,USD,5.87,2.39,1.0,"Dec 01, 2028",4.5,5.99,-,2.32,5.81,2.32,USD,"Nov 28, 2018","Nov 28, 2018"
WALMART INC,Corporates,Fixed Income,"1,143,792.03",0.37,"1,143,792.03","1,145,000.00",931142ES8,US931142ES82,-,99.48,United States,-,USD,6.29,1.58,1.0,"Sep 22, 2028",1.5,6.34,-,1.58,6.34,1.58,USD,"Sep 22, 2021","Sep 22, 2021"
CHARTER COMMUNICATIONS OPERATING L,Corporates,Fixed Income,"1,131,126.31",0.36,"1,131,126.31","1,041,000.00",161175BJ2,US161175BJ23,BD3JBT0,107.24,United States,-,USD,5.32,2.47,1.0,"Feb 15, 2028",3.75,5.41,-,2.42,5.21,2.42,USD,"Jul 06, 2017","Nov 27, 2017"
LOWES COMPANIES INC,Corporates,Fixed Income,"1,126,036.60",0.36,"1,126,036.60","1,170,000.00",548661DX2,US548661DX22,-,95.97,United States,-,USD,5.97,1.99,1.0,"Apr 15, 2028",1.3,5.98,-,1.99,5.98,1.99,USD,"Oct 22, 2020","Oct 22, 2020"
PFIZER INC,Corporates,Fixed Income,"1,113,051.56",0.36,"1,113,051.56","991,000.00",717081EP4,US717081EP40,BYZFHN9,111.26,United States,-,USD,5.81,1.81,1.0,"Sep 15, 2028",3.6,5.95,-,1.75,5.75,1.75,USD,"Sep 07, 2018","Sep 07, 2018"
ATHENE HOLDING LTD,Corporates,Fixed Income,"1,111,525.39",0.36,"1,111,525.39","997,000.00",04686JAA9,US04686JAA97,BFW28L5,109.56,United States,-,USD,5.16,2.41,1.0,"Jan 12, 2028",4.13,5.28,-,2.35,5.08,2.35,USD,"Jan 12, 2018","Jan 12, 2018"
COMCAST CORPORATION,Corporates,Fixed Income,"1,106,213.89",0.36,"1,106,213.89","1,004,000.00",20030NCH2,US20030NCH26,BFY1MY1,109.59,United States,-,USD,5.55,1.93,1.0,"May 01, 2028",3.55,5.68,-,1.87,5.47,1.87,USD,"Feb 08, 2018","Feb 08, 2018"
GENERAL DYNAMICS CORPORATION,Corporates,Fixed Income,"1,098,828.75",0.35,"1,098,828.75","987,000.00",369550BC1,US369550BC16,BZ5YFJ5,110.85,United States,-,USD,5.55,1.93,1.0,"May 15, 2028",3.75,5.69,-,1.87,5.49,1.87,USD,"May 11, 2018","May 11, 2018"
KEYCORP MTN,Corporates,Fixed Income,"1,091,965.31",0.35,"1,091,965.31","968,000.00",49326EEG4,US49326EEG44,BDFWYY3,112.12,United States,-,USD,5.61,2.05,1.0,"Apr 30, 2028",4.1,5.6,-,2.05,5.6,2.05,USD,"Apr 30, 2018","Apr 30, 2018"
UNITEDHEALTH GROUP INC,Corporates,Fixed Income,"1,091,432.60",0.35,"1,091,432.60","976,000.00",91324PDK5,US91324PDK57,BFWST65,111.66,United States,-,USD,5.77,1.92,1.0,"Jun 15, 2028",3.85,5.76,-,1.92,5.76,1.92,USD,"Jun 19, 2018","Jun 19, 2018"
CONOCOPHILLIPS 144A,Corporates,Fixed Income,"1,084,331.62",0.35,"1,084,331.62","949,000.00",20825CAX2,US20825CAX20,BM8MRW2,112.64,United States,-,USD,5.61,2.24,1.0,"Aug 15, 2028",4.3,5.74,-,2.17,5.55,2.17,USD,"Aug 15, 2020","Feb 08, 2021"
SEMPRA ENERGY,Corporates,Fixed Income,"1,077,185.39",0.35,"1,077,185.39","997,000.00",816851BG3,US816851BG34,BFWJFQ0,106.63,United States,-,USD,5.29,2.23,1.0,"Feb 01, 2028",3.4,5.43,-,2.17,5.16,2.17,USD,"Jan 12, 2018","Jan 12, 2018"
PACIFIC GAS AND ELECTRIC COMPANY,Corporates,Fixed Income,"1,069,923.42",0.34,"1,069,923.42","1,009,000.00",694308JK4,US694308JK48,-,104.16,United States,-,USD,5.7,3.04,1.0,"Jul 01, 2028",3.75,5.66,-,3.04,5.66,3.04,USD,"Jul 02, 2020","Jul 01, 2020"
ONEOK INC,Corporates,Fixed Income,"1,063,141.72",0.34,"1,063,141.72","942,000.00",682680AU7,US682680AU71,BDDR183,110.76,United States,-,USD,5.49,2.74,1.0,"Jul 15, 2028",4.55,5.59,-,2.68,5.4,2.68,USD,"Jul 02, 2018","Jul 02, 2018"
MITSUBISHI UFJ FINANCIAL GROUP INC,Corporates,Fixed Income,"1,062,618.30",0.34,"1,062,618.30","940,000.00",606822BC7,US606822BC70,BG0K8N0,111.81,Japan,-,USD,5.87,2.15,1.0,"Sep 11, 2028",4.05,5.85,-,2.15,5.85,2.15,USD,"Sep 11, 2018","Sep 11, 2018"
HOME DEPOT INC,Corporates,Fixed Income,"1,061,300.86",0.34,"1,061,300.86","937,000.00",437076BW1,US437076BW12,BGY2QV6,113.0,United States,-,USD,5.98,1.89,1.0,"Dec 06, 2028",3.9,6.12,-,1.83,5.93,1.83,USD,"Dec 06, 2018","Dec 06, 2018"
RIO TINTO FINANCE (USA) LTD,Corporates,Fixed Income,"1,055,765.68",0.34,"1,055,765.68","788,000.00",767201AD8,US767201AD89,B3B8V00,130.69,Australia,-,USD,5.34,2.08,1.0,"Jul 15, 2028",7.13,5.32,-,2.08,5.32,2.08,USD,"Jun 27, 2008","Jun 27, 2008"
MYLAN INC,Corporates,Fixed Income,"1,052,696.18",0.34,"1,052,696.18","931,000.00",628530BK2,US628530BK28,BHQSS68,112.11,United States,-,USD,5.36,2.46,1.0,"Apr 15, 2028",4.55,5.48,-,2.38,5.29,2.38,USD,"Oct 15, 2018","Jan 09, 2019"
WALT DISNEY CO,Corporates,Fixed Income,"1,051,289.67",0.34,"1,051,289.67","1,021,000.00",254687FW1,US254687FW18,-,101.94,United States,-,USD,5.59,1.86,1.0,"Jan 13, 2028",2.2,5.58,-,1.86,5.58,1.86,USD,"May 13, 2020","May 13, 2020"
BANCO SANTANDER SA,Corporates,Fixed Income,"1,043,623.56",0.34,"1,043,623.56","950,000.00",05964HAF2,US05964HAF29,BZ3CYK5,108.5,Spain,-,USD,5.46,2.31,1.0,"Feb 23, 2028",3.8,5.44,-,2.31,5.44,2.31,USD,"Oct 23, 2017","Oct 23, 2017"
ENTERPRISE PRODUCTS OPERATING LLC,Corporates,Fixed Income,"1,029,697.61",0.33,"1,029,697.61","910,000.00",29379VBT9,US29379VBT98,BF39WG8,112.29,United States,-,USD,5.8,2.19,1.0,"Oct 16, 2028",4.15,5.93,-,2.13,5.74,2.13,USD,"Oct 11, 2018","Oct 11, 2018"
UNITEDHEALTH GROUP INC,Corporates,Fixed Income,"1,003,305.74",0.32,"1,003,305.74","892,000.00",91324PDP4,US91324PDP45,BHHK971,112.31,United States,-,USD,6.16,1.97,1.0,"Dec 15, 2028",3.88,6.15,-,1.97,6.15,1.97,USD,"Dec 17, 2018","Dec 17, 2018"
L3HARRIS TECHNOLOGIES INC,Corporates,Fixed Income,"995,397.75",0.32,"995,397.75","884,000.00",502431AM1,US502431AM16,BMBM688,112.41,United States,-,USD,5.54,2.32,1.0,"Jun 15, 2028",4.4,5.67,-,2.25,5.47,2.25,USD,"Dec 15, 2019","May 01, 2020"
INTEL CORPORATION,Corporates,Fixed Income,"989,604.89",0.32,"989,604.89","995,000.00",458140BT6,US458140BT64,-,98.84,United States,-,USD,6.17,1.79,1.0,"Aug 12, 2028",1.6,6.21,-,1.79,6.21,1.79,USD,"Aug 12, 2021","Aug 12, 2021"
GENERAL MOTORS CO,Corporates,Fixed Income,"988,419.60",0.32,"988,419.60","854,000.00",37045VAS9,US37045VAS97,BGJNQ03,114.49,United States,-,USD,5.63,2.64,1.0,"Oct 01, 2028",5.0,5.75,-,2.57,5.56,2.57,USD,"Sep 10, 2018","Sep 10, 2018"
ENEL CHILE SA,Corporates,Fixed Income,"987,930.34",0.32,"987,930.34","894,000.00",29278DAA3,US29278DAA37,BF5C4C5,110.26,Chile,-,USD,5.47,3.11,1.0,"Jun 12, 2028",4.88,5.56,-,3.05,5.37,3.05,USD,"Jun 12, 2018","Jun 12, 2018"
AMERICAN INTERNATIONAL GROUP INC,Corporates,Fixed Income,"984,627.52",0.32,"984,627.52","872,000.00",026874DK0,US026874DK01,BFMNDQ8,111.87,United States,-,USD,5.37,2.16,1.0,"Apr 01, 2028",4.2,5.5,-,2.09,5.3,2.09,USD,"Mar 26, 2018","Mar 26, 2018"
SUMITOMO MITSUI FINANCIAL GROUP IN,Corporates,Fixed Income,"982,746.12",0.32,"982,746.12","861,000.00",86562MBG4,US86562MBG42,BGSJG46,113.24,Japan,-,USD,5.93,2.2,1.0,"Oct 16, 2028",4.31,5.91,-,2.2,5.91,2.2,USD,"Oct 16, 2018","Oct 16, 2018"
MOTOROLA SOLUTIONS INC,Corporates,Fixed Income,"979,824.56",0.31,"979,824.56","854,000.00",620076BL2,US620076BL24,BF2J292,113.1,United States,-,USD,5.21,2.3,1.0,"Feb 23, 2028",4.6,5.34,-,2.22,5.15,2.22,USD,"Feb 23, 2018","Feb 23, 2018"
FIFTH THIRD BANCORP,Corporates,Fixed Income,"974,861.88",0.31,"974,861.88","873,000.00",316773CV0,US316773CV06,BG0V3P0,110.49,United States,-,USD,5.45,2.13,1.0,"Mar 14, 2028",3.95,5.48,-,2.11,5.42,2.11,USD,"Mar 14, 2018","Mar 14, 2018"
BANK OF NEW YORK MELLON CORP/THE MTN,Corporates,Fixed Income,"957,086.67",0.31,"957,086.67","869,000.00",06406RAF4,US06406RAF47,BF5DPL4,108.7,United States,-,USD,5.33,1.88,1.0,"Jan 29, 2028",3.4,5.45,-,1.82,5.24,1.82,USD,"Jan 29, 2018","Jan 29, 2018"
CH ROBINSON WORLDWIDE INC,Corporates,Fixed Income,"945,077.37",0.3,"945,077.37","833,000.00",12541WAA8,US12541WAA80,BZ19JM5,112.57,United States,-,USD,5.41,2.06,1.0,"Apr 15, 2028",4.2,5.54,-,1.98,5.35,1.98,USD,"Apr 11, 2018","Apr 11, 2018"
BRITISH TELECOMMUNICATIONS PLC,Corporates,Fixed Income,"941,621.51",0.3,"941,621.51","830,000.00",111021AL5,US111021AL54,BHK1FJ5,113.06,United Kingdom,-,USD,5.81,3.02,1.0,"Dec 04, 2028",5.13,5.88,-,2.97,5.74,2.97,USD,"Dec 04, 2018","Dec 04, 2018"
EDWARDS LIFESCIENCES CORP,Corporates,Fixed Income,"926,657.95",0.3,"926,657.95","822,000.00",28176EAD0,US28176EAD04,BDGMR09,112.54,United States,-,USD,5.55,2.2,1.0,"Jun 15, 2028",4.3,5.69,-,2.13,5.49,2.13,USD,"Jun 15, 2018","Jun 15, 2018"
NORFOLK SOUTHERN CORPORATION,Corporates,Fixed Income,"924,217.25",0.3,"924,217.25","825,000.00",655844BZ0,US655844BZ09,BD5H1N6,110.44,United States,-,USD,5.66,2.09,1.0,"Aug 01, 2028",3.8,5.78,-,2.03,5.59,2.03,USD,"Aug 02, 2018","Aug 02, 2018"
STRYKER CORPORATION,Corporates,Fixed Income,"916,548.51",0.29,"916,548.51","833,000.00",863667AQ4,US863667AQ47,BFX0540,108.87,United States,-,USD,5.39,2.11,1.0,"Mar 07, 2028",3.65,5.5,-,2.05,5.3,2.05,USD,"Mar 07, 2018","Mar 07, 2018"
STARBUCKS CORPORATION,Corporates,Fixed Income,"915,571.82",0.29,"915,571.82","814,000.00",855244AR0,US855244AR02,BFXV4Q8,111.97,United States,-,USD,5.91,2.12,1.0,"Nov 15, 2028",4.0,6.04,-,2.06,5.84,2.06,USD,"Aug 10, 2018","Aug 10, 2018"
KELLOGG COMPANY,Corporates,Fixed Income,"913,962.11",0.29,"913,962.11","803,000.00",487836BW7,US487836BW75,BG0BPZ4,113.27,United States,-,USD,5.47,2.07,1.0,"May 15, 2028",4.3,5.61,-,1.99,5.42,1.99,USD,"May 14, 2018","May 14, 2018"
PPG INDUSTRIES INC,Corporates,Fixed Income,"911,170.91",0.29,"911,170.91","812,000.00",693506BP1,US693506BP19,BDR5VX8,111.11,United States,-,USD,5.39,1.85,1.0,"Mar 15, 2028",3.75,5.53,-,1.78,5.33,1.78,USD,"Feb 27, 2018","Feb 27, 2018"
L3HARRIS TECHNOLOGIES INC,Corporates,Fixed Income,"911,139.76",0.29,"911,139.76","807,000.00",413875AW5,US413875AW58,BYWFTW5,112.71,United States,-,USD,5.54,2.27,1.0,"Jun 15, 2028",4.4,5.67,-,2.2,5.48,2.2,USD,"Jun 04, 2018","Jun 04, 2018"
QUALCOMM INCORPORATED,Corporates,Fixed Income,"905,934.19",0.29,"905,934.19","933,000.00",747525BN2,US747525BN20,-,96.95,United States,-,USD,6.04,1.81,1.0,"May 20, 2028",1.3,6.08,-,1.81,6.08,1.81,USD,"Nov 20, 2020","Jan 04, 2021"
DIGITAL REALTY TRUST LP,Corporates,Fixed Income,"903,300.84",0.29,"903,300.84","784,000.00",25389JAT3,US25389JAT34,BDZSS16,113.17,United States,-,USD,5.51,2.27,1.0,"Jul 15, 2028",4.45,5.64,-,2.2,5.44,2.2,USD,"Jun 21, 2018","Jun 21, 2018"
BROADCOM CORP/BROADCOM CAYMAN FIN,Corporates,Fixed Income,"898,005.30",0.29,"898,005.30","827,000.00",11134LAR0,US11134LAR06,BFX1781,106.97,United States,-,USD,5.28,2.26,1.0,"Jan 15, 2028",3.5,5.38,-,2.21,5.17,2.21,USD,"Oct 17, 2017","Feb 14, 2018"
SALESFORCE.COM INC.,Corporates,Fixed Income,"893,809.50",0.29,"893,809.50","900,000.00",79466LAH7,US79466LAH78,-,98.61,United States,-,USD,6.12,1.73,1.0,"Jul 15, 2028",1.5,6.15,-,1.73,6.15,1.73,USD,"Jul 12, 2021","Jul 12, 2021"
INTERCONTINENTAL EXCHANGE INC,Corporates,Fixed Income,"885,540.48",0.28,"885,540.48","792,000.00",45866FAJ3,US45866FAJ30,BF4Q3W1,110.77,United States,-,USD,5.8,2.03,1.0,"Sep 21, 2028",3.75,5.93,-,1.97,5.74,1.97,USD,"Aug 13, 2018","Aug 13, 2018"
CHARLES SCHWAB CORPORATION (THE),Corporates,Fixed Income,"877,205.82",0.28,"877,205.82","805,000.00",808513AU9,US808513AU91,BFNV4N5,107.58,United States,-,USD,5.34,1.87,1.0,"Jan 25, 2028",3.2,5.46,-,1.82,5.25,1.82,USD,"Dec 07, 2017","Dec 07, 2017"
TRIMBLE INC,Corporates,Fixed Income,"873,995.50",0.28,"873,995.50","765,000.00",896239AC4,US896239AC42,BF4L962,114.03,United States,-,USD,5.47,2.53,1.0,"Jun 15, 2028",4.9,5.59,-,2.45,5.41,2.45,USD,"Jun 15, 2018","Jun 15, 2018"
WILLIS NORTH AMERICA INC,Corporates,Fixed Income,"873,427.35",0.28,"873,427.35","771,000.00",970648AG6,US970648AG61,BGLRQF8,111.96,United States,-,USD,5.66,2.55,1.0,"Sep 15, 2028",4.5,5.78,-,2.48,5.59,2.48,USD,"Sep 10, 2018","Sep 10, 2018"
ROPER TECHNOLOGIES INC,Corporates,Fixed Income,"871,861.68",0.28,"871,861.68","767,000.00",776743AF3,US776743AF34,BGHJVQ4,112.44,United States,-,USD,5.71,2.2,1.0,"Sep 15, 2028",4.2,5.84,-,2.13,5.65,2.13,USD,"Aug 28, 2018","Aug 28, 2018"
STARBUCKS CORPORATION,Corporates,Fixed Income,"870,030.79",0.28,"870,030.79","794,000.00",855244AP4,US855244AP46,BDVLF41,108.41,United States,-,USD,5.39,2.04,1.0,"Mar 01, 2028",3.5,5.51,-,1.99,5.31,1.99,USD,"Feb 28, 2018","Feb 28, 2018"
AMAZON.COM INC,Corporates,Fixed Income,"866,536.10",0.28,"866,536.10","865,000.00",023135BY1,US023135BY17,-,99.95,United States,-,USD,5.95,1.66,1.0,"May 12, 2028",1.65,6.0,-,1.66,6.0,1.66,USD,"May 12, 2021","May 12, 2021"
ENABLE MIDSTREAM PARTNERS LP,Corporates,Fixed Income,"856,260.68",0.27,"856,260.68","765,000.00",292480AL4,US292480AL49,BFZYK67,111.3,United States,-,USD,5.38,2.99,1.0,"May 15, 2028",4.95,5.48,-,2.92,5.3,2.92,USD,"May 10, 2018","May 10, 2018"
REPUBLIC SERVICES INC,Corporates,Fixed Income,"849,284.98",0.27,"849,284.98","762,000.00",760759AT7,US760759AT74,BF4NFK4,110.95,United States,-,USD,5.52,2.1,1.0,"May 15, 2028",3.95,5.65,-,2.04,5.46,2.04,USD,"May 14, 2018","May 14, 2018"
VALERO ENERGY CORPORATION,Corporates,Fixed Income,"849,226.23",0.27,"849,226.23","767,000.00",91913YAV2,US91913YAV20,BFY2QV9,110.36,United States,-,USD,5.51,2.59,1.0,"Jun 01, 2028",4.35,5.62,-,2.53,5.43,2.53,USD,"Jun 01, 2018","Jun 01, 2018"
PNC BANK NATIONAL ASSOCIATION,Corporates,Fixed Income,"844,404.48",0.27,"844,404.48","775,000.00",69353RFJ2,US69353RFJ23,BF0SWW4,107.52,United States,-,USD,5.42,1.93,1.0,"Jan 22, 2028",3.25,5.44,-,1.91,5.38,1.91,USD,"Jan 22, 2018","Jan 22, 2018"
BP CAPITAL MARKETS PLC,Corporates,Fixed Income,"841,989.24",0.27,"841,989.24","762,000.00",05565QDH8,US05565QDH83,BZ6CXN8,110.16,United Kingdom,-,USD,5.99,2.13,1.0,"Nov 28, 2028",3.72,6.11,-,2.08,5.91,2.08,USD,"Nov 28, 2016","Nov 28, 2016"
BOEING CO,Corporates,Fixed Income,"840,053.97",0.27,"840,053.97","795,000.00",097023DB8,US097023DB86,-,104.31,United States,-,USD,5.4,2.48,1.0,"Feb 01, 2028",3.25,5.44,-,2.46,5.31,2.46,USD,"Nov 02, 2020","Nov 02, 2020"
OWL ROCK CAPITAL CORP,Corporates,Fixed Income,"833,362.00",0.27,"833,362.00","845,000.00",69121KAG9,US69121KAG94,-,98.46,United States,-,USD,5.83,3.14,1.0,"Jun 11, 2028",2.88,5.82,-,3.14,5.82,3.14,USD,"Jun 11, 2021","Jun 11, 2021"
ZOETIS INC,Corporates,Fixed Income,"830,298.06",0.27,"830,298.06","737,000.00",98978VAN3,US98978VAN38,BF8QNX8,111.24,United States,-,USD,5.7,2.08,1.0,"Aug 20, 2028",3.9,5.82,-,2.02,5.62,2.02,USD,"Aug 20, 2018","Aug 20, 2018"
AMERICAN ELECTRIC POWER COMPANY IN,Corporates,Fixed Income,"830,208.47",0.27,"830,208.47","740,000.00",025537AM3,US025537AM37,BHQ9BM8,111.83,United States,-,USD,5.9,2.43,1.0,"Dec 01, 2028",4.3,6.02,-,2.37,5.83,2.37,USD,"Nov 30, 2018","Nov 30, 2018"
CANADIAN NATIONAL RAILWAY COMPANY,Corporates,Fixed Income,"828,200.13",0.27,"828,200.13","620,000.00",136375BD3,US136375BD37,2263566,130.4,Canada,-,USD,5.37,1.93,1.0,"Jul 15, 2028",6.9,5.36,-,1.93,5.36,1.93,USD,"Jul 07, 1998","Jul 07, 1998"
CANADIAN PACIFIC RAILWAY COMPANY,Corporates,Fixed Income,"826,606.74",0.27,"826,606.74","738,000.00",13645RAY0,US13645RAY09,BFM2GZ5,111.67,Canada,-,USD,5.56,2.05,1.0,"Jun 01, 2028",4.0,5.69,-,1.98,5.5,1.98,USD,"May 16, 2018","May 16, 2018"
PRICELINE GROUP INC,Corporates,Fixed Income,"825,489.96",0.27,"825,489.96","749,000.00",741503BC9,US741503BC97,BF5KDT9,109.17,United States,-,USD,5.42,1.97,1.0,"Mar 15, 2028",3.55,5.55,-,1.91,5.35,1.91,USD,"Aug 15, 2017","Aug 15, 2017"
CME GROUP INC,Corporates,Fixed Income,"820,190.10",0.26,"820,190.10","737,000.00",12572QAJ4,US12572QAJ40,BFNJ462,111.12,United States,-,USD,5.64,1.91,1.0,"Jun 15, 2028",3.75,5.77,-,1.85,5.57,1.85,USD,"Jun 21, 2018","Jun 21, 2018"
BEST BUY CO INC,Corporates,Fixed Income,"818,092.64",0.26,"818,092.64","713,000.00",08652BAA7,US08652BAA70,BFZFBR8,113.63,United States,-,USD,5.72,2.26,1.0,"Oct 01, 2028",4.45,5.84,-,2.19,5.65,2.19,USD,"Sep 27, 2018","Sep 27, 2018"
PHILLIPS 66,Corporates,Fixed Income,"815,709.20",0.26,"815,709.20","744,000.00",718546AR5,US718546AR56,BDVLN47,108.49,United States,-,USD,5.37,2.42,1.0,"Mar 15, 2028",3.9,5.48,-,2.36,5.28,2.36,USD,"Mar 01, 2018","Mar 01, 2018"
OREILLY AUTOMOTIVE INC,Corporates,Fixed Income,"815,022.00",0.26,"815,022.00","720,000.00",67103HAG2,US67103HAG20,BD9G894,112.83,United States,-,USD,5.51,2.19,1.0,"Jun 01, 2028",4.35,5.64,-,2.12,5.45,2.12,USD,"May 17, 2018","May 17, 2018"
XCEL ENERGY INC,Corporates,Fixed Income,"807,319.98",0.26,"807,319.98","730,000.00",98389BAV2,US98389BAV27,BG0ZMM2,110.41,United States,-,USD,5.46,2.26,1.0,"Jun 15, 2028",4.0,5.72,-,2.13,5.33,2.13,USD,"Jun 25, 2018","Jun 25, 2018"
MCKESSON CORP,Corporates,Fixed Income,"805,849.08",0.26,"805,849.08","721,000.00",581557BJ3,US581557BJ38,BFWZ8C5,110.29,United States,-,USD,5.28,2.15,1.0,"Feb 16, 2028",3.95,5.41,-,2.08,5.21,2.08,USD,"Feb 16, 2018","Feb 16, 2018"
WELLTOWER INC,Corporates,Fixed Income,"803,331.08",0.26,"803,331.08","710,000.00",95040QAD6,US95040QAD60,BFY3CZ8,112.25,United States,-,USD,5.4,2.16,1.0,"Apr 15, 2028",4.25,5.53,-,2.08,5.34,2.08,USD,"Apr 10, 2018","Apr 10, 2018"
BANK OF NEW YORK MELLON CORP/THE MTN,Corporates,Fixed Income,"799,110.00",0.26,"799,110.00","750,000.00",06406GAA9,US06406GAA94,BYX1YH2,106.05,United States,-,USD,6.05,2.05,1.0,"Oct 30, 2028",3.0,6.16,-,2.01,5.95,2.01,USD,"Oct 31, 2016","Oct 31, 2016"
AMERICAN TOWER CORPORATION,Corporates,Fixed Income,"798,690.60",0.26,"798,690.60","731,000.00",03027XAR1,US03027XAR17,BF3VXW7,107.6,United States,-,USD,5.26,2.25,1.0,"Jan 15, 2028",3.6,5.36,-,2.2,5.16,2.2,USD,"Dec 08, 2017","Dec 08, 2017"
MONDELEZ INTERNATIONAL INC,Corporates,Fixed Income,"793,836.38",0.25,"793,836.38","690,000.00",609207AM7,US609207AM78,BD6NTX9,114.43,United States,-,USD,5.48,1.72,1.0,"May 07, 2028",4.13,5.63,-,1.63,5.43,1.63,USD,"May 07, 2018","May 07, 2018"
PHARMACIA CORPORATION,Corporates,Fixed Income,"789,446.35",0.25,"789,446.35","605,000.00",71713UAW2,US71713UAW27,2578657,129.94,United States,-,USD,5.77,1.95,1.0,"Dec 01, 2028",6.6,5.76,-,1.95,5.76,1.95,USD,"Dec 01, 1999","Mar 20, 2000"
FEDEX CORP,Corporates,Fixed Income,"788,524.85",0.25,"788,524.85","721,000.00",31428XBP0,US31428XBP06,BF42ZG7,108.08,United States,-,USD,5.37,1.99,1.0,"Feb 15, 2028",3.4,5.48,-,1.94,5.28,1.94,USD,"Jan 31, 2018","Jan 31, 2018"
DOLLAR GENERAL CORPORATION,Corporates,Fixed Income,"787,560.35",0.25,"787,560.35","703,000.00",256677AF2,US256677AF29,BFY0D67,111.34,United States,-,USD,5.46,2.2,1.0,"May 01, 2028",4.13,5.59,-,2.13,5.39,2.13,USD,"Apr 10, 2018","Apr 10, 2018"
NORTHERN TRUST CORPORATION,Corporates,Fixed Income,"786,868.08",0.25,"786,868.08","697,000.00",665859AT1,US665859AT17,BF0WNF6,111.39,United States,-,USD,5.69,1.81,1.0,"Aug 03, 2028",3.65,5.83,-,1.74,5.63,1.74,USD,"Aug 03, 2018","Aug 03, 2018"
NXP BV 144A,Corporates,Fixed Income,"784,415.22",0.25,"784,415.22","652,000.00",62947QAY4,US62947QAY44,BHNK8C3,119.86,Netherlands,-,USD,5.72,2.42,1.0,"Dec 01, 2028",5.55,5.86,-,2.32,5.68,2.32,USD,"Dec 06, 2018","Dec 06, 2018"
AMERICAN TOWER CORPORATION,Corporates,Fixed Income,"780,912.90",0.25,"780,912.90","810,000.00",03027XBJ8,US03027XBJ81,-,95.78,United States,-,USD,5.72,2.25,1.0,"Jan 31, 2028",1.5,5.73,-,2.25,5.73,2.25,USD,"Nov 20, 2020","Nov 20, 2020"
GENERAL MOTORS FINANCIAL CO INC,Corporates,Fixed Income,"777,539.42",0.25,"777,539.42","775,000.00",37045XDP8,US37045XDP87,-,99.82,United States,-,USD,6.17,2.43,1.0,"Oct 15, 2028",2.4,6.2,-,2.43,6.2,2.43,USD,"Oct 15, 2021","Oct 15, 2021"
MARVELL TECHNOLOGY INC,Corporates,Fixed Income,"766,144.16",0.25,"766,144.16","670,000.00",573874AN4,US573874AN44,BP0XNH1,114.23,United States,-,USD,5.49,2.48,1.0,"Jun 22, 2028",4.88,5.62,-,2.4,5.43,2.4,USD,"Jun 22, 2021","Dec 16, 2021"
DOW CHEMICAL COMPANY (THE),Corporates,Fixed Income,"761,624.50",0.24,"761,624.50","650,000.00",260543CY7,US260543CY77,-,116.77,United States,-,USD,5.82,2.17,1.0,"Nov 30, 2028",4.8,5.97,-,2.09,5.78,2.09,USD,"May 30, 2019","Nov 18, 2019"
MOODYS CORPORATION,Corporates,Fixed Income,"759,302.12",0.24,"759,302.12","697,000.00",615369AM7,US615369AM79,BZ1GZR3,107.44,United States,-,USD,5.32,1.94,1.0,"Jan 15, 2028",3.25,5.42,-,1.89,5.22,1.89,USD,"Jan 15, 2018","Apr 13, 2018"
SOUTHWESTERN ELECTRIC POWER COMPAN,Corporates,Fixed Income,"753,653.82",0.24,"753,653.82","673,000.00",845437BR2,US845437BR25,BDZ2X24,110.78,United States,-,USD,5.73,2.35,1.0,"Sep 15, 2028",4.1,5.85,-,2.29,5.65,2.29,USD,"Sep 13, 2018","Sep 13, 2018"
CLOROX COMPANY,Corporates,Fixed Income,"750,670.70",0.24,"750,670.70","667,000.00",189054AW9,US189054AW99,BG08VV3,112.05,United States,-,USD,5.53,1.88,1.0,"May 15, 2028",3.9,5.67,-,1.81,5.47,1.81,USD,"May 09, 2018","May 09, 2018"
CONSTELLATION BRANDS INC,Corporates,Fixed Income,"750,211.58",0.24,"750,211.58","650,000.00",21036PBC1,US21036PBC14,BGL8WR5,114.82,United States,-,USD,5.8,2.3,1.0,"Nov 15, 2028",4.65,5.94,-,2.23,5.75,2.23,USD,"Oct 29, 2018","Oct 29, 2018"
BROADCOM INC 144A,Corporates,Fixed Income,"745,823.57",0.24,"745,823.57","752,000.00",11135FBE0,US11135FBE07,BMCGT13,98.44,United States,-,USD,5.67,2.22,1.0,"Feb 15, 2028",1.95,5.69,-,2.22,5.69,2.22,USD,"Jan 19, 2021","Jan 19, 2021"
GLP CAPITAL LP,Corporates,Fixed Income,"742,708.27",0.24,"742,708.27","640,000.00",361841AK5,US361841AK54,BG08VY6,115.57,United States,-,USD,5.32,3.06,1.0,"Jun 01, 2028",5.75,5.43,-,2.97,5.26,2.97,USD,"May 21, 2018","May 21, 2018"
DUKE ENERGY CAROLINAS LLC,Corporates,Fixed Income,"740,027.32",0.24,"740,027.32","661,000.00",26442CAX2,US26442CAX20,-,111.45,United States,-,USD,5.92,2.15,1.0,"Nov 15, 2028",3.95,6.04,-,2.09,5.85,2.09,USD,"Nov 08, 2018","Nov 08, 2018"
FAIRFAX FINANCIAL HOLDINGS LTD,Corporates,Fixed Income,"738,859.00",0.24,"738,859.00","656,000.00",303901BB7,US303901BB79,BJH0PC2,111.63,Canada,-,USD,5.32,2.82,1.0,"Apr 17, 2028",4.85,5.43,-,2.75,5.24,2.75,USD,"Oct 17, 2018","Jan 17, 2019"
REALTY INCOME CORPORATION,Corporates,Fixed Income,"734,991.78",0.24,"734,991.78","671,000.00",756109BH6,US756109BH64,-,107.97,United States,-,USD,5.34,1.99,1.0,"Jan 15, 2028",3.4,5.4,-,1.96,5.27,1.96,USD,"Jul 15, 2021","Jul 15, 2021"
3M CO MTN,Corporates,Fixed Income,"734,981.10",0.24,"734,981.10","654,000.00",88579YBC4,US88579YBC49,BFNR3J2,111.31,United States,-,USD,5.81,1.83,1.0,"Sep 14, 2028",3.63,5.94,-,1.76,5.75,1.76,USD,"Sep 14, 2018","Sep 14, 2018"
CBS CORP,Corporates,Fixed Income,"729,553.70",0.23,"729,553.70","671,000.00",124857AX1,US124857AX11,BJ12BT3,108.42,United States,-,USD,5.61,2.28,1.0,"Jun 01, 2028",3.7,5.72,-,2.23,5.52,2.23,USD,"Dec 01, 2018","Dec 12, 2018"
DOMINION ENERGY INC,Corporates,Fixed Income,"726,979.32",0.23,"726,979.32","648,000.00",25746UCY3,US25746UCY38,BG43JQ5,111.83,United States,-,USD,5.53,2.26,1.0,"Jun 01, 2028",4.25,5.65,-,2.19,5.46,2.19,USD,"Jun 05, 2018","Jun 05, 2018"
VENTAS REALTY LP,Corporates,Fixed Income,"726,196.32",0.23,"726,196.32","648,000.00",92277GAM9,US92277GAM96,BYWJDB4,110.73,United States,-,USD,5.31,2.13,1.0,"Mar 01, 2028",4.0,5.44,-,2.06,5.24,2.06,USD,"Feb 23, 2018","Feb 23, 2018"
ANALOG DEVICES INC,Corporates,Fixed Income,"723,833.56",0.23,"723,833.56","725,000.00",032654AU9,US032654AU97,-,99.43,United States,-,USD,6.28,1.79,1.0,"Oct 01, 2028",1.7,6.32,-,1.79,6.32,1.79,USD,"Oct 05, 2021","Oct 05, 2021"
NATIONAL RURAL UTILITIES COOPERATI,Corporates,Fixed Income,"720,603.32",0.23,"720,603.32","659,000.00",637432NP6,US637432NP60,BFX72F1,107.99,United States,-,USD,5.35,2.0,1.0,"Feb 07, 2028",3.4,5.46,-,1.95,5.25,1.95,USD,"Feb 07, 2018","Feb 07, 2018"
VMWARE INC,Corporates,Fixed Income,"716,276.00",0.23,"716,276.00","730,000.00",928563AK1,US928563AK15,-,97.38,United States,-,USD,6.13,2.23,1.0,"Aug 15, 2028",1.8,6.15,-,2.23,6.15,2.23,USD,"Aug 02, 2021","Aug 02, 2021"
CONSTELLATION BRANDS INC,Corporates,Fixed Income,"715,358.28",0.23,"715,358.28","654,000.00",21036PAY4,US21036PAY43,BF42ZK1,108.02,United States,-,USD,5.34,2.19,1.0,"Feb 15, 2028",3.6,5.45,-,2.14,5.24,2.14,USD,"Feb 07, 2018","Feb 07, 2018"
KIRBY CORPORATION,Corporates,Fixed Income,"710,710.00",0.23,"710,710.00","650,000.00",497266AC0,US497266AC03,BG04LM2,107.94,United States,-,USD,5.29,2.79,1.0,"Mar 01, 2028",4.2,5.38,-,2.74,5.19,2.74,USD,"Feb 12, 2018","Feb 12, 2018"
WRKCO INC,Corporates,Fixed Income,"703,393.60",0.23,"703,393.60","630,000.00",96145DAH8,US96145DAH89,BJHN0D7,110.47,United States,-,USD,5.35,2.19,1.0,"Mar 15, 2028",4.0,5.48,-,2.12,5.28,2.12,USD,"Sep 15, 2018","Feb 15, 2019"
AMERICAN HOMES 4 RENT LP,Corporates,Fixed Income,"697,875.44",0.22,"697,875.44","620,000.00",02666TAA5,US02666TAA51,BG12X96,110.96,United States,-,USD,5.24,2.32,1.0,"Feb 15, 2028",4.25,5.36,-,2.25,5.16,2.25,USD,"Feb 07, 2018","Feb 07, 2018"
DUKE REALTY LP,Corporates,Fixed Income,"693,910.74",0.22,"693,910.74","614,000.00",26441YBB2,US26441YBB20,BGKCCK1,111.84,United States,-,USD,5.75,2.1,1.0,"Sep 15, 2028",4.0,5.87,-,2.03,5.68,2.03,USD,"Sep 11, 2018","Sep 11, 2018"
THERMO FISHER SCIENTIFIC INC,Corporates,Fixed Income,"690,270.63",0.22,"690,270.63","690,000.00",883556CK6,US883556CK68,-,99.42,United States,-,USD,6.29,1.84,1.0,"Oct 15, 2028",1.75,6.33,-,1.84,6.33,1.84,USD,"Aug 23, 2021","Aug 23, 2021"
E TRADE FINANCIAL CORP,Corporates,Fixed Income,"689,712.08",0.22,"689,712.08","611,000.00",269246BS2,US269246BS28,BFMZ654,112.75,United States,-,USD,5.54,2.36,1.0,"Jun 20, 2028",4.5,5.67,-,2.29,5.47,2.29,USD,"Jun 20, 2018","Jun 20, 2018"
GLOBAL PAYMENTS INC,Corporates,Fixed Income,"680,940.75",0.22,"680,940.75","608,000.00",891906AF6,US891906AF67,BG0Q4X0,111.63,United States,-,USD,5.5,2.48,1.0,"Jun 01, 2028",4.45,5.61,-,2.41,5.42,2.41,USD,"May 11, 2018","May 11, 2018"
SUMITOMO MITSUI FINANCIAL GROUP IN,Corporates,Fixed Income,"680,827.59",0.22,"680,827.59","604,000.00",86562MBC3,US86562MBC38,BZ56NG4,110.94,Japan,-,USD,5.74,2.14,1.0,"Jul 19, 2028",3.94,5.73,-,2.14,5.73,2.14,USD,"Jul 19, 2018","Jul 19, 2018"
PHILIP MORRIS INTERNATIONAL INC,Corporates,Fixed Income,"678,303.83",0.22,"678,303.83","634,000.00",718172CE7,US718172CE76,BF8NDJ5,105.96,United States,-,USD,5.46,2.09,1.0,"Mar 02, 2028",3.13,5.56,-,2.05,5.36,2.05,USD,"Nov 02, 2017","Nov 02, 2017"
FS KKR CAPITAL CORP,Corporates,Fixed Income,"677,684.91",0.22,"677,684.91","675,000.00",302635AK3,US302635AK33,-,99.71,United States,-,USD,6.02,3.17,1.0,"Oct 12, 2028",3.13,6.03,-,3.17,6.03,3.17,USD,"Oct 12, 2021","Oct 12, 2021"
FIDELITY NATIONAL FINANCIAL INC,Corporates,Fixed Income,"676,619.64",0.22,"676,619.64","589,000.00",31620RAH8,US31620RAH84,BKDZTM6,113.18,United States,-,USD,5.58,2.34,1.0,"Aug 15, 2028",4.5,5.71,-,2.27,5.52,2.27,USD,"Feb 15, 2019","Jun 17, 2019"
AMERICAN WATER CAPITAL CORP,Corporates,Fixed Income,"676,503.36",0.22,"676,503.36","608,000.00",03040WAS4,US03040WAS44,BG84414,110.02,United States,-,USD,5.75,2.13,1.0,"Sep 01, 2028",3.75,5.87,-,2.07,5.68,2.07,USD,"Aug 09, 2018","Aug 09, 2018"
MARATHON PETROLEUM CORP,Corporates,Fixed Income,"673,902.80",0.22,"673,902.80","620,000.00",56585ABD3,US56585ABD37,BK203R5,107.74,United States,-,USD,5.44,2.46,1.0,"Apr 01, 2028",3.8,5.53,-,2.41,5.34,2.41,USD,"Apr 01, 2019","May 22, 2019"
CHEVRON USA INC,Corporates,Fixed Income,"673,386.30",0.22,"673,386.30","596,000.00",166756AR7,US166756AR79,-,111.21,United States,-,USD,5.22,1.88,1.0,"Jan 15, 2028",3.85,5.35,-,1.8,5.15,1.8,USD,"Jul 15, 2020","Jan 04, 2021"
KIMBERLY-CLARK CORPORATION,Corporates,Fixed Income,"672,342.37",0.22,"672,342.37","590,000.00",494368BY8,US494368BY83,BGLPK38,113.3,United States,-,USD,5.88,1.87,1.0,"Nov 01, 2028",3.95,6.02,-,1.8,5.83,1.8,USD,"Oct 29, 2018","Oct 29, 2018"
AON CORP,Corporates,Fixed Income,"669,932.78",0.22,"669,932.78","586,000.00",037389BB8,US037389BB82,BHK1FK6,114.12,United States,-,USD,5.91,2.29,1.0,"Dec 15, 2028",4.5,6.04,-,2.22,5.85,2.22,USD,"Dec 03, 2018","Dec 03, 2018"
MASTERCARD INC,Corporates,Fixed Income,"669,336.36",0.21,"669,336.36","604,000.00",57636QAJ3,US57636QAJ31,BF51819,109.6,United States,-,USD,5.38,1.84,1.0,"Feb 26, 2028",3.5,5.51,-,1.78,5.31,1.78,USD,"Feb 26, 2018","Feb 26, 2018"
AMERICAN HONDA FINANCE CORPORATION MTN,Corporates,Fixed Income,"665,083.33",0.21,"665,083.33","600,000.00",02665WCE9,US02665WCE93,BDT8HK4,109.53,United States,-,USD,5.49,1.85,1.0,"Feb 15, 2028",3.5,5.48,-,1.85,5.48,1.85,USD,"Feb 15, 2018","Feb 15, 2018"
TORCHMARK CORPORATION,Corporates,Fixed Income,"661,719.90",0.21,"661,719.90","575,000.00",891027AS3,US891027AS33,BFZYYP4,113.74,United States,-,USD,5.66,2.32,1.0,"Sep 15, 2028",4.55,5.78,-,2.25,5.6,2.25,USD,"Sep 27, 2018","Sep 27, 2018"
OMEGA HEALTHCARE INVESTORS INC,Corporates,Fixed Income,"660,004.47",0.21,"660,004.47","585,000.00",681936BK5,US681936BK50,BDVPZZ4,110.63,United States,-,USD,5.09,2.82,1.0,"Jan 15, 2028",4.75,5.19,-,2.75,5.0,2.75,USD,"Apr 04, 2017","Apr 04, 2017"
VALERO ENERGY PARTNERS LP,Corporates,Fixed Income,"657,972.52",0.21,"657,972.52","586,000.00",91914JAB8,US91914JAB89,BG33JS8,110.96,United States,-,USD,5.28,2.58,1.0,"Mar 15, 2028",4.5,5.39,-,2.51,5.2,2.51,USD,"Mar 29, 2018","Mar 29, 2018"
BERKSHIRE HATHAWAY ENERGY CO,Corporates,Fixed Income,"651,554.23",0.21,"651,554.23","603,000.00",084659AM3,US084659AM36,BDFLNQ5,107.37,United States,-,USD,5.56,2.0,1.0,"Apr 15, 2028",3.25,5.67,-,1.95,5.47,1.95,USD,"Apr 15, 2018","May 02, 2018"
ONCOR ELECTRIC DELIVERY COMPANY LL,Corporates,Fixed Income,"648,560.06",0.21,"648,560.06","586,000.00",68233JBH6,US68233JBH68,BGC1MM8,110.2,United States,-,USD,5.96,2.1,1.0,"Nov 15, 2028",3.7,6.08,-,2.04,5.89,2.04,USD,"Nov 15, 2018","Jan 24, 2019"
AIR LEASE CORPORATION,Corporates,Fixed Income,"646,674.97",0.21,"646,674.97","579,000.00",00912XBF0,US00912XBF06,BFXR1J8,110.53,United States,-,USD,5.69,2.9,1.0,"Oct 01, 2028",4.63,5.78,-,2.84,5.59,2.84,USD,"Sep 17, 2018","Sep 17, 2018"
DIAGEO CAPITAL PLC,Corporates,Fixed Income,"646,139.48",0.21,"646,139.48","575,000.00",25243YAZ2,US25243YAZ25,BF2G248,111.92,United Kingdom,-,USD,5.54,1.88,1.0,"May 18, 2028",3.88,5.68,-,1.81,5.49,1.81,USD,"May 18, 2018","May 18, 2018"
BROOKFIELD FINANCE INC,Corporates,Fixed Income,"641,694.25",0.21,"641,694.25","575,000.00",11271LAC6,US11271LAC63,BD0FYX6,109.91,Canada,-,USD,5.23,2.15,1.0,"Jan 25, 2028",3.9,5.35,-,2.08,5.15,2.08,USD,"Jan 17, 2018","Jan 17, 2018"
BAIDU INC,Corporates,Fixed Income,"640,264.19",0.21,"640,264.19","555,000.00",056752AN8,US056752AN88,BG10Y20,114.74,China,-,USD,5.76,2.52,1.0,"Nov 14, 2028",4.88,5.89,-,2.45,5.71,2.45,USD,"Nov 14, 2018","Nov 14, 2018"
MARRIOTT INTERNATIONAL INC,Corporates,Fixed Income,"636,477.79",0.2,"636,477.79","582,000.00",571903AY9,US571903AY99,BFY3CX6,108.52,United States,-,USD,5.44,2.53,1.0,"Apr 15, 2028",4.0,5.54,-,2.47,5.35,2.47,USD,"Apr 06, 2018","Apr 06, 2018"
SUMITOMO MITSUI FINANCIAL GROUP IN,Corporates,Fixed Income,"633,476.10",0.2,"633,476.10","576,000.00",86562MAY6,US86562MAY66,BFWJ225,108.36,Japan,-,USD,5.4,2.06,1.0,"Jan 17, 2028",3.54,5.38,-,2.06,5.38,2.06,USD,"Jan 17, 2018","Jan 17, 2018"
COCA-COLA CO,Corporates,Fixed Income,"631,145.61",0.2,"631,145.61","654,000.00",191216DD9,US191216DD90,-,96.21,United States,-,USD,5.97,1.64,1.0,"Mar 15, 2028",1.0,5.96,-,1.64,5.96,1.64,USD,"Sep 18, 2020","Sep 18, 2020"
INTERSTATE POWER AND LIGHT CO,Corporates,Fixed Income,"618,381.19",0.2,"618,381.19","550,000.00",461070AP9,US461070AP91,BGHHQC9,111.35,United States,-,USD,5.76,2.27,1.0,"Sep 26, 2028",4.1,5.88,-,2.21,5.69,2.21,USD,"Sep 26, 2018","Sep 26, 2018"
DUKE ENERGY FLORIDA LLC,Corporates,Fixed Income,"613,554.71",0.2,"613,554.71","547,000.00",26444HAE1,US26444HAE18,BYZMHH4,110.42,United States,-,USD,5.62,2.09,1.0,"Jul 15, 2028",3.8,5.74,-,2.03,5.54,2.03,USD,"Jun 21, 2018","Jun 21, 2018"
EASTMAN CHEMICAL COMPANY,Corporates,Fixed Income,"613,039.20",0.2,"613,039.20","537,000.00",277432AW0,US277432AW04,BD5FFZ0,113.79,United States,-,USD,5.87,2.33,1.0,"Dec 01, 2028",4.5,6.0,-,2.26,5.81,2.26,USD,"Nov 06, 2018","Nov 06, 2018"
FEDEX CORP,Corporates,Fixed Income,"611,451.47",0.2,"611,451.47","537,000.00",31428XBR6,US31428XBR61,BFWSC77,113.0,United States,-,USD,5.8,2.13,1.0,"Oct 17, 2028",4.2,5.93,-,2.07,5.74,2.07,USD,"Oct 17, 2018","Oct 17, 2018"
CBS CORP,Corporates,Fixed Income,"609,945.75",0.2,"609,945.75","565,000.00",124857AT0,US124857AT09,BYXKMT7,106.68,United States,-,USD,5.42,2.2,1.0,"Feb 15, 2028",3.38,5.48,-,2.17,5.34,2.17,USD,"Jul 03, 2017","Jul 03, 2017"
INTERPUBLIC GROUP OF COMPANIES INC,Corporates,Fixed Income,"607,043.48",0.19,"607,043.48","523,000.00",460690BP4,US460690BP43,BF4NV40,114.91,United States,-,USD,5.69,2.26,1.0,"Oct 01, 2028",4.65,5.82,-,2.18,5.63,2.18,USD,"Sep 21, 2018","Sep 21, 2018"
XYLEM INC (INDIANA),Corporates,Fixed Income,"602,966.21",0.19,"602,966.21","602,000.00",98419MAM2,US98419MAM29,-,99.35,United States,-,USD,5.63,2.06,1.0,"Jan 30, 2028",1.95,5.66,-,2.06,5.66,2.06,USD,"Jun 26, 2020","Jun 26, 2020"
PROLOGIS LP,Corporates,Fixed Income,"601,226.55",0.19,"601,226.55","530,000.00",74340XBH3,US74340XBH35,BFNC7H3,112.3,United States,-,USD,5.77,1.91,1.0,"Sep 15, 2028",3.88,5.9,-,1.85,5.71,1.85,USD,"Jun 20, 2018","Jun 20, 2018"
BOSTON SCIENTIFIC CORPORATION,Corporates,Fixed Income,"600,146.97",0.19,"600,146.97","529,000.00",101137AS6,US101137AS67,BD588V6,112.12,United States,-,USD,5.31,1.91,1.0,"Mar 01, 2028",4.0,5.45,-,1.83,5.26,1.83,USD,"Feb 26, 2018","Feb 26, 2018"
GENERAL MOTORS FINANCIAL CO INC,Corporates,Fixed Income,"598,825.85",0.19,"598,825.85","595,000.00",37045XDH6,US37045XDH61,-,100.1,United States,-,USD,5.74,2.38,1.0,"Apr 10, 2028",2.4,5.76,-,2.38,5.76,2.38,USD,"Apr 09, 2021","Apr 09, 2021"
BOEING CO,Corporates,Fixed Income,"595,959.70",0.19,"595,959.70","570,000.00",097023BX2,US097023BX25,BFXHLL0,103.47,United States,-,USD,5.45,2.64,1.0,"Mar 01, 2028",3.25,5.52,-,2.61,5.31,2.61,USD,"Feb 23, 2018","Feb 23, 2018"
PUBLIC SERVICE ELECTRIC AND GAS CO MTN,Corporates,Fixed Income,"589,856.43",0.19,"589,856.43","530,000.00",74456QBX3,US74456QBX34,BGLRQL4,110.08,United States,-,USD,5.77,2.03,1.0,"Sep 01, 2028",3.65,5.89,-,1.97,5.7,1.97,USD,"Sep 07, 2018","Sep 07, 2018"
ABBOTT LABORATORIES,Corporates,Fixed Income,"583,163.15",0.19,"583,163.15","596,000.00",002824BP4,US002824BP42,-,97.37,United States,-,USD,5.78,1.61,1.0,"Jan 30, 2028",1.15,5.81,-,1.61,5.81,1.61,USD,"Jun 24, 2020","Jun 24, 2020"
ENTERGY MISSISSIPPI LLC,Corporates,Fixed Income,"582,625.12",0.19,"582,625.12","555,000.00",29364NAT5,US29364NAT54,BYZK6X7,104.74,United States,-,USD,5.76,2.06,1.0,"Jun 01, 2028",2.85,5.85,-,2.03,5.64,2.03,USD,"May 13, 2016","May 13, 2016"
GENERAL MOTORS FINANCIAL CO INC,Corporates,Fixed Income,"577,175.67",0.19,"577,175.67","525,000.00",37045XCG9,US37045XCG97,BF3T633,108.06,United States,-,USD,5.19,2.4,1.0,"Jan 05, 2028",3.85,5.29,-,2.35,5.09,2.35,USD,"Jan 05, 2018","Jan 05, 2018"
INGERSOLL-RAND GLOBAL HOLDING COMP,Corporates,Fixed Income,"575,297.67",0.18,"575,297.67","520,000.00",45687AAP7,US45687AAP75,BF0VCD4,109.28,United States,-,USD,5.72,2.24,1.0,"Aug 21, 2028",3.75,5.84,-,2.19,5.64,2.19,USD,"Feb 21, 2018","Feb 21, 2018"
CDW LLC,Corporates,Fixed Income,"575,308.25",0.18,"575,308.25","550,000.00",12513GBD0,US12513GBD07,BKPQNF8,103.54,United States,-,USD,1.89,3.61,1.0,"Apr 01, 2028",4.25,5.42,-,2.29,0.73,2.29,USD,"Sep 26, 2019","Sep 26, 2019"
BLACKSTONE SECURED LENDING FUND 144A,Corporates,Fixed Income,"574,531.43",0.18,"574,531.43","585,000.00",09261XAF9,US09261XAF96,-,97.5,United States,-,USD,6.05,3.27,1.0,"Sep 30, 2028",2.85,6.04,-,3.27,6.04,3.27,USD,"Sep 30, 2021","Sep 30, 2021"
MID-AMERICA APARTMENTS LP,Corporates,Fixed Income,"574,348.19",0.18,"574,348.19","508,000.00",59523UAP2,US59523UAP21,BG5NSH8,112.87,United States,-,USD,5.57,2.06,1.0,"Jun 15, 2028",4.2,5.71,-,1.99,5.51,1.99,USD,"May 14, 2018","May 14, 2018"
AERCAP IRELAND CAPITAL DAC / AERCA,Corporates,Fixed Income,"572,170.07",0.18,"572,170.07","529,000.00",00774MAE5,US00774MAE57,BFNJ8W6,106.46,Ireland,-,USD,5.24,2.71,1.0,"Jan 23, 2028",3.88,5.32,-,2.67,5.13,2.67,USD,"Jan 23, 2018","Jan 23, 2018"
TOYOTA MOTOR CORPORATION,Corporates,Fixed Income,"570,622.71",0.18,"570,622.71","507,000.00",892331AD1,US892331AD13,BDG0747,110.91,Japan,-,USD,5.79,1.89,1.0,"Jul 20, 2028",3.67,5.78,-,1.89,5.78,1.89,USD,"Jul 20, 2018","Jul 20, 2018"
OSHKOSH CORP,Corporates,Fixed Income,"567,053.89",0.18,"567,053.89","500,000.00",688239AF9,US688239AF99,BF50RF3,112.82,United States,-,USD,5.43,2.42,1.0,"May 15, 2028",4.6,5.55,-,2.34,5.36,2.34,USD,"May 17, 2018","May 17, 2018"
REALTY INCOME CORPORATION,Corporates,Fixed Income,"566,433.16",0.18,"566,433.16","560,000.00",756109BJ2,US756109BJ21,-,101.05,United States,-,USD,5.95,2.03,1.0,"Jun 15, 2028",2.2,5.99,-,2.02,5.84,2.02,USD,"Jun 15, 2021","Jun 15, 2021"
ADVOCATE HEALTH AND HOSPITALS CORP,Corporates,Fixed Income,"566,292.56",0.18,"566,292.56","500,000.00",007589AA2,US007589AA28,BHZQ089,111.81,United States,-,USD,5.69,1.92,1.0,"Aug 15, 2028",3.83,5.83,-,1.86,5.63,1.86,USD,"Aug 16, 2018","Aug 16, 2018"
BANK OF NEW YORK MELLON CORP/THE MTN,Corporates,Fixed Income,"563,998.49",0.18,"563,998.49","499,000.00",06406RAH0,US06406RAH03,BG13NR7,112.35,United States,-,USD,5.64,1.78,1.0,"Apr 28, 2028",3.85,5.64,-,1.78,5.64,1.78,USD,"Apr 30, 2018","Apr 30, 2018"
AMCOR FINANCE (USA) INC,Corporates,Fixed Income,"563,365.89",0.18,"563,365.89","493,000.00",02343UAH8,US02343UAH86,-,113.7,Australia,-,USD,5.44,2.19,1.0,"May 15, 2028",4.5,5.58,-,2.1,5.39,2.1,USD,"Nov 15, 2019","Apr 23, 2020"
COMMONWEALTH EDISON COMPANY,Corporates,Fixed Income,"562,715.33",0.18,"562,715.33","505,000.00",202795JN1,US202795JN13,BFXKXD5,110.03,United States,-,USD,5.72,2.07,1.0,"Aug 15, 2028",3.7,5.84,-,2.01,5.64,2.01,USD,"Aug 14, 2018","Aug 14, 2018"
PRUDENTIAL FINANCIAL INC MTN,Corporates,Fixed Income,"562,465.63",0.18,"562,465.63","501,000.00",74432QCC7,US74432QCC78,BFNNX45,111.26,United States,-,USD,5.4,1.95,1.0,"Mar 27, 2028",3.88,5.54,-,1.88,5.34,1.88,USD,"Mar 27, 2018","Mar 27, 2018"
EDISON INTERNATIONAL,Corporates,Fixed Income,"560,229.13",0.18,"560,229.13","521,000.00",281020AM9,US281020AM97,BF28Y93,106.32,United States,-,USD,5.34,3.0,1.0,"Mar 15, 2028",4.13,5.42,-,2.96,5.23,2.96,USD,"Mar 13, 2018","Mar 13, 2018"
ANGLOGOLD ASHANTI LTD,Corporates,Fixed Income,"558,171.60",0.18,"558,171.60","560,000.00",03512TAF8,US03512TAF84,-,99.04,South Africa,-,USD,6.02,3.53,1.0,"Nov 01, 2028",3.38,6.01,-,3.53,6.01,3.53,USD,"Oct 22, 2021","Oct 22, 2021"
CONAGRA BRANDS INC,Corporates,Fixed Income,"558,016.50",0.18,"558,016.50","425,000.00",205887AR3,US205887AR36,2297769,129.55,United States,-,USD,5.55,2.26,1.0,"Oct 01, 2028",7.0,5.53,-,2.26,5.53,2.26,USD,"Oct 07, 1998","Oct 07, 1998"
ERP OPERATING LP,Corporates,Fixed Income,"552,654.09",0.18,"552,654.09","486,000.00",26884ABK8,US26884ABK88,BHLR8B5,113.37,United States,-,USD,5.93,2.07,1.0,"Dec 01, 2028",4.15,6.06,-,2.0,5.87,2.0,USD,"Nov 30, 2018","Nov 30, 2018"
CENTERPOINT ENERGY INC,Corporates,Fixed Income,"550,947.83",0.18,"550,947.83","490,000.00",15189TAV9,US15189TAV98,BF3B327,111.73,United States,-,USD,5.83,2.38,1.0,"Nov 01, 2028",4.25,5.95,-,2.32,5.76,2.32,USD,"Oct 05, 2018","Oct 05, 2018"
VIRGINIA ELECTRIC AND POWER COMPAN,Corporates,Fixed Income,"549,935.47",0.18,"549,935.47","497,000.00",927804FZ2,US927804FZ22,BFYCQS6,109.7,United States,-,USD,5.43,2.13,1.0,"Apr 01, 2028",3.8,5.55,-,2.07,5.35,2.07,USD,"Mar 22, 2018","Mar 22, 2018"
LINCOLN NATIONAL CORPORATION,Corporates,Fixed Income,"549,656.82",0.18,"549,656.82","499,000.00",534187BH1,US534187BH11,BFWZ881,109.83,United States,-,USD,5.39,2.09,1.0,"Mar 01, 2028",3.8,5.52,-,2.03,5.32,2.03,USD,"Feb 12, 2018","Feb 12, 2018"
JABIL INC,Corporates,Fixed Income,"549,028.17",0.18,"549,028.17","494,000.00",466313AH6,US466313AH63,BFW28M6,109.29,United States,-,USD,5.19,2.29,1.0,"Jan 12, 2028",3.95,5.31,-,2.23,5.11,2.23,USD,"Jan 17, 2018","Jan 17, 2018"
FIDELITY NATIONAL INFORMATION SERV,Corporates,Fixed Income,"547,472.30",0.18,"547,472.30","562,000.00",31620MBS4,US31620MBS44,-,96.86,United States,-,USD,5.77,2.2,1.0,"Mar 01, 2028",1.65,5.79,-,2.2,5.79,2.2,USD,"Mar 02, 2021","Mar 02, 2021"
INVITATION HOMES OPERATING PARTNER,Corporates,Fixed Income,"546,682.28",0.18,"546,682.28","550,000.00",46188BAB8,US46188BAB80,-,99.04,United States,-,USD,6.27,2.45,1.0,"Nov 15, 2028",2.3,6.29,-,2.45,6.29,2.45,USD,"Nov 05, 2021","Nov 05, 2021"
GATX CORPORATION,Corporates,Fixed Income,"543,134.07",0.17,"543,134.07","473,000.00",361448BC6,US361448BC68,BF4NQQ7,114.15,United States,-,USD,5.8,2.31,1.0,"Nov 07, 2028",4.55,5.93,-,2.23,5.74,2.23,USD,"May 07, 2018","May 07, 2018"
PHILLIPS 66 PARTNERS LP,Corporates,Fixed Income,"542,547.73",0.17,"542,547.73","499,000.00",718549AF5,US718549AF57,BDZ4H95,107.48,United States,-,USD,5.36,2.44,1.0,"Mar 01, 2028",3.75,5.46,-,2.39,5.26,2.39,USD,"Oct 13, 2017","Oct 13, 2017"
NUCOR CORPORATION,Corporates,Fixed Income,"539,316.77",0.17,"539,316.77","485,000.00",670346AP0,US670346AP04,BDVJC33,110.54,United States,-,USD,5.49,2.16,1.0,"May 01, 2028",3.95,5.61,-,2.1,5.41,2.1,USD,"Apr 26, 2018","Apr 26, 2018"
STANLEY BLACK & DECKER INC,Corporates,Fixed Income,"538,471.01",0.17,"538,471.01","471,000.00",854502AH4,US854502AH46,BFY3NH7,113.78,United States,-,USD,5.87,2.09,1.0,"Nov 15, 2028",4.25,6.0,-,2.02,5.81,2.02,USD,"Nov 06, 2018","Nov 06, 2018"
WRKCO INC,Corporates,Fixed Income,"536,653.60",0.17,"536,653.60","488,000.00",92940PAE4,US92940PAE43,BK68007,109.65,United States,-,USD,5.58,2.28,1.0,"Jun 01, 2028",3.9,5.69,-,2.22,5.5,2.22,USD,"May 20, 2019","May 20, 2019"
WASTE CONNECTIONS INC,Corporates,Fixed Income,"536,090.54",0.17,"536,090.54","475,000.00",941053AH3,US941053AH36,BH4PGR8,112.51,United States,-,USD,5.91,2.28,1.0,"Dec 01, 2028",4.25,6.04,-,2.22,5.85,2.22,USD,"Nov 16, 2018","Nov 16, 2018"
NOMURA HOLDINGS INC,Corporates,Fixed Income,"536,034.42",0.17,"536,034.42","540,000.00",65535HAY5,US65535HAY53,-,98.25,Japan,-,USD,6.01,2.46,1.0,"Jul 14, 2028",2.17,5.99,-,2.46,5.99,2.46,USD,"Jul 12, 2021","Jul 12, 2021"
PUBLIC STORAGE,Corporates,Fixed Income,"535,939.82",0.17,"535,939.82","535,000.00",74460DAH2,US74460DAH26,-,99.89,United States,-,USD,6.33,1.97,1.0,"Nov 09, 2028",1.95,6.37,-,1.97,6.37,1.97,USD,"Nov 09, 2021","Nov 09, 2021"
MARVELL TECHNOLOGY INC,Corporates,Fixed Income,"525,625.59",0.17,"525,625.59","515,000.00",573874AF1,US573874AF10,-,101.55,United States,-,USD,5.74,2.19,1.0,"Apr 15, 2028",2.45,5.78,-,2.18,5.64,2.18,USD,"Apr 12, 2021","Oct 07, 2021"
SYNNEX CORP 144A,Corporates,Fixed Income,"524,646.71",0.17,"524,646.71","535,000.00",87162WAG5,US87162WAG50,-,97.13,United States,-,USD,6.0,2.85,1.0,"Aug 09, 2028",2.38,6.0,-,2.85,6.0,2.85,USD,"Aug 09, 2021","Aug 09, 2021"
ALEXANDRIA REAL ESTATE EQUITIES IN,Corporates,Fixed Income,"524,047.51",0.17,"524,047.51","465,000.00",015271AK5,US015271AK55,BDFD446,110.88,United States,-,USD,5.2,2.03,1.0,"Jan 15, 2028",3.95,5.33,-,1.95,5.13,1.95,USD,"Mar 03, 2017","Mar 03, 2017"
HOME DEPOT INC,Corporates,Fixed Income,"515,053.07",0.17,"515,053.07","520,000.00",437076CH3,US437076CH36,-,98.63,United States,-,USD,6.28,1.72,1.0,"Sep 15, 2028",1.5,6.32,-,1.72,6.32,1.72,USD,"Sep 21, 2021","Sep 21, 2021"
ARROW ELECTRONICS INC,Corporates,Fixed Income,"513,695.55",0.16,"513,695.55","466,000.00",042735BF6,US042735BF63,BZ4DLS4,108.42,United States,-,USD,5.21,2.37,1.0,"Jan 12, 2028",3.88,5.31,-,2.31,5.11,2.31,USD,"Jun 12, 2017","Jun 12, 2017"
DUKE ENERGY PROGRESS LLC,Corporates,Fixed Income,"511,319.13",0.16,"511,319.13","460,000.00",26442UAG9,US26442UAG94,BFZHS73,109.92,United States,-,USD,5.76,2.1,1.0,"Sep 01, 2028",3.7,5.88,-,2.04,5.68,2.04,USD,"Aug 09, 2018","Aug 09, 2018"
TRANSCONTINENTAL GAS PIPE LINE COM,Corporates,Fixed Income,"509,936.58",0.16,"509,936.58","460,000.00",893574AK9,US893574AK91,BF4YFR4,109.68,United States,-,USD,5.35,2.32,1.0,"Mar 15, 2028",4.0,5.47,-,2.25,5.27,2.25,USD,"Sep 15, 2018","Sep 20, 2018"
INTERNATIONAL FLAVORS & FRAGRANCES,Corporates,Fixed Income,"504,140.14",0.16,"504,140.14","440,000.00",459506AK7,US459506AK78,BG5JQJ4,113.4,United States,-,USD,5.7,2.29,1.0,"Sep 26, 2028",4.45,5.83,-,2.22,5.64,2.22,USD,"Sep 26, 2018","Sep 26, 2018"
PUGET ENERGY INC,Corporates,Fixed Income,"503,195.24",0.16,"503,195.24","510,000.00",745310AM4,US745310AM41,-,98.56,United States,-,USD,5.92,2.62,1.0,"Jun 15, 2028",2.38,5.93,-,2.62,5.93,2.62,USD,"Jun 14, 2021","Oct 12, 2021"
ERP OPERATING LP,Corporates,Fixed Income,"501,244.68",0.16,"501,244.68","455,000.00",26884ABJ1,US26884ABJ16,BDT7DM5,109.0,United States,-,USD,5.39,1.94,1.0,"Mar 01, 2028",3.5,5.52,-,1.89,5.31,1.89,USD,"Feb 07, 2018","Feb 07, 2018"
WASTE MANAGEMENT INC,Corporates,Fixed Income,"499,812.97",0.16,"499,812.97","522,000.00",94106LBN8,US94106LBN82,-,95.41,United States,-,USD,5.91,1.94,1.0,"Mar 15, 2028",1.15,5.92,-,1.94,5.92,1.94,USD,"Nov 17, 2020","Nov 17, 2020"
EQUINIX INC,Corporates,Fixed Income,"495,894.47",0.16,"495,894.47","512,000.00",29444UBL9,US29444UBL98,-,96.4,United States,-,USD,5.83,2.17,1.0,"Mar 15, 2028",1.55,5.84,-,2.17,5.84,2.17,USD,"Oct 07, 2020","Oct 07, 2020"
EVERSOURCE ENERGY,Corporates,Fixed Income,"494,984.32",0.16,"494,984.32","457,000.00",30040WAE8,US30040WAE84,BFMKN70,106.79,United States,-,USD,5.31,2.1,1.0,"Jan 15, 2028",3.3,5.41,-,2.05,5.21,2.05,USD,"Jan 08, 2018","Jan 08, 2018"
CAMDEN PROPERTY TRUST,Corporates,Fixed Income,"494,888.87",0.16,"494,888.87","435,000.00",133131AW2,US133131AW29,BF19XY5,112.9,United States,-,USD,5.81,2.05,1.0,"Oct 15, 2028",4.1,5.95,-,1.99,5.75,1.99,USD,"Oct 04, 2018","Oct 04, 2018"
NVENT FINANCE SARL,Corporates,Fixed Income,"493,088.44",0.16,"493,088.44","440,000.00",67078AAD5,US67078AAD54,BGLHTD7,111.11,United Kingdom,-,USD,5.36,2.62,1.0,"Apr 15, 2028",4.55,5.47,-,2.55,5.28,2.55,USD,"Oct 15, 2018","Oct 22, 2018"
SIMON PROPERTY GROUP LP,Corporates,Fixed Income,"487,592.50",0.16,"487,592.50","492,000.00",828807DL8,US828807DL84,-,98.38,United States,-,USD,5.65,2.04,1.0,"Feb 01, 2028",1.75,5.69,-,2.04,5.69,2.04,USD,"Jan 21, 2021","Jan 21, 2021"
VONTIER CORP 144A,Corporates,Fixed Income,"487,515.60",0.16,"487,515.60","495,000.00",928881AC5,US928881AC51,-,97.89,United States,-,USD,5.72,2.77,1.0,"Apr 01, 2028",2.4,5.72,-,2.77,5.72,2.77,USD,"Mar 10, 2021","Mar 10, 2021"
AVERY DENNISON CORPORATION,Corporates,Fixed Income,"485,763.90",0.16,"485,763.90","415,000.00",053611AJ8,US053611AJ82,BGLBS32,116.71,United States,-,USD,5.83,2.26,1.0,"Dec 06, 2028",4.88,5.97,-,2.17,5.78,2.17,USD,"Dec 06, 2018","Dec 06, 2018"
TIMKEN COMPANY,Corporates,Fixed Income,"482,444.16",0.15,"482,444.16","431,000.00",887389AK0,US887389AK07,-,111.74,United States,-,USD,5.91,2.64,1.0,"Dec 15, 2028",4.5,6.02,-,2.58,5.83,2.58,USD,"Sep 06, 2018","Sep 06, 2018"
MASCO CORPORATION,Corporates,Fixed Income,"482,410.50",0.15,"482,410.50","495,000.00",574599BS4,US574599BS40,-,96.89,United States,-,USD,5.76,2.04,1.0,"Feb 15, 2028",1.5,5.77,-,2.04,5.77,2.04,USD,"Mar 04, 2021","Mar 04, 2021"
HYATT HOTELS CORP,Corporates,Fixed Income,"480,749.26",0.15,"480,749.26","440,000.00",448579AG7,US448579AG79,BDT6C36,107.97,United States,-,USD,5.69,3.05,1.0,"Sep 15, 2028",4.38,5.76,-,3.01,5.58,3.01,USD,"Aug 16, 2018","Aug 16, 2018"
SUTTER HEALTH,Corporates,Fixed Income,"479,926.82",0.15,"479,926.82","430,000.00",86944BAD5,US86944BAD55,BFMNXB3,110.22,United States,-,USD,5.72,2.04,1.0,"Aug 15, 2028",3.69,5.84,-,1.98,5.64,1.98,USD,"Apr 04, 2018","Apr 04, 2018"
TEXTRON INC,Corporates,Fixed Income,"475,558.15",0.15,"475,558.15","445,000.00",883203BY6,US883203BY60,BDR5NW1,105.74,United States,-,USD,5.42,2.37,1.0,"Mar 01, 2028",3.38,5.51,-,2.33,5.31,2.33,USD,"Sep 13, 2017","Sep 13, 2017"
NATIONAL RURAL UTILITIES COOPERATI,Corporates,Fixed Income,"469,435.03",0.15,"469,435.03","419,000.00",637432NQ4,US637432NQ44,BFY3N33,111.39,United States,-,USD,5.89,2.1,1.0,"Nov 01, 2028",3.9,6.02,-,2.04,5.82,2.04,USD,"Oct 31, 2018","Oct 31, 2018"
NATIONAL RETAIL PROPERTIES INC,Corporates,Fixed Income,"466,296.19",0.15,"466,296.19","410,000.00",637417AL0,US637417AL01,BF5HW04,112.82,United States,-,USD,5.78,2.25,1.0,"Oct 15, 2028",4.3,5.9,-,2.18,5.71,2.18,USD,"Sep 27, 2018","Sep 27, 2018"
PACIFIC GAS AND ELECTRIC COMPANY,Corporates,Fixed Income,"461,606.93",0.15,"461,606.93","460,000.00",694308JW8,US694308JW85,-,100.22,United States,-,USD,5.81,2.96,1.0,"Jun 15, 2028",3.0,5.82,-,2.96,5.69,2.96,USD,"Jun 03, 2021","Jun 03, 2021"
INDIANA MICHIGAN POWER CO,Corporates,Fixed Income,"461,293.02",0.15,"461,293.02","415,000.00",454889AS5,US454889AS52,BG227Y8,110.66,United States,-,USD,5.54,2.06,1.0,"May 15, 2028",3.85,5.67,-,1.99,5.47,1.99,USD,"May 02, 2018","May 02, 2018"
SOUTHWEST GAS CORP,Corporates,Fixed Income,"459,173.40",0.15,"459,173.40","420,000.00",845011AA3,US845011AA37,BFBDB21,108.4,United States,-,USD,5.45,2.25,1.0,"Apr 01, 2028",3.7,5.56,-,2.2,5.36,2.2,USD,"Mar 15, 2018","Mar 15, 2018"
CENTERPOINT ENERGY RESOURCES CORPO,Corporates,Fixed Income,"453,102.47",0.15,"453,102.47","409,000.00",15189WAL4,US15189WAL46,-,109.78,United States,-,USD,5.4,2.31,1.0,"Apr 01, 2028",4.0,5.51,-,2.25,5.32,2.25,USD,"Mar 28, 2018","Mar 28, 2018"
COCA-COLA CO,Corporates,Fixed Income,"451,052.12",0.14,"451,052.12","455,000.00",191216DJ6,US191216DJ60,-,98.65,United States,-,USD,5.85,1.73,1.0,"Mar 05, 2028",1.5,5.84,-,1.73,5.84,1.73,USD,"Mar 05, 2021","Mar 05, 2021"
TOLEDO HOSPITAL,Corporates,Fixed Income,"447,023.15",0.14,"447,023.15","395,000.00",889184AC1,US889184AC18,-,112.49,United States,-,USD,5.83,3.28,1.0,"Nov 15, 2028",5.33,5.79,-,3.28,5.79,3.28,USD,"Oct 25, 2018","Oct 25, 2018"
SOUTHERN CALIFORNIA EDISON COMPANY,Corporates,Fixed Income,"446,937.48",0.14,"446,937.48","409,000.00",842400GJ6,US842400GJ61,BFN8K49,108.06,United States,-,USD,5.37,2.24,1.0,"Mar 01, 2028",3.65,5.48,-,2.19,5.28,2.19,USD,"Mar 05, 2018","Mar 05, 2018"
TELEDYNE TECHNOLOGIES INCORPORATED,Corporates,Fixed Income,"445,429.85",0.14,"445,429.85","441,000.00",879360AD7,US879360AD71,-,100.44,United States,-,USD,5.74,2.17,1.0,"Apr 01, 2028",2.25,5.77,-,2.17,5.63,2.17,USD,"Mar 22, 2021","Mar 22, 2021"
AVALONBAY COMMUNITIES INC MTN,Corporates,Fixed Income,"443,180.03",0.14,"443,180.03","408,000.00",05348EBC2,US05348EBC21,BD5W7Z5,107.15,United States,-,USD,5.32,1.94,1.0,"Jan 15, 2028",3.2,5.43,-,1.89,5.23,1.89,USD,"Nov 15, 2017","Nov 15, 2017"
OKLAHOMA GAS AND ELECTRIC COMPANY,Corporates,Fixed Income,"440,545.69",0.14,"440,545.69","395,000.00",678858BT7,US678858BT77,BGHJVW0,110.1,United States,-,USD,5.56,2.16,1.0,"Aug 15, 2028",3.8,5.82,-,2.04,5.43,2.04,USD,"Aug 17, 2018","Aug 17, 2018"
REALTY INCOME CORPORATION,Corporates,Fixed Income,"440,450.90",0.14,"440,450.90","398,000.00",756109AU8,US756109AU84,BYVHXJ7,108.98,United States,-,USD,5.25,2.06,1.0,"Jan 15, 2028",3.65,5.36,-,2.0,5.16,2.0,USD,"Dec 06, 2017","Dec 06, 2017"
PERKINELMER INC,Corporates,Fixed Income,"440,206.61",0.14,"440,206.61","445,000.00",714046AM1,US714046AM14,-,98.34,United States,-,USD,6.19,2.17,1.0,"Sep 15, 2028",1.9,6.22,-,2.17,6.22,2.17,USD,"Sep 10, 2021","Sep 10, 2021"
ATLANTIC CITY ELECTRIC CO,Corporates,Fixed Income,"430,679.96",0.14,"430,679.96","382,000.00",048303CH2,US048303CH28,BGSJG13,111.9,United States,-,USD,5.83,2.11,1.0,"Oct 15, 2028",4.0,5.96,-,2.05,5.76,2.05,USD,"Oct 16, 2018","Oct 16, 2018"
DELL INC,Corporates,Fixed Income,"429,593.02",0.14,"429,593.02","340,000.00",247025AE9,US247025AE93,2240871,124.85,United States,-,USD,5.21,2.77,1.0,"Apr 15, 2028",7.1,5.18,-,2.77,5.18,2.77,USD,"Apr 15, 1998","Apr 27, 1998"
DEVON ENERGY CORPORATION,Corporates,Fixed Income,"429,369.39",0.14,"429,369.39","395,000.00",25179MBE2,US25179MBE21,-,108.44,United States,-,USD,1.72,4.36,1.0,"Jun 15, 2028",5.88,5.38,-,1.96,1.4,1.96,USD,"Dec 15, 2021","Dec 29, 2021"
SPIRIT REALTY LP,Corporates,Fixed Income,"427,932.70",0.14,"427,932.70","435,000.00",84861TAH1,US84861TAH14,-,97.76,United States,-,USD,5.73,2.49,1.0,"Mar 15, 2028",2.1,5.74,-,2.49,5.74,2.49,USD,"Mar 03, 2021","Mar 03, 2021"
TOYOTA MOTOR CREDIT CORP MTN,Corporates,Fixed Income,"427,718.30",0.14,"427,718.30","425,000.00",89236TJF3,US89236TJF30,-,100.19,United States,-,USD,5.87,1.87,1.0,"Apr 06, 2028",1.9,5.86,-,1.87,5.86,1.87,USD,"Apr 09, 2021","Apr 09, 2021"
ENTERGY CORPORATION,Corporates,Fixed Income,"423,205.13",0.14,"423,205.13","431,000.00",29364GAN3,US29364GAN34,-,98.11,United States,-,USD,6.01,2.22,1.0,"Jun 15, 2028",1.9,6.03,-,2.22,6.03,2.22,USD,"Mar 05, 2021","Mar 05, 2021"
PUBLIC SERVICE COMPANY OF COLORADO,Corporates,Fixed Income,"413,446.67",0.13,"413,446.67","375,000.00",744448CP4,US744448CP44,-,110.09,United States,-,USD,5.5,2.02,1.0,"Jun 15, 2028",3.7,5.77,-,1.9,5.37,1.9,USD,"Jun 21, 2018","Jun 21, 2018"
CONSOLIDATED EDISON COMPANY OF NEW,Corporates,Fixed Income,"412,551.26",0.13,"412,551.26","373,000.00",209111FP3,US209111FP33,BFXYCV8,110.12,United States,-,USD,5.55,2.1,1.0,"May 15, 2028",3.8,5.67,-,2.03,5.47,2.03,USD,"May 10, 2018","May 10, 2018"
TENNESSEE GAS PIPELINE CO,Corporates,Fixed Income,"409,036.02",0.13,"409,036.02","316,000.00",880451AV1,US880451AV10,2298278,127.96,United States,-,USD,5.58,2.5,1.0,"Oct 15, 2028",7.0,5.56,-,2.5,5.56,2.5,USD,"Oct 09, 1998","Oct 09, 1998"
CITIGROUP INC,Corporates,Fixed Income,"403,388.56",0.13,"403,388.56","315,000.00",172967AR2,US172967AR23,2551142,125.01,United States,-,USD,5.04,2.18,1.0,"Jan 15, 2028",6.63,5.02,-,2.18,5.02,2.18,USD,"Jan 09, 1998","Jan 09, 1998"
ENTERGY LOUISIANA LLC,Corporates,Fixed Income,"402,358.12",0.13,"402,358.12","375,000.00",29364WAW8,US29364WAW82,BDFXRD6,106.48,United States,-,USD,5.53,2.14,1.0,"Apr 01, 2028",3.25,5.62,-,2.09,5.42,2.09,USD,"Mar 24, 2016","Mar 24, 2016"
LOWES COS INC,Corporates,Fixed Income,"399,017.92",0.13,"399,017.92","405,000.00",548661ED5,US548661ED58,-,98.05,United States,-,USD,6.24,2.01,1.0,"Sep 15, 2028",1.7,6.27,-,2.01,6.27,2.01,USD,"Sep 20, 2021","Sep 20, 2021"
MISSISSIPPI POWER COMPANY,Corporates,Fixed Income,"398,723.40",0.13,"398,723.40","360,000.00",605417CB8,US605417CB81,BFNNXJ0,109.77,United States,-,USD,5.4,2.26,1.0,"Mar 30, 2028",3.95,5.52,-,2.2,5.33,2.2,USD,"Mar 27, 2018","Mar 27, 2018"
JOHN DEERE CAPITAL CORP MTN,Corporates,Fixed Income,"397,946.82",0.13,"397,946.82","366,000.00",24422EUB3,US24422EUB37,BFMKPW9,107.25,United States,-,USD,5.45,1.77,1.0,"Jan 06, 2028",3.05,5.44,-,1.77,5.44,1.77,USD,"Jan 08, 2018","Jan 08, 2018"
HUBBELL INCORPORATED,Corporates,Fixed Income,"396,990.13",0.13,"396,990.13","364,000.00",443510AJ1,US443510AJ12,BFX72D9,107.74,United States,-,USD,5.35,2.14,1.0,"Feb 15, 2028",3.5,5.46,-,2.09,5.26,2.09,USD,"Feb 02, 2018","Feb 02, 2018"
IBM CORP,Corporates,Fixed Income,"387,039.67",0.12,"387,039.67","300,000.00",459200AS0,US459200AS04,2572392,126.02,United States,-,USD,5.06,1.92,1.0,"Jan 15, 2028",6.5,5.04,-,1.92,5.04,1.92,USD,"Jan 09, 1998","Jan 09, 1998"
TCI COMMUNICATIONS INC,Corporates,Fixed Income,"384,907.59",0.12,"384,907.59","292,000.00",872287AL1,US872287AL19,2243063,129.13,United States,-,USD,5.07,2.04,1.0,"Feb 15, 2028",7.13,5.06,-,2.04,5.06,2.04,USD,"Feb 24, 1998","Feb 24, 1998"
AIR LEASE CORPORATION,Corporates,Fixed Income,"380,268.85",0.12,"380,268.85","390,000.00",00914AAQ5,US00914AAQ58,-,96.73,United States,-,USD,6.12,2.64,1.0,"Sep 01, 2028",2.1,6.12,-,2.64,6.12,2.64,USD,"Aug 18, 2021","Aug 18, 2021"
AMEREN ILLINOIS COMPANY,Corporates,Fixed Income,"377,160.49",0.12,"377,160.49","340,000.00",02361DAS9,US02361DAS99,-,110.44,United States,-,USD,5.55,2.04,1.0,"May 15, 2028",3.8,5.68,-,1.98,5.48,1.98,USD,"May 22, 2018","May 22, 2018"
LAZARD GROUP LLC,Corporates,Fixed Income,"375,774.75",0.12,"375,774.75","325,000.00",52107QAJ4,US52107QAJ40,BGKLMY2,114.35,United States,-,USD,5.67,2.19,1.0,"Sep 19, 2028",4.5,5.81,-,2.11,5.62,2.11,USD,"Sep 19, 2018","Sep 19, 2018"
ESSEX PROPERTY TRUST INC,Corporates,Fixed Income,"373,181.53",0.12,"373,181.53","380,000.00",29717PAY3,US29717PAY34,-,97.64,United States,-,USD,5.76,2.11,1.0,"Mar 01, 2028",1.7,5.78,-,2.11,5.78,2.11,USD,"Mar 01, 2021","Mar 01, 2021"
STORE CAPITAL CORP,Corporates,Fixed Income,"370,906.80",0.12,"370,906.80","330,000.00",862121AA8,US862121AA88,BF28W33,111.07,United States,-,USD,5.28,2.56,1.0,"Mar 15, 2028",4.5,5.39,-,2.49,5.2,2.49,USD,"Mar 15, 2018","Mar 15, 2018"
BLOCK FINANCIAL LLC,Corporates,Fixed Income,"360,487.12",0.12,"360,487.12","355,000.00",093662AJ3,US093662AJ37,-,100.25,United States,-,USD,5.9,2.46,1.0,"Jul 15, 2028",2.5,5.92,-,2.46,5.92,2.46,USD,"Jun 25, 2021","Jun 25, 2021"
AMEREN CORPORATION,Corporates,Fixed Income,"357,723.26",0.11,"357,723.26","367,000.00",023608AK8,US023608AK87,-,96.96,United States,-,USD,5.79,2.28,1.0,"Mar 15, 2028",1.75,5.8,-,2.28,5.8,2.28,USD,"Mar 05, 2021","Mar 05, 2021"
HEALTHCARE REALTY TRUST INC,Corporates,Fixed Income,"356,221.22",0.11,"356,221.22","325,000.00",421946AK0,US421946AK01,BD1KJZ7,107.94,United States,-,USD,5.26,2.21,1.0,"Jan 15, 2028",3.63,5.36,-,2.16,5.16,2.16,USD,"Dec 11, 2017","Dec 11, 2017"
MARRIOTT INTERNATIONAL INC,Corporates,Fixed Income,"354,915.23",0.11,"354,915.23","315,000.00",571903BB8,US571903BB87,BGPC0R9,112.28,United States,-,USD,5.85,2.69,1.0,"Dec 01, 2028",4.65,5.96,-,2.63,5.77,2.63,USD,"Nov 16, 2018","Nov 16, 2018"
ASSURANT INC,Corporates,Fixed Income,"353,011.41",0.11,"353,011.41","305,000.00",04621XAJ7,US04621XAJ72,-,114.46,United States,-,USD,5.26,2.39,1.0,"Mar 27, 2028",4.9,5.39,-,2.3,5.2,2.3,USD,"Mar 27, 2018","Mar 27, 2018"
NATIONAL FUEL GAS COMPANY,Corporates,Fixed Income,"352,268.70",0.11,"352,268.70","315,000.00",636180BP5,US636180BP52,BFXV532,110.25,United States,-,USD,5.58,3.04,1.0,"Sep 01, 2028",4.75,5.67,-,2.98,5.49,2.98,USD,"Aug 17, 2018","Aug 17, 2018"
CONSOLIDATED EDISON COMPANY OF NEW,Corporates,Fixed Income,"348,868.83",0.11,"348,868.83","310,000.00",209111FS7,US209111FS71,BGY2QW7,112.21,United States,-,USD,5.95,2.1,1.0,"Dec 01, 2028",4.0,6.08,-,2.03,5.89,2.03,USD,"Nov 30, 2018","Nov 30, 2018"
BRIXMOR OPERATING PARTNERSHIP LP,Corporates,Fixed Income,"346,554.23",0.11,"346,554.23","345,000.00",11120VAK9,US11120VAK98,-,99.89,United States,-,USD,5.75,2.27,1.0,"Apr 01, 2028",2.25,5.77,-,2.27,5.77,2.27,USD,"Mar 05, 2021","Mar 05, 2021"
KIMCO REALTY CORPORATION,Corporates,Fixed Income,"344,032.41",0.11,"344,032.41","346,000.00",49446RAX7,US49446RAX70,-,98.8,United States,-,USD,5.72,2.11,1.0,"Mar 01, 2028",1.9,5.75,-,2.11,5.75,2.11,USD,"Aug 24, 2020","Aug 24, 2020"
CINCINNATI FINANCIAL CORPORATION,Corporates,Fixed Income,"342,581.99",0.11,"342,581.99","265,000.00",172062AF8,US172062AF88,B07T3M2,128.39,United States,-,USD,5.33,2.13,1.0,"May 15, 2028",6.92,5.32,-,2.13,5.32,2.13,USD,"Nov 15, 2004","Apr 29, 2005"
SUZANO AUSTRIA GMBH,Corporates,Fixed Income,"340,413.69",0.11,"340,413.69","350,000.00",86964WAL6,US86964WAL63,-,96.52,Brazil,-,USD,6.08,3.08,1.0,"Sep 15, 2028",2.5,6.07,-,3.08,6.07,3.08,USD,"Sep 13, 2021","Sep 13, 2021"
BON SECOURS MERCY HEALTH,Corporates,Fixed Income,"338,208.65",0.11,"338,208.65","295,000.00",58942HAC5,US58942HAC51,-,112.5,United States,-,USD,5.35,2.23,1.0,"Jul 01, 2028",4.3,5.62,-,2.08,5.24,2.08,USD,"Dec 17, 2018","Dec 17, 2018"
KENNAMETAL INC,Corporates,Fixed Income,"337,675.67",0.11,"337,675.67","300,000.00",489170AE0,US489170AE03,BDD8528,112.35,United States,-,USD,5.51,2.54,1.0,"Jun 15, 2028",4.63,5.63,-,2.47,5.44,2.47,USD,"Jun 07, 2018","Jun 07, 2018"
UDR INC MTN,Corporates,Fixed Income,"337,121.56",0.11,"337,121.56","310,000.00",90265EAN0,US90265EAN04,BFD9PG9,107.14,United States,-,USD,5.28,2.23,1.0,"Jan 15, 2028",3.5,5.38,-,2.18,5.17,2.18,USD,"Dec 13, 2017","Dec 13, 2017"
PACIFIC GAS AND ELECTRIC COMPANY,Corporates,Fixed Income,"336,291.48",0.11,"336,291.48","305,000.00",694308JC2,US694308JC22,BLPHDN6,108.32,United States,-,USD,5.52,3.24,1.0,"Aug 01, 2028",4.65,5.59,-,3.19,5.41,3.19,USD,"Feb 01, 2020","Jun 26, 2020"
AMGEN INC,Corporates,Fixed Income,"335,419.63",0.11,"335,419.63","340,000.00",031162DB3,US031162DB37,-,98.0,United States,-,USD,6.16,1.97,1.0,"Aug 15, 2028",1.65,6.19,-,1.97,6.19,1.97,USD,"Aug 09, 2021","Aug 09, 2021"
CONTINENTAL RESOURCES INC,Corporates,Fixed Income,"331,030.08",0.11,"331,030.08","300,000.00",212015AS0,US212015AS02,BF19CF9,108.33,United States,-,USD,5.15,2.86,1.0,"Jan 15, 2028",4.38,5.23,-,2.81,5.04,2.81,USD,"Dec 08, 2017","May 23, 2018"
DUKE ENERGY CAROLINAS LLC,Corporates,Fixed Income,"328,658.30",0.11,"328,658.30","265,000.00",264399DK9,US264399DK95,2428707,123.52,United States,-,USD,5.83,2.3,1.0,"Dec 01, 2028",6.0,5.81,-,2.3,5.81,2.3,USD,"Dec 04, 1998","Dec 04, 1998"
BAXTER INTERNATIONAL INC 144A,Corporates,Fixed Income,"328,345.33",0.11,"328,345.33","325,000.00",071813CM9,US071813CM91,-,100.84,United States,-,USD,6.32,2.14,1.0,"Dec 01, 2028",2.27,6.36,-,2.14,6.22,2.14,USD,"Dec 01, 2021","Dec 01, 2021"
BOEING CO,Corporates,Fixed Income,"327,332.10",0.11,"327,332.10","310,000.00",097023CA1,US097023CA13,BGYTGW8,105.02,United States,-,USD,5.98,2.64,1.0,"Nov 01, 2028",3.45,6.05,-,2.62,5.86,2.62,USD,"Oct 31, 2018","Oct 31, 2018"
EPR PROPERTIES,Corporates,Fixed Income,"326,928.00",0.1,"326,928.00","300,000.00",26884UAE9,US26884UAE91,BFNSMR6,107.93,United States,-,USD,5.31,3.53,1.0,"Apr 15, 2028",4.95,5.37,-,3.48,5.19,3.48,USD,"Apr 16, 2018","Apr 16, 2018"
ASTRAZENECA FINANCE LLC,Corporates,Fixed Income,"323,685.10",0.1,"323,685.10","325,000.00",04636NAE3,US04636NAE31,-,99.44,United Kingdom,-,USD,5.99,1.84,1.0,"May 28, 2028",1.75,6.02,-,1.84,6.02,1.84,USD,"May 28, 2021","May 28, 2021"
PHYSICIANS REALTY LP,Corporates,Fixed Income,"317,710.56",0.1,"317,710.56","285,000.00",71951QAB8,US71951QAB86,BD3JBP6,109.66,United States,-,USD,5.21,2.23,1.0,"Jan 15, 2028",3.95,5.32,-,2.17,5.12,2.17,USD,"Dec 01, 2017","Dec 01, 2017"
REGIONS FINANCIAL CORPORATION,Corporates,Fixed Income,"315,728.00",0.1,"315,728.00","320,000.00",7591EPAT7,US7591EPAT77,-,97.97,United States,-,USD,6.13,2.13,1.0,"Aug 12, 2028",1.8,6.15,-,2.13,6.15,2.13,USD,"Aug 12, 2021","Aug 12, 2021"
REGENCY CENTERS LP,Corporates,Fixed Income,"315,217.23",0.1,"315,217.23","280,000.00",75884RAX1,US75884RAX17,BDD1H65,111.36,United States,-,USD,5.33,2.16,1.0,"Mar 15, 2028",4.13,5.46,-,2.09,5.27,2.09,USD,"Mar 09, 2018","Mar 09, 2018"
CONSUMERS ENERGY COMPANY,Corporates,Fixed Income,"314,367.50",0.1,"314,367.50","281,000.00",210518DC7,US210518DC78,BGYTGG2,111.39,United States,-,USD,5.94,2.02,1.0,"Nov 15, 2028",3.8,6.07,-,1.96,5.88,1.96,USD,"Nov 13, 2018","Nov 13, 2018"
HIGHWOODS REALTY LP,Corporates,Fixed Income,"312,649.63",0.1,"312,649.63","280,000.00",431282AQ5,US431282AQ55,BDGGSD1,110.45,United States,-,USD,5.33,2.31,1.0,"Mar 15, 2028",4.13,5.45,-,2.24,5.26,2.24,USD,"Mar 05, 2018","Mar 05, 2018"
WESTPAC BANKING CORP,Corporates,Fixed Income,"309,587.24",0.1,"309,587.24","310,000.00",961214EW9,US961214EW94,-,99.64,Australia,-,USD,6.41,2.01,1.0,"Nov 20, 2028",1.95,6.4,-,2.01,6.4,2.01,USD,"Nov 18, 2021","Nov 18, 2021"
PROSPECT CAPITAL CORP,Corporates,Fixed Income,"305,550.79",0.1,"305,550.79","315,000.00",74348TAW2,US74348TAW27,-,96.14,United States,-,USD,5.97,4.09,1.0,"Oct 15, 2028",3.44,5.92,-,4.09,5.92,4.09,USD,"Sep 30, 2021","Sep 30, 2021"
AUTOMATIC DATA PROCESSING INC,Corporates,Fixed Income,"300,090.67",0.1,"300,090.67","300,000.00",053015AG8,US053015AG87,-,99.81,United States,-,USD,5.95,1.73,1.0,"May 15, 2028",1.7,6.0,-,1.73,6.0,1.73,USD,"May 14, 2021","May 14, 2021"
JOHN DEERE CAPITAL CORP,Corporates,Fixed Income,"297,969.43",0.1,"297,969.43","301,000.00",24422EVP1,US24422EVP14,-,98.51,United States,-,USD,5.85,1.75,1.0,"Mar 06, 2028",1.5,5.84,-,1.75,5.84,1.75,USD,"Mar 04, 2021","Mar 04, 2021"
AUTONATION INC,Corporates,Fixed Income,"295,891.00",0.09,"295,891.00","300,000.00",05329WAR3,US05329WAR34,-,97.81,United States,-,USD,6.07,2.31,1.0,"Aug 01, 2028",1.95,6.08,-,2.31,6.08,2.31,USD,"Jul 29, 2021","Jul 29, 2021"
TJX COMPANIES INC,Corporates,Fixed Income,"294,717.61",0.09,"294,717.61","306,000.00",872540AV1,US872540AV10,-,96.17,United States,-,USD,6.07,1.79,1.0,"May 15, 2028",1.15,6.09,-,1.79,6.09,1.79,USD,"Nov 30, 2020","Nov 30, 2020"
SOUTHERN COMPANY (THE),Corporates,Fixed Income,"288,643.57",0.09,"288,643.57","295,000.00",842587DH7,US842587DH79,-,97.33,United States,-,USD,5.77,2.21,1.0,"Mar 15, 2028",1.75,5.81,-,2.21,5.81,2.21,USD,"Feb 26, 2021","Feb 26, 2021"
KILROY REALTY LP,Corporates,Fixed Income,"287,770.28",0.09,"287,770.28","250,000.00",49427RAN2,US49427RAN26,BHJVLP4,114.9,United States,-,USD,5.87,2.41,1.0,"Dec 15, 2028",4.75,6.0,-,2.34,5.81,2.34,USD,"Nov 29, 2018","Nov 29, 2018"
HOME DEPOT INC,Corporates,Fixed Income,"284,561.64",0.09,"284,561.64","297,000.00",437076CE0,US437076CE05,-,95.55,United States,-,USD,5.95,1.66,1.0,"Mar 15, 2028",0.9,5.98,-,1.66,5.98,1.66,USD,"Jan 07, 2021","Jan 07, 2021"
SVB FINANCIAL GROUP,Corporates,Fixed Income,"281,126.53",0.09,"281,126.53","280,000.00",78486QAH4,US78486QAH48,-,100.13,United States,-,USD,5.88,2.08,1.0,"May 15, 2028",2.1,5.92,-,2.08,5.78,2.08,USD,"May 13, 2021","May 13, 2021"
AMER AIRLINE 16-2 AA PTT,Corporates,Fixed Income,"268,549.57",0.09,"268,549.57","267,575.00",023765AA8,US023765AA88,BYQ7ZH4,100.22,United States,-,USD,4.83,3.15,1.0,"Jun 15, 2028",3.2,4.8,-,3.15,4.8,3.15,USD,"May 16, 2016","May 16, 2016"
CHRISTUS HEALTH,Corporates,Fixed Income,"264,489.65",0.08,"264,489.65","230,000.00",17108JAA1,US17108JAA16,-,112.83,United States,-,USD,5.49,2.21,1.0,"Jul 01, 2028",4.34,5.62,-,2.14,5.42,2.14,USD,"Oct 30, 2018","Oct 30, 2018"
KEYBANK NA/CLEVELAND OH MTN,Corporates,Fixed Income,"258,953.67",0.08,"258,953.67","200,000.00",49306CAB7,US49306CAB72,2540344,126.58,United States,-,USD,5.04,2.25,1.0,"Feb 01, 2028",6.95,5.02,-,2.25,5.02,2.25,USD,"Feb 03, 1998","Feb 03, 1998"
AMERICAN HONDA FINANCE CORPORATION MTN,Corporates,Fixed Income,"255,203.97",0.08,"255,203.97","251,000.00",02665WDW8,US02665WDW82,-,101.14,United States,-,USD,5.82,1.81,1.0,"Mar 24, 2028",2.0,5.81,-,1.81,5.81,1.81,USD,"Mar 24, 2021","Mar 24, 2021"
PUBLIC STORAGE,Corporates,Fixed Income,"250,508.33",0.08,"250,508.33","250,000.00",74460WAD9,US74460WAD92,-,99.89,United States,-,USD,5.89,1.87,1.0,"May 01, 2028",1.85,5.93,-,1.87,5.93,1.87,USD,"Apr 23, 2021","Apr 23, 2021"
BLK CSH FND TREASURY SL AGENCY,Cash and/or Derivatives,Money Market,"239,999.99",0.08,"239,999.99","240,000.00",066922477,US0669224778,6922477,1.0,United States,-,USD,0.07,0.07,1.0,-,0.1,0.1,-,0.07,0.1,0.07,USD,-,"Feb 04, 2009"
AXA EQUITABLE HOLDINGS INC,Corporates,Fixed Income,"230,176.80",0.07,"230,176.80","180,000.00",29444GAJ6,US29444GAJ67,2233837,126.13,France,-,USD,5.2,2.46,1.0,"Apr 01, 2028",7.0,5.17,-,2.46,5.17,2.46,USD,"Apr 06, 1998","Apr 06, 1998"
DTE ELECTRIC COMPANY,Corporates,Fixed Income,"225,839.54",0.07,"225,839.54","226,000.00",23338VAN6,US23338VAN64,-,99.45,United States,-,USD,5.81,1.99,1.0,"Apr 01, 2028",1.9,5.84,-,1.99,5.84,1.99,USD,"Mar 29, 2021","Mar 29, 2021"
TOYOTA MOTOR CREDIT CORP MTN,Corporates,Fixed Income,"224,138.87",0.07,"224,138.87","206,000.00",89236TEM3,US89236TEM36,BF5RD45,107.36,United States,-,USD,5.46,1.76,1.0,"Jan 11, 2028",3.05,5.45,-,1.76,5.45,1.76,USD,"Jan 11, 2018","Jan 11, 2018"
BAIDU INC,Corporates,Fixed Income,"218,425.16",0.07,"218,425.16","195,000.00",056752AL2,US056752AL23,BFN93R6,110.91,China,-,USD,5.34,2.48,1.0,"Mar 29, 2028",4.38,5.46,-,2.41,5.26,2.41,USD,"Mar 29, 2018","Mar 29, 2018"
PUBLIC SERVICE ELECTRIC AND GAS CO MTN,Corporates,Fixed Income,"211,376.27",0.07,"211,376.27","190,000.00",74456QBU9,US74456QBU94,BF4NQT0,110.63,United States,-,USD,5.52,1.91,1.0,"May 01, 2028",3.7,5.66,-,1.84,5.46,1.84,USD,"May 04, 2018","May 04, 2018"
GATX CORPORATION,Corporates,Fixed Income,"211,055.43",0.07,"211,055.43","195,000.00",361448BA0,US361448BA03,BYWRSW4,107.2,United States,-,USD,5.43,2.25,1.0,"Mar 15, 2028",3.5,5.54,-,2.2,5.34,2.2,USD,"Nov 02, 2017","Nov 02, 2017"
DXC TECHNOLOGY CO,Corporates,Fixed Income,"207,494.47",0.07,"207,494.47","210,000.00",23355LAM8,US23355LAM81,-,98.07,United States,-,USD,6.1,2.69,1.0,"Sep 15, 2028",2.38,6.1,-,2.69,6.1,2.69,USD,"Sep 09, 2021","Sep 09, 2021"
HUNTINGTON INGALLS INDUSTRIES INC 144A,Corporates,Fixed Income,"202,482.86",0.07,"202,482.86","205,000.00",446413AX4,US446413AX49,-,98.01,United States,-,USD,6.09,2.37,1.0,"Aug 16, 2028",2.04,6.1,-,2.37,6.1,2.37,USD,"Aug 16, 2021","Aug 16, 2021"
ENTERGY ARKANSAS INC,Corporates,Fixed Income,"200,815.80",0.06,"200,815.80","180,000.00",29364DAV2,US29364DAV29,BYX3337,111.23,United States,-,USD,5.56,2.12,1.0,"Jun 01, 2028",4.0,5.69,-,2.05,5.49,2.05,USD,"May 11, 2018","May 11, 2018"
AEP TEXAS INC,Corporates,Fixed Income,"196,344.98",0.06,"196,344.98","178,000.00",00108WAH3,US00108WAH34,BHNG070,109.98,United States,-,USD,5.57,2.27,1.0,"Jun 01, 2028",3.95,5.69,-,2.21,5.49,2.21,USD,"Dec 01, 2018","Jan 17, 2019"
AMERICAN AIRLINES 2016-1 CLASS AA,Corporates,Fixed Income,"196,222.95",0.06,"196,222.95","190,468.00",02376UAA3,US02376UAA34,BYW8L62,101.37,United States,-,USD,4.33,3.26,1.0,"Jul 15, 2029",3.58,4.29,-,3.26,4.29,3.26,USD,"Jan 19, 2016","Jan 19, 2016"
UNITED AIRLINES INC,Corporates,Fixed Income,"193,099.71",0.06,"193,099.71","189,253.00",90932EAA1,US90932EAA10,BDGJPN9,101.36,United States,-,USD,4.94,2.6,1.0,"Apr 07, 2030",2.88,4.92,-,2.6,4.92,2.6,USD,"Sep 27, 2016","Sep 27, 2016"
AGREE LP,Corporates,Fixed Income,"191,955.83",0.06,"191,955.83","195,000.00",008513AB9,US008513AB91,-,98.35,United States,-,USD,5.99,2.28,1.0,"Jun 15, 2028",2.0,6.01,-,2.28,6.01,2.28,USD,"May 14, 2021","May 14, 2021"
UNITED AIRLINES INC,Corporates,Fixed Income,"180,451.77",0.06,"180,451.77","173,566.00",90931LAA6,US90931LAA61,BDB7FT4,102.47,United States,-,USD,4.52,2.56,1.0,"Jan 07, 2030",3.1,4.51,-,2.56,4.51,2.56,USD,"Jun 13, 2016","Jun 13, 2016"
SPIRIT AIRLINES CLASS A PASS THROU,Corporates,Fixed Income,"179,478.29",0.06,"179,478.29","171,549.00",84858DAA6,US84858DAA63,BYZWGT9,103.6,United States,-,USD,4.31,3.28,1.0,"Oct 01, 2029",4.1,4.28,-,3.28,4.28,3.28,USD,"Aug 11, 2015","Aug 11, 2015"
DELTA AIR LINES 2020-1 CLASS AA PA,Corporates,Fixed Income,"178,780.46",0.06,"178,780.46","182,062.00",247361ZV3,US247361ZV38,-,98.08,United States,-,USD,4.59,2.42,1.0,"Dec 10, 2029",2.0,4.57,-,2.42,4.57,2.42,USD,"Mar 12, 2020","Mar 12, 2020"
HORMEL FOODS CORPORATION,Corporates,Fixed Income,"174,813.14",0.06,"174,813.14","175,000.00",440452AH3,US440452AH36,-,99.76,United States,-,USD,6.01,1.74,1.0,"Jun 03, 2028",1.7,6.05,-,1.74,6.05,1.74,USD,"Jun 03, 2021","Jun 03, 2021"
WALMART INC,Corporates,Fixed Income,"168,365.08",0.05,"168,365.08","150,000.00",931142EE9,US931142EE96,BFYK679,112.19,United States,-,USD,5.67,1.71,1.0,"Jun 26, 2028",3.7,5.82,-,1.64,5.62,1.64,USD,"Jun 27, 2018","Jun 27, 2018"
ABB FINANCE USA INC,Corporates,Fixed Income,"157,926.84",0.05,"157,926.84","140,000.00",00037BAF9,US00037BAF94,-,111.88,Switzerland,-,USD,5.43,1.78,1.0,"Apr 03, 2028",3.8,5.57,-,1.71,5.37,1.71,USD,"Apr 03, 2018","Apr 03, 2018"
MERCK SHARP & DOHME CORP,Corporates,Fixed Income,"153,422.12",0.05,"153,422.12","122,000.00",589331AE7,US589331AE71,2317173,125.26,United States,-,USD,5.84,2.02,1.0,"Dec 01, 2028",5.95,5.83,-,2.02,5.83,2.02,USD,"Nov 30, 1998","Nov 30, 1998"
BANK OF NEW YORK MELLON/THE MTN,Corporates,Fixed Income,"145,007.85",0.05,"145,007.85","145,000.00",06406RAU1,US06406RAU14,-,99.24,United States,-,USD,6.08,1.77,1.0,"Jul 14, 2028",1.65,6.12,-,1.77,6.12,1.77,USD,"Apr 26, 2021","Apr 26, 2021"
EQUINIX INC,Corporates,Fixed Income,"137,840.58",0.04,"137,840.58","140,000.00",29444UBR6,US29444UBR68,-,98.2,United States,-,USD,5.91,2.3,1.0,"May 15, 2028",2.0,5.93,-,2.3,5.93,2.3,USD,"May 17, 2021","May 17, 2021"
AMERICAN AIRLINES 2016-3 PASS THRO,Corporates,Fixed Income,"135,709.69",0.04,"135,709.69","135,070.00",023771R91,US023771R919,BD7XTW7,99.84,United States,-,USD,4.83,3.03,1.0,"Oct 15, 2028",3.0,4.8,-,3.03,4.8,3.03,USD,"Oct 03, 2016","Oct 03, 2016"
UNITED UTILITIES PLC,Corporates,Fixed Income,"111,319.59",0.04,"111,319.59","85,000.00",91311QAC9,US91311QAC96,0385150,128.37,United Kingdom,-,USD,5.44,2.24,1.0,"Aug 15, 2028",6.88,5.42,-,2.24,5.42,2.24,USD,"Jul 28, 1998","Jul 28, 1998"
ALLY FINANCIAL INC,Corporates,Fixed Income,"89,808.80",0.03,"89,808.80","90,000.00",02005NBP4,US02005NBP42,-,99.43,United States,-,USD,6.26,2.29,1.0,"Nov 02, 2028",2.2,6.29,-,2.29,6.29,2.29,USD,"Nov 02, 2021","Nov 02, 2021"
WISCONSIN ELECTRIC POWER COMPANY,Corporates,Fixed Income,"73,743.42",0.02,"73,743.42","75,000.00",976656CM8,US976656CM83,-,98.25,United States,-,USD,6.04,1.99,1.0,"Jun 15, 2028",1.7,6.07,-,1.99,6.07,1.99,USD,"Jun 15, 2021","Jun 15, 2021"
AVALONBAY COMMUNITIES INC,Corporates,Fixed Income,"59,677.17",0.02,"59,677.17","60,000.00",053484AC5,US053484AC59,-,99.23,United States,-,USD,6.4,2.02,1.0,"Dec 01, 2028",1.9,6.43,-,2.02,6.43,2.02,USD,"Nov 18, 2021","Nov 18, 2021"
CDW LLC,Corporates,Fixed Income,"51,425.00",0.02,"51,425.00","50,000.00",12513GBH1,US12513GBH11,-,102.58,United States,-,USD,6.13,2.86,1.0,"Dec 01, 2028",3.28,6.15,-,2.85,6.02,2.85,USD,"Dec 01, 2021","Dec 01, 2021"
MERCK & CO INC,Corporates,Fixed Income,"50,322.42",0.02,"50,322.42","50,000.00",58933YBD6,US58933YBD67,-,100.53,United States,-,USD,6.42,1.82,1.0,"Dec 10, 2028",1.9,6.47,-,1.82,6.32,1.82,USD,"Dec 10, 2021","Dec 10, 2021"
KYNDRYL HOLDINGS INC 144A,Corporates,Fixed Income,"39,000.80",0.01,"39,000.80","40,000.00",50155QAC4,US50155QAC42,-,96.93,United States,-,USD,6.12,3.21,1.0,"Oct 15, 2028",2.7,6.1,-,3.21,6.1,3.21,USD,"Oct 15, 2021","Oct 15, 2021"
SUN COMMUNITIES OPERATING LP,Corporates,Fixed Income,"29,988.73",0.01,"29,988.73","30,000.00",866677AF4,US866677AF41,-,99.41,United States,-,USD,6.23,2.39,1.0,"Nov 01, 2028",2.3,6.25,-,2.39,6.25,2.39,USD,"Oct 05, 2021","Oct 05, 2021"
USD CASH,Cash and/or Derivatives,Cash,"-12,267.33",0.0,"-12,267.33","-12,267.00",-,-,-,100.0,United States,-,USD,0.0,0.1,1.0,-,0.0,0.0,-,0.1,0.0,0.1,USD,-,"Jan 01, 1989"
